[INFO] Scanning for projects...
[INFO] 
[INFO] -----------------< org.openelisglobal:openelisglobal >------------------
[INFO] Building openelisglobal 3.3.0-SNAPSHOT
[INFO]   from pom.xml
[INFO] --------------------------------[ war ]---------------------------------
[INFO] 
[INFO] --- jacoco:0.8.12:prepare-agent (prepare-agent) @ openelisglobal ---
[INFO] argLine set to -javaagent:/Users/pmanko/.m2/repository/org/jacoco/org.jacoco.agent/0.8.12/org.jacoco.agent-0.8.12-runtime.jar=destfile=/Users/pmanko/.windsurf/worktrees/OpenELIS-Global-2/OpenELIS-Global-2-polished-shannon/.worktrees/amr-v2-routing/target/jacoco.exec,excludes=**/*.jar:naughty-dependency/**/*.class:**/config/**/*Config.class:**/liquibase/**:**/generated/**
[INFO] 
[INFO] --- resources:3.4.0:resources (default-resources) @ openelisglobal ---
[INFO] Copying 1 resource from src/main/filtered-resources to target/classes
[INFO] Copying 1036 resources from src/main/resources to target/classes
[INFO] The encoding used to copy filtered properties files has not been set. This means that the same encoding will be used to copy filtered properties files as when copying other filtered resources. This might not be what you want! Run your build with --debug to see which files might be affected. Read more at https://maven.apache.org/plugins/maven-resources-plugin/examples/filtering-properties-files.html
[INFO] 
[INFO] --- compiler:3.13.0:compile (default-compile) @ openelisglobal ---
[INFO] Recompiling the module because of changed source code.
[INFO] Compiling 3777 source files with javac [debug parameters release 21] to target/classes
[INFO] Annotation processing is enabled because one or more processors were found
  on the class path. A future release of javac may disable annotation processing
  unless at least one processor is specified by name (-processor), or a search
  path is specified (--processor-path, --processor-module-path), or annotation
  processing is enabled explicitly (-proc:only, -proc:full).
  Use -Xlint:-options to suppress this message.
  Use -proc:none to disable annotation processing.
[WARNING] /Users/pmanko/.windsurf/worktrees/OpenELIS-Global-2/OpenELIS-Global-2-polished-shannon/.worktrees/amr-v2-routing/src/main/java/org/openelisglobal/common/util/StringUtil.java:[687,20] Double(java.lang.String) in java.lang.Double has been deprecated and marked for removal
[WARNING] /Users/pmanko/.windsurf/worktrees/OpenELIS-Global-2/OpenELIS-Global-2-polished-shannon/.worktrees/amr-v2-routing/src/main/java/org/openelisglobal/microbiology/service/MicroBreakpointImportServiceImpl.java:[129,67] non-varargs call of varargs method with inexact argument type for last parameter;
  cast to java.lang.Object for a varargs call
  cast to java.lang.Object[] for a non-varargs call and to suppress this warning
[WARNING] /Users/pmanko/.windsurf/worktrees/OpenELIS-Global-2/OpenELIS-Global-2-polished-shannon/.worktrees/amr-v2-routing/src/main/java/org/openelisglobal/microbiology/service/MicroBreakpointImportServiceImpl.java:[154,63] non-varargs call of varargs method with inexact argument type for last parameter;
  cast to java.lang.Object for a varargs call
  cast to java.lang.Object[] for a non-varargs call and to suppress this warning
[WARNING] /Users/pmanko/.windsurf/worktrees/OpenELIS-Global-2/OpenELIS-Global-2-polished-shannon/.worktrees/amr-v2-routing/src/main/java/org/openelisglobal/panel/valueholder/PanelSortOrderComparator.java:[33,67] Integer(int) in java.lang.Integer has been deprecated and marked for removal
[WARNING] /Users/pmanko/.windsurf/worktrees/OpenELIS-Global-2/OpenELIS-Global-2-polished-shannon/.worktrees/amr-v2-routing/src/main/java/org/openelisglobal/panel/valueholder/PanelSortOrderComparator.java:[33,21] Integer(int) in java.lang.Integer has been deprecated and marked for removal
[WARNING] /Users/pmanko/.windsurf/worktrees/OpenELIS-Global-2/OpenELIS-Global-2-polished-shannon/.worktrees/amr-v2-routing/src/main/java/org/openelisglobal/security/SecurityConfig.java:[150,40] frameOptions() in org.springframework.security.config.annotation.web.configurers.HeadersConfigurer has been deprecated and marked for removal
[WARNING] /Users/pmanko/.windsurf/worktrees/OpenELIS-Global-2/OpenELIS-Global-2-polished-shannon/.worktrees/amr-v2-routing/src/main/java/org/openelisglobal/security/SecurityConfig.java:[150,68] contentSecurityPolicy(java.lang.String) in org.springframework.security.config.annotation.web.configurers.HeadersConfigurer has been deprecated and marked for removal
[WARNING] /Users/pmanko/.windsurf/worktrees/OpenELIS-Global-2/OpenELIS-Global-2-polished-shannon/.worktrees/amr-v2-routing/src/main/java/org/openelisglobal/security/SecurityConfig.java:[186,44] frameOptions() in org.springframework.security.config.annotation.web.configurers.HeadersConfigurer has been deprecated and marked for removal
[WARNING] /Users/pmanko/.windsurf/worktrees/OpenELIS-Global-2/OpenELIS-Global-2-polished-shannon/.worktrees/amr-v2-routing/src/main/java/org/openelisglobal/security/SecurityConfig.java:[186,72] contentSecurityPolicy(java.lang.String) in org.springframework.security.config.annotation.web.configurers.HeadersConfigurer has been deprecated and marked for removal
[WARNING] /Users/pmanko/.windsurf/worktrees/OpenELIS-Global-2/OpenELIS-Global-2-polished-shannon/.worktrees/amr-v2-routing/src/main/java/org/openelisglobal/security/SecurityConfig.java:[209,44] frameOptions() in org.springframework.security.config.annotation.web.configurers.HeadersConfigurer has been deprecated and marked for removal
[WARNING] /Users/pmanko/.windsurf/worktrees/OpenELIS-Global-2/OpenELIS-Global-2-polished-shannon/.worktrees/amr-v2-routing/src/main/java/org/openelisglobal/security/SecurityConfig.java:[209,72] contentSecurityPolicy(java.lang.String) in org.springframework.security.config.annotation.web.configurers.HeadersConfigurer has been deprecated and marked for removal
[WARNING] /Users/pmanko/.windsurf/worktrees/OpenELIS-Global-2/OpenELIS-Global-2-polished-shannon/.worktrees/amr-v2-routing/src/main/java/org/openelisglobal/security/SecurityConfig.java:[264,21] assertingPartyDetails(java.util.function.Consumer<org.springframework.security.saml2.provider.service.registration.RelyingPartyRegistration.AssertingPartyDetails.Builder>) in org.springframework.security.saml2.provider.service.registration.RelyingPartyRegistration.Builder has been deprecated and marked for removal
[WARNING] /Users/pmanko/.windsurf/worktrees/OpenELIS-Global-2/OpenELIS-Global-2-polished-shannon/.worktrees/amr-v2-routing/src/main/java/org/openelisglobal/security/SecurityConfig.java:[394,44] frameOptions() in org.springframework.security.config.annotation.web.configurers.HeadersConfigurer has been deprecated and marked for removal
[WARNING] /Users/pmanko/.windsurf/worktrees/OpenELIS-Global-2/OpenELIS-Global-2-polished-shannon/.worktrees/amr-v2-routing/src/main/java/org/openelisglobal/security/SecurityConfig.java:[394,72] contentSecurityPolicy(java.lang.String) in org.springframework.security.config.annotation.web.configurers.HeadersConfigurer has been deprecated and marked for removal
[WARNING] /Users/pmanko/.windsurf/worktrees/OpenELIS-Global-2/OpenELIS-Global-2-polished-shannon/.worktrees/amr-v2-routing/src/main/java/org/openelisglobal/security/SecurityConfig.java:[435,85] csrf() in org.springframework.security.config.annotation.web.builders.HttpSecurity has been deprecated and marked for removal
[WARNING] /Users/pmanko/.windsurf/worktrees/OpenELIS-Global-2/OpenELIS-Global-2-polished-shannon/.worktrees/amr-v2-routing/src/main/java/org/openelisglobal/security/SecurityConfig.java:[484,44] frameOptions() in org.springframework.security.config.annotation.web.configurers.HeadersConfigurer has been deprecated and marked for removal
[WARNING] /Users/pmanko/.windsurf/worktrees/OpenELIS-Global-2/OpenELIS-Global-2-polished-shannon/.worktrees/amr-v2-routing/src/main/java/org/openelisglobal/security/SecurityConfig.java:[484,72] contentSecurityPolicy(java.lang.String) in org.springframework.security.config.annotation.web.configurers.HeadersConfigurer has been deprecated and marked for removal
[WARNING] /Users/pmanko/.windsurf/worktrees/OpenELIS-Global-2/OpenELIS-Global-2-polished-shannon/.worktrees/amr-v2-routing/src/main/java/org/openelisglobal/sitebranding/service/SiteBrandingService.java:[41,13] deprecated item is not annotated with @Deprecated
[INFO] /Users/pmanko/.windsurf/worktrees/OpenELIS-Global-2/OpenELIS-Global-2-polished-shannon/.worktrees/amr-v2-routing/src/main/java/org/openelisglobal/common/daoimpl/BaseDAOImpl.java: Some input files use or override a deprecated API.
[INFO] /Users/pmanko/.windsurf/worktrees/OpenELIS-Global-2/OpenELIS-Global-2-polished-shannon/.worktrees/amr-v2-routing/src/main/java/org/openelisglobal/common/daoimpl/BaseDAOImpl.java: Recompile with -Xlint:deprecation for details.
[INFO] /Users/pmanko/.windsurf/worktrees/OpenELIS-Global-2/OpenELIS-Global-2-polished-shannon/.worktrees/amr-v2-routing/src/main/java/org/openelisglobal/person/valueholder/Person.java: Some input files use unchecked or unsafe operations.
[INFO] /Users/pmanko/.windsurf/worktrees/OpenELIS-Global-2/OpenELIS-Global-2-polished-shannon/.worktrees/amr-v2-routing/src/main/java/org/openelisglobal/person/valueholder/Person.java: Recompile with -Xlint:unchecked for details.
[INFO] 
[INFO] --- resources:3.4.0:testResources (default-testResources) @ openelisglobal ---
[INFO] Copying 333 resources from src/test/resources to target/test-classes
[INFO] 
[INFO] --- compiler:3.13.0:testCompile (default-testCompile) @ openelisglobal ---
[INFO] Recompiling the module because of changed dependency.
[INFO] Compiling 995 source files with javac [debug parameters release 21] to target/test-classes
[INFO] Annotation processing is enabled because one or more processors were found
  on the class path. A future release of javac may disable annotation processing
  unless at least one processor is specified by name (-processor), or a search
  path is specified (--processor-path, --processor-module-path), or annotation
  processing is enabled explicitly (-proc:only, -proc:full).
  Use -Xlint:-options to suppress this message.
  Use -proc:none to disable annotation processing.
[WARNING] /Users/pmanko/.windsurf/worktrees/OpenELIS-Global-2/OpenELIS-Global-2-polished-shannon/.worktrees/amr-v2-routing/src/test/java/org/openelisglobal/common/services/historyservices/PatientHistoryServiceTest.java:[13,16] sun.misc.Unsafe is internal proprietary API and may be removed in a future release
[WARNING] /Users/pmanko/.windsurf/worktrees/OpenELIS-Global-2/OpenELIS-Global-2-polished-shannon/.worktrees/amr-v2-routing/src/test/java/org/openelisglobal/common/services/historyservices/PatientHistoryServiceTest.java:[13,16] sun.misc.Unsafe is internal proprietary API and may be removed in a future release
[WARNING] /Users/pmanko/.windsurf/worktrees/OpenELIS-Global-2/OpenELIS-Global-2-polished-shannon/.worktrees/amr-v2-routing/src/test/java/org/openelisglobal/common/services/historyservices/PatientHistoryServiceTest.java:[13,16] sun.misc.Unsafe is internal proprietary API and may be removed in a future release
[WARNING] /Users/pmanko/.windsurf/worktrees/OpenELIS-Global-2/OpenELIS-Global-2-polished-shannon/.worktrees/amr-v2-routing/src/test/java/org/openelisglobal/common/services/historyservices/PatientHistoryServiceTest.java:[13,16] sun.misc.Unsafe is internal proprietary API and may be removed in a future release
[WARNING] /Users/pmanko/.windsurf/worktrees/OpenELIS-Global-2/OpenELIS-Global-2-polished-shannon/.worktrees/amr-v2-routing/src/test/java/org/openelisglobal/common/services/historyservices/PatientHistoryServiceTest.java:[13,16] sun.misc.Unsafe is internal proprietary API and may be removed in a future release
[WARNING] /Users/pmanko/.windsurf/worktrees/OpenELIS-Global-2/OpenELIS-Global-2-polished-shannon/.worktrees/amr-v2-routing/src/test/java/org/openelisglobal/common/services/historyservices/PatientHistoryServiceTest.java:[29,19] sun.misc.Unsafe is internal proprietary API and may be removed in a future release
[WARNING] /Users/pmanko/.windsurf/worktrees/OpenELIS-Global-2/OpenELIS-Global-2-polished-shannon/.worktrees/amr-v2-routing/src/test/java/org/openelisglobal/common/services/historyservices/PatientHistoryServiceTest.java:[31,9] sun.misc.Unsafe is internal proprietary API and may be removed in a future release
[WARNING] /Users/pmanko/.windsurf/worktrees/OpenELIS-Global-2/OpenELIS-Global-2-polished-shannon/.worktrees/amr-v2-routing/src/test/java/org/openelisglobal/common/services/historyservices/PatientHistoryServiceTest.java:[31,21] sun.misc.Unsafe is internal proprietary API and may be removed in a future release
[WARNING] /Users/pmanko/.windsurf/worktrees/OpenELIS-Global-2/OpenELIS-Global-2-polished-shannon/.worktrees/amr-v2-routing/src/test/java/org/openelisglobal/referral/SubcontractAutoTransitionTest.java:[338,59] non-varargs call of varargs method with inexact argument type for last parameter;
  cast to java.lang.Object for a varargs call
  cast to java.lang.Object[] for a non-varargs call and to suppress this warning
[INFO] /Users/pmanko/.windsurf/worktrees/OpenELIS-Global-2/OpenELIS-Global-2-polished-shannon/.worktrees/amr-v2-routing/src/test/java/org/openelisglobal/FixtureTransactionIntegrationTest.java: Some input files use or override a deprecated API.
[INFO] /Users/pmanko/.windsurf/worktrees/OpenELIS-Global-2/OpenELIS-Global-2-polished-shannon/.worktrees/amr-v2-routing/src/test/java/org/openelisglobal/FixtureTransactionIntegrationTest.java: Recompile with -Xlint:deprecation for details.
[INFO] /Users/pmanko/.windsurf/worktrees/OpenELIS-Global-2/OpenELIS-Global-2-polished-shannon/.worktrees/amr-v2-routing/src/test/java/org/openelisglobal/analyzer/service/AnalyzerEventPersistenceServiceTest.java: Some input files use unchecked or unsafe operations.
[INFO] /Users/pmanko/.windsurf/worktrees/OpenELIS-Global-2/OpenELIS-Global-2-polished-shannon/.worktrees/amr-v2-routing/src/test/java/org/openelisglobal/analyzer/service/AnalyzerEventPersistenceServiceTest.java: Recompile with -Xlint:unchecked for details.
[INFO] 
[INFO] --- surefire:3.2.5:test (default-test) @ openelisglobal ---
[INFO] Using auto detected provider org.apache.maven.surefire.junit4.JUnit4Provider
[INFO] 
[INFO] -------------------------------------------------------
[INFO]  T E S T S
[INFO] -------------------------------------------------------
[INFO] Running org.openelisglobal.common.services.GeneratedSpecimenScopeTest
[INFO] Tests run: 9, Failures: 0, Errors: 0, Skipped: 0, Time elapsed: 0.476 s -- in org.openelisglobal.common.services.GeneratedSpecimenScopeTest
[INFO] Running org.openelisglobal.common.services.ReflexRuleActivationTest
[INFO] Tests run: 5, Failures: 0, Errors: 0, Skipped: 0, Time elapsed: 0.007 s -- in org.openelisglobal.common.services.ReflexRuleActivationTest
[INFO] Running org.openelisglobal.common.services.ReflexTriggerAndTargetScopeTest
[INFO] Tests run: 6, Failures: 0, Errors: 0, Skipped: 0, Time elapsed: 0.139 s -- in org.openelisglobal.common.services.ReflexTriggerAndTargetScopeTest
[INFO] Running org.openelisglobal.microbiology.MicroOrderRoutingIntegrationTest
Oct 08, 2026 8:55:01 AM liquibase.database
INFO: Set default schema name to clinlims
Oct 08, 2026 8:55:01 AM liquibase.lockservice
INFO: Successfully acquired change log lock
Oct 08, 2026 8:55:02 AM liquibase.changelog
INFO: Creating database history table with name: clinlims.databasechangelog
Oct 08, 2026 8:55:02 AM liquibase.changelog
INFO: Reading from clinlims.databasechangelog
Oct 08, 2026 8:55:02 AM liquibase.servicelocator
INFO: Cannot load service: liquibase.hub.HubService: Provider liquibase.hub.core.StandardHubService could not be instantiated
Running Changeset: liquibase/upgrade/000-resync-id-sequences.xml::upgrade-000-resync-id-sequences::mozzy11
Oct 08, 2026 8:55:02 AM liquibase.changelog
INFO: Custom SQL executed
Oct 08, 2026 8:55:02 AM liquibase.changelog
INFO: ChangeSet liquibase/upgrade/000-resync-id-sequences.xml::upgrade-000-resync-id-sequences::mozzy11 ran successfully in 58ms
Running Changeset: liquibase/2.0.x.x/convert_id_types.xml::1::caleb
Oct 08, 2026 8:55:02 AM liquibase.changelog
INFO: login_user.id datatype was changed to INTEGER
Oct 08, 2026 8:55:02 AM liquibase.changelog
INFO: Primary key dropped from login_user
Oct 08, 2026 8:55:02 AM liquibase.changelog
INFO: Primary key added to login_user (id)
Oct 08, 2026 8:55:02 AM liquibase.changelog
INFO: Columns last_updated(TIMESTAMP WITH TIME ZONE) added to login_user
Oct 08, 2026 8:55:02 AM liquibase.changelog
INFO: ChangeSet liquibase/2.0.x.x/convert_id_types.xml::1::caleb ran successfully in 6ms
Running Changeset: liquibase/2.0.x.x/convert_id_types.xml::2::caleb
Oct 08, 2026 8:55:02 AM liquibase.changelog
INFO: gender.id datatype was changed to INTEGER
Oct 08, 2026 8:55:02 AM liquibase.changelog
INFO: Column gender.lastupdated renamed to last_updated
Oct 08, 2026 8:55:02 AM liquibase.changelog
INFO: ChangeSet liquibase/2.0.x.x/convert_id_types.xml::2::caleb ran successfully in 2ms
Running Changeset: liquibase/2.0.x.x/validation_site_information.xml::1::caleb
Oct 08, 2026 8:55:02 AM liquibase.changelog
INFO: NOT NULL constraint has been added to site_information.lastupdated
Oct 08, 2026 8:55:02 AM liquibase.changelog
INFO: ChangeSet liquibase/2.0.x.x/validation_site_information.xml::1::caleb ran successfully in 2ms
Running Changeset: liquibase/2.0.x.x/fhir_data_export.xml::1::caleb
Oct 08, 2026 8:55:02 AM liquibase.changelog
INFO: Table data_export_task created
Oct 08, 2026 8:55:02 AM liquibase.changelog
INFO: Table data_export_fhir_resources created
Oct 08, 2026 8:55:02 AM liquibase.changelog
INFO: Table data_export_headers created
Oct 08, 2026 8:55:02 AM liquibase.changelog
INFO: Table data_export_attempt created
Oct 08, 2026 8:55:02 AM liquibase.changelog
INFO: ChangeSet liquibase/2.0.x.x/fhir_data_export.xml::1::caleb ran successfully in 5ms
Running Changeset: liquibase/2.0.x.x/default_test.xml::1::caleb
Oct 08, 2026 8:55:02 AM liquibase.changelog
INFO: Columns default_test_result_id(numeric(10)) added to test
Oct 08, 2026 8:55:02 AM liquibase.changelog
INFO: ChangeSet liquibase/2.0.x.x/default_test.xml::1::caleb ran successfully in 1ms
Running Changeset: liquibase/2.0.x.x/patient_contact.xml::1::csteele
Oct 08, 2026 8:55:02 AM liquibase.changelog
INFO: New row inserted into reference_tables
Oct 08, 2026 8:55:02 AM liquibase.changelog
INFO: ChangeSet liquibase/2.0.x.x/patient_contact.xml::1::csteele ran successfully in 1ms
Running Changeset: liquibase/2.0.x.x/patient_contact.xml::2::csteele
Oct 08, 2026 8:55:03 AM liquibase.changelog
INFO: Table patient_contact created
Oct 08, 2026 8:55:03 AM liquibase.changelog
INFO: Sequence patient_contact_seq created
Oct 08, 2026 8:55:03 AM liquibase.changelog
INFO: ChangeSet liquibase/2.0.x.x/patient_contact.xml::2::csteele ran successfully in 39ms
Running Changeset: liquibase/2.1.x.x/external_connections.xml::1::csteele
Oct 08, 2026 8:55:03 AM liquibase.changelog
INFO: Table external_connection created
Oct 08, 2026 8:55:03 AM liquibase.changelog
INFO: Sequence external_connection_seq created
Oct 08, 2026 8:55:03 AM liquibase.changelog
INFO: ChangeSet liquibase/2.1.x.x/external_connections.xml::1::csteele ran successfully in 18ms
Running Changeset: liquibase/2.1.x.x/external_connections.xml::2::csteele
Oct 08, 2026 8:55:03 AM liquibase.changelog
INFO: Table external_connection_contact created
Oct 08, 2026 8:55:03 AM liquibase.changelog
INFO: Sequence external_connection_contact_seq created
Oct 08, 2026 8:55:03 AM liquibase.changelog
INFO: ChangeSet liquibase/2.1.x.x/external_connections.xml::2::csteele ran successfully in 12ms
Running Changeset: liquibase/2.1.x.x/external_connections.xml::3::csteele
Oct 08, 2026 8:55:03 AM liquibase.changelog
INFO: Table certificate_authentication_data created
Oct 08, 2026 8:55:03 AM liquibase.changelog
INFO: Sequence external_connection_authentication_data_seq created
Oct 08, 2026 8:55:03 AM liquibase.changelog
INFO: ChangeSet liquibase/2.1.x.x/external_connections.xml::3::csteele ran successfully in 14ms
Running Changeset: liquibase/2.1.x.x/external_connections.xml::4::csteele
Oct 08, 2026 8:55:03 AM liquibase.changelog
INFO: Table basic_authentication_data created
Oct 08, 2026 8:55:03 AM liquibase.changelog
INFO: ChangeSet liquibase/2.1.x.x/external_connections.xml::4::csteele ran successfully in 12ms
Running Changeset: liquibase/2.1.x.x/external_connections.xml::5::csteele
Oct 08, 2026 8:55:03 AM liquibase.changelog
INFO: Unique constraint added to basic_authentication_data(external_connection_id)
Oct 08, 2026 8:55:03 AM liquibase.changelog
INFO: ChangeSet liquibase/2.1.x.x/external_connections.xml::5::csteele ran successfully in 2ms
Running Changeset: liquibase/2.1.x.x/lab_director_signature.xml::1::csteele
Oct 08, 2026 8:55:03 AM liquibase.changelog
INFO: New row inserted into site_information
Oct 08, 2026 8:55:03 AM liquibase.changelog
INFO: New row inserted into site_information
Oct 08, 2026 8:55:03 AM liquibase.changelog
INFO: New row inserted into site_information
Oct 08, 2026 8:55:03 AM liquibase.changelog
INFO: ChangeSet liquibase/2.1.x.x/lab_director_signature.xml::1::csteele ran successfully in 3ms
Running Changeset: liquibase/2.1.x.x/sample_nature.xml::1::csteele
Oct 08, 2026 8:55:03 AM liquibase.changelog
INFO: New row inserted into dictionary_category
Oct 08, 2026 8:55:03 AM liquibase.changelog
INFO: New row inserted into observation_history_type
Oct 08, 2026 8:55:03 AM liquibase.changelog
INFO: ChangeSet liquibase/2.1.x.x/sample_nature.xml::1::csteele ran successfully in 2ms
Running Changeset: liquibase/2.1.x.x/sample_nature.xml::2::csteele
Oct 08, 2026 8:55:03 AM liquibase.changelog
INFO: New row inserted into dictionary
Oct 08, 2026 8:55:03 AM liquibase.changelog
INFO: New row inserted into dictionary
Oct 08, 2026 8:55:03 AM liquibase.changelog
INFO: New row inserted into dictionary
Oct 08, 2026 8:55:03 AM liquibase.changelog
INFO: ChangeSet liquibase/2.1.x.x/sample_nature.xml::2::csteele ran successfully in 5ms
Running Changeset: liquibase/2.1.x.x/client_notifications.xml::1::csteele
Oct 08, 2026 8:55:03 AM liquibase.changelog
INFO: Columns notify_results(BOOLEAN) added to test
Oct 08, 2026 8:55:03 AM liquibase.changelog
INFO: ChangeSet liquibase/2.1.x.x/client_notifications.xml::1::csteele ran successfully in 2ms
Running Changeset: liquibase/2.1.x.x/client_notifications.xml::2::csteele
Oct 08, 2026 8:55:03 AM liquibase.changelog
INFO: Table client_results_view created
Oct 08, 2026 8:55:03 AM liquibase.changelog
INFO: Sequence client_results_view_seq created
Oct 08, 2026 8:55:03 AM liquibase.changelog
INFO: ChangeSet liquibase/2.1.x.x/client_notifications.xml::2::csteele ran successfully in 14ms
Running Changeset: liquibase/2.1.x.x/client_notifications.xml::3::csteele
Oct 08, 2026 8:55:03 AM liquibase.changelog
INFO: Table notification_payload_template created
Oct 08, 2026 8:55:03 AM liquibase.changelog
INFO: Sequence notification_payload_template_seq created
Oct 08, 2026 8:55:03 AM liquibase.changelog
INFO: ChangeSet liquibase/2.1.x.x/client_notifications.xml::3::csteele ran successfully in 14ms
Running Changeset: liquibase/2.1.x.x/client_notifications.xml::4::csteele
Oct 08, 2026 8:55:03 AM liquibase.changelog
INFO: Table ozekimessageout created
Oct 08, 2026 8:55:03 AM liquibase.changelog
INFO: Index idx_ozekimessageout_id created
Oct 08, 2026 8:55:03 AM liquibase.changelog
INFO: ChangeSet liquibase/2.1.x.x/client_notifications.xml::4::csteele ran successfully in 14ms
Running Changeset: liquibase/2.1.x.x/locator_form_integration.xml::1::csteele
Oct 08, 2026 8:55:03 AM liquibase.changelog
INFO: New row inserted into status_of_sample
Oct 08, 2026 8:55:03 AM liquibase.changelog
INFO: ChangeSet liquibase/2.1.x.x/locator_form_integration.xml::1::csteele ran successfully in 1ms
Running Changeset: liquibase/2.1.x.x/user_manual_translation.xml::1::csteele
Oct 08, 2026 8:55:03 AM liquibase.changelog
INFO: Data updated in menu
Oct 08, 2026 8:55:03 AM liquibase.changelog
INFO: ChangeSet liquibase/2.1.x.x/user_manual_translation.xml::1::csteele ran successfully in 2ms
Running Changeset: liquibase/2.1.x.x/admin_menu_clean.xml::1::csteele
Oct 08, 2026 8:55:03 AM liquibase.changelog
INFO: Data deleted from menu
Oct 08, 2026 8:55:03 AM liquibase.changelog
INFO: ChangeSet liquibase/2.1.x.x/admin_menu_clean.xml::1::csteele ran successfully in 1ms
Running Changeset: liquibase/2.1.x.x/patient_status_report_menu.xml::1::rossumg
Oct 08, 2026 8:55:03 AM liquibase.changelog
INFO: Data deleted from menu
Oct 08, 2026 8:55:03 AM liquibase.changelog
INFO: ChangeSet liquibase/2.1.x.x/patient_status_report_menu.xml::1::rossumg ran successfully in 1ms
Running Changeset: liquibase/2.1.x.x/patient_status_report_menu.xml::2::ctsteele
Oct 08, 2026 8:55:03 AM liquibase.changelog
INFO: Data updated in menu
Oct 08, 2026 8:55:03 AM liquibase.changelog
INFO: ChangeSet liquibase/2.1.x.x/patient_status_report_menu.xml::2::ctsteele ran successfully in 1ms
Running Changeset: liquibase/2.1.x.x/sample_batch_entry_module_permission.xml::1::csteele
Oct 08, 2026 8:55:03 AM liquibase.changelog
INFO: New row inserted into system_module_url
Oct 08, 2026 8:55:03 AM liquibase.changelog
INFO: ChangeSet liquibase/2.1.x.x/sample_batch_entry_module_permission.xml::1::csteele ran successfully in 1ms
Running Changeset: liquibase/2.1.x.x/barcode_label_info_alter.xml::1::rossumg
Oct 08, 2026 8:55:03 AM liquibase.changelog
INFO: barcode_label_info.code datatype was changed to CHARACTER VARYING(25)
Oct 08, 2026 8:55:03 AM liquibase.changelog
INFO: ChangeSet liquibase/2.1.x.x/barcode_label_info_alter.xml::1::rossumg ran successfully in 1ms
Running Changeset: liquibase/2.2.x.x/email_sms_expansion.xml::1::csteele
Oct 08, 2026 8:55:03 AM liquibase.changelog
INFO: Sequence notification_config_option_seq created
Oct 08, 2026 8:55:03 AM liquibase.changelog
INFO: Table notification_config_option created
Oct 08, 2026 8:55:03 AM liquibase.changelog
INFO: Sequence test_notification_config_seq created
Oct 08, 2026 8:55:03 AM liquibase.changelog
INFO: Table test_notification_config created
Oct 08, 2026 8:55:03 AM liquibase.changelog
INFO: Table test_notification_config_config_option created
Oct 08, 2026 8:55:03 AM liquibase.changelog
INFO: Sequence analysis_notification_config_seq created
Oct 08, 2026 8:55:03 AM liquibase.changelog
INFO: Table analysis_notification_config created
Oct 08, 2026 8:55:03 AM liquibase.changelog
INFO: Table analysis_notification_config_config_option created
Oct 08, 2026 8:55:03 AM liquibase.changelog
INFO: ChangeSet liquibase/2.2.x.x/email_sms_expansion.xml::1::csteele ran successfully in 21ms
Running Changeset: liquibase/2.2.x.x/email_sms_expansion.xml::2::csteele
Oct 08, 2026 8:55:03 AM liquibase.changelog
INFO: Unique constraint unique_notification_payload_template_type dropped from notification_payload_template
Oct 08, 2026 8:55:03 AM liquibase.changelog
INFO: ChangeSet liquibase/2.2.x.x/email_sms_expansion.xml::2::csteele ran successfully in 2ms
Running Changeset: liquibase/2.2.x.x/email_sms_expansion.xml::3::csteele
Oct 08, 2026 8:55:03 AM liquibase.changelog
INFO: Table additional_contacts created
Oct 08, 2026 8:55:03 AM liquibase.changelog
INFO: ChangeSet liquibase/2.2.x.x/email_sms_expansion.xml::3::csteele ran successfully in 2ms
Running Changeset: liquibase/2.3.x.x/contact_tracing_fields.xml::1::csteele
Oct 08, 2026 8:55:03 AM liquibase.changelog
INFO: Table sample_additional_fields created
Oct 08, 2026 8:55:03 AM liquibase.changelog
INFO: ChangeSet liquibase/2.3.x.x/contact_tracing_fields.xml::1::csteele ran successfully in 12ms
Running Changeset: liquibase/2.3.x.x/contact_tracing_fields.xml::2::csteele
Oct 08, 2026 8:55:03 AM liquibase.changelog
INFO: New row inserted into site_information
Oct 08, 2026 8:55:03 AM liquibase.changelog
INFO: ChangeSet liquibase/2.3.x.x/contact_tracing_fields.xml::2::csteele ran successfully in 2ms
Running Changeset: liquibase/2.3.x.x/minor_fixes.xml::1::csteele
Oct 08, 2026 8:55:03 AM liquibase.changelog
INFO: Data deleted from site_information
Oct 08, 2026 8:55:03 AM liquibase.changelog
INFO: ChangeSet liquibase/2.3.x.x/minor_fixes.xml::1::csteele ran successfully in 1ms
Running Changeset: liquibase/2.3.x.x/minor_fixes.xml::2::csteele
Oct 08, 2026 8:55:03 AM liquibase.changelog
INFO: Marking ChangeSet: liquibase/2.3.x.x/minor_fixes.xml::2::csteele ran despite precondition failure due to onFail='MARK_RAN': 
          liquibase/base-changelog.xml : Not precondition failed

Running Changeset: liquibase/2.3.x.x/minor_fixes.xml::3::csteele
Oct 08, 2026 8:55:03 AM liquibase.changelog
INFO: Data updated in result_limits
Oct 08, 2026 8:55:03 AM liquibase.changelog
INFO: Data updated in result_limits
Oct 08, 2026 8:55:03 AM liquibase.changelog
INFO: ChangeSet liquibase/2.3.x.x/minor_fixes.xml::3::csteele ran successfully in 3ms
Running Changeset: liquibase/2.3.x.x/user_url_permissions.xml::1::csteele
Oct 08, 2026 8:55:03 AM liquibase.changelog
INFO: New row inserted into system_module_url
Oct 08, 2026 8:55:03 AM liquibase.changelog
INFO: New row inserted into system_role_module
Oct 08, 2026 8:55:03 AM liquibase.changelog
INFO: ChangeSet liquibase/2.3.x.x/user_url_permissions.xml::1::csteele ran successfully in 2ms
Running Changeset: liquibase/2.3.x.x/user_url_permissions.xml::2::csteele
Oct 08, 2026 8:55:03 AM liquibase.changelog
INFO: New row inserted into system_module
Oct 08, 2026 8:55:03 AM liquibase.changelog
INFO: New row inserted into system_role_module
Oct 08, 2026 8:55:03 AM liquibase.changelog
INFO: New row inserted into system_module_url
Oct 08, 2026 8:55:03 AM liquibase.changelog
INFO: ChangeSet liquibase/2.3.x.x/user_url_permissions.xml::2::csteele ran successfully in 4ms
Running Changeset: liquibase/2.3.x.x/user_url_permissions.xml::3::csteele
Oct 08, 2026 8:55:03 AM liquibase.changelog
INFO: New row inserted into system_module
Oct 08, 2026 8:55:03 AM liquibase.changelog
INFO: New row inserted into system_role_module
Oct 08, 2026 8:55:03 AM liquibase.changelog
INFO: New row inserted into system_module_url
Oct 08, 2026 8:55:03 AM liquibase.changelog
INFO: ChangeSet liquibase/2.3.x.x/user_url_permissions.xml::3::csteele ran successfully in 3ms
Running Changeset: liquibase/2.3.x.x/user_url_permissions.xml::4::csteele
Oct 08, 2026 8:55:03 AM liquibase.changelog
INFO: New row inserted into system_module
Oct 08, 2026 8:55:03 AM liquibase.changelog
INFO: New row inserted into system_role_module
Oct 08, 2026 8:55:03 AM liquibase.changelog
INFO: New row inserted into system_module_url
Oct 08, 2026 8:55:03 AM liquibase.changelog
INFO: ChangeSet liquibase/2.3.x.x/user_url_permissions.xml::4::csteele ran successfully in 2ms
Running Changeset: liquibase/2.3.x.x/user_url_permissions.xml::5::csteele
Oct 08, 2026 8:55:03 AM liquibase.changelog
INFO: New row inserted into system_module
Oct 08, 2026 8:55:03 AM liquibase.changelog
INFO: New row inserted into system_role_module
Oct 08, 2026 8:55:03 AM liquibase.changelog
INFO: New row inserted into system_module_url
Oct 08, 2026 8:55:03 AM liquibase.changelog
INFO: New row inserted into system_module_url
Oct 08, 2026 8:55:03 AM liquibase.changelog
INFO: New row inserted into system_module_url
Oct 08, 2026 8:55:03 AM liquibase.changelog
INFO: ChangeSet liquibase/2.3.x.x/user_url_permissions.xml::5::csteele ran successfully in 4ms
Running Changeset: liquibase/2.3.x.x/user_url_permissions.xml::6::csteele
Oct 08, 2026 8:55:03 AM liquibase.changelog
INFO: New row inserted into system_module
Oct 08, 2026 8:55:03 AM liquibase.changelog
INFO: New row inserted into system_role_module
Oct 08, 2026 8:55:03 AM liquibase.changelog
INFO: New row inserted into system_module_url
Oct 08, 2026 8:55:03 AM liquibase.changelog
INFO: New row inserted into system_module_url
Oct 08, 2026 8:55:03 AM liquibase.changelog
INFO: ChangeSet liquibase/2.3.x.x/user_url_permissions.xml::6::csteele ran successfully in 4ms
Running Changeset: liquibase/2.3.x.x/user_url_permissions.xml::7::csteele
Oct 08, 2026 8:55:03 AM liquibase.changelog
INFO: New row inserted into system_module
Oct 08, 2026 8:55:03 AM liquibase.changelog
INFO: New row inserted into system_role_module
Oct 08, 2026 8:55:03 AM liquibase.changelog
INFO: New row inserted into system_module_url
Oct 08, 2026 8:55:03 AM liquibase.changelog
INFO: ChangeSet liquibase/2.3.x.x/user_url_permissions.xml::7::csteele ran successfully in 2ms
Running Changeset: liquibase/2.3.x.x/user_url_permissions.xml::8::csteele
Oct 08, 2026 8:55:03 AM liquibase.changelog
INFO: New row inserted into system_module
Oct 08, 2026 8:55:03 AM liquibase.changelog
INFO: New row inserted into system_role_module
Oct 08, 2026 8:55:03 AM liquibase.changelog
INFO: New row inserted into system_role_module
Oct 08, 2026 8:55:03 AM liquibase.changelog
INFO: New row inserted into system_module_param
Oct 08, 2026 8:55:03 AM liquibase.changelog
INFO: New row inserted into system_module_url
Oct 08, 2026 8:55:03 AM liquibase.changelog
INFO: New row inserted into system_module_url
Oct 08, 2026 8:55:03 AM liquibase.changelog
INFO: ChangeSet liquibase/2.3.x.x/user_url_permissions.xml::8::csteele ran successfully in 4ms
Running Changeset: liquibase/2.3.x.x/national_id_config.xml::1::csteele
Oct 08, 2026 8:55:03 AM liquibase.changelog
INFO: New row inserted into site_information
Oct 08, 2026 8:55:03 AM liquibase.changelog
INFO: New row inserted into site_information
Oct 08, 2026 8:55:03 AM liquibase.changelog
INFO: ChangeSet liquibase/2.3.x.x/national_id_config.xml::1::csteele ran successfully in 2ms
Running Changeset: liquibase/2.3.x.x/analyzer_experiment.xml::1::csteele
Oct 08, 2026 8:55:03 AM liquibase.changelog
INFO: Sequence analyzer_experiment_seq created
Oct 08, 2026 8:55:03 AM liquibase.changelog
INFO: Table analyzer_experiment created
Oct 08, 2026 8:55:03 AM liquibase.changelog
INFO: Columns has_setup_page(BOOLEAN) added to analyzer
Oct 08, 2026 8:55:03 AM liquibase.changelog
INFO: ChangeSet liquibase/2.3.x.x/analyzer_experiment.xml::1::csteele ran successfully in 13ms
Running Changeset: liquibase/2.3.x.x/analyzer_experiment.xml::2::csteele
Oct 08, 2026 8:55:03 AM liquibase.changelog
INFO: analyzer.name datatype was changed to varchar(255)
Oct 08, 2026 8:55:03 AM liquibase.changelog
INFO: ChangeSet liquibase/2.3.x.x/analyzer_experiment.xml::2::csteele ran successfully in 1ms
Running Changeset: liquibase/2.3.x.x/new_tests.xml::5::rossumg
Oct 08, 2026 8:55:03 AM liquibase.changelog
INFO: Custom SQL executed
Oct 08, 2026 8:55:03 AM liquibase.changelog
INFO: ChangeSet liquibase/2.3.x.x/new_tests.xml::5::rossumg ran successfully in 2ms
Running Changeset: liquibase/2.3.x.x/new_tests.xml::10::rossumg
Oct 08, 2026 8:55:03 AM liquibase.changelog
INFO: Custom SQL executed
Oct 08, 2026 8:55:03 AM liquibase.changelog
INFO: ChangeSet liquibase/2.3.x.x/new_tests.xml::10::rossumg ran successfully in 1ms
Running Changeset: liquibase/2.3.x.x/new_tests.xml::15::rossumg
Oct 08, 2026 8:55:03 AM liquibase.changelog
INFO: Custom SQL executed
Oct 08, 2026 8:55:03 AM liquibase.changelog
INFO: ChangeSet liquibase/2.3.x.x/new_tests.xml::15::rossumg ran successfully in 2ms
Running Changeset: liquibase/2.3.x.x/new_tests.xml::16::rossumg
Oct 08, 2026 8:55:03 AM liquibase.changelog
INFO: Custom SQL executed
Oct 08, 2026 8:55:03 AM liquibase.changelog
INFO: ChangeSet liquibase/2.3.x.x/new_tests.xml::16::rossumg ran successfully in 1ms
Running Changeset: liquibase/2.3.x.x/new_tests.xml::17::rossumg
Oct 08, 2026 8:55:03 AM liquibase.changelog
INFO: Custom SQL executed
Oct 08, 2026 8:55:03 AM liquibase.changelog
INFO: ChangeSet liquibase/2.3.x.x/new_tests.xml::17::rossumg ran successfully in 2ms
Running Changeset: liquibase/2.3.x.x/new_tests.xml::20::rossumg
Oct 08, 2026 8:55:03 AM liquibase.changelog
INFO: Custom SQL executed
Oct 08, 2026 8:55:03 AM liquibase.changelog
INFO: ChangeSet liquibase/2.3.x.x/new_tests.xml::20::rossumg ran successfully in 1ms
Running Changeset: liquibase/2.3.x.x/new_tests.xml::25::rossumg
Oct 08, 2026 8:55:03 AM liquibase.changelog
INFO: Custom SQL executed
Oct 08, 2026 8:55:03 AM liquibase.changelog
INFO: ChangeSet liquibase/2.3.x.x/new_tests.xml::25::rossumg ran successfully in 3ms
Running Changeset: liquibase/2.3.x.x/new_tests.xml::30::rossumg
Oct 08, 2026 8:55:03 AM liquibase.changelog
INFO: Custom SQL executed
Oct 08, 2026 8:55:03 AM liquibase.changelog
INFO: ChangeSet liquibase/2.3.x.x/new_tests.xml::30::rossumg ran successfully in 1ms
Running Changeset: liquibase/2.3.x.x/new_tests.xml::31::rossumg
Oct 08, 2026 8:55:03 AM liquibase.changelog
INFO: Custom SQL executed
Oct 08, 2026 8:55:03 AM liquibase.changelog
INFO: ChangeSet liquibase/2.3.x.x/new_tests.xml::31::rossumg ran successfully in 2ms
Running Changeset: liquibase/2.3.x.x/new_tests.xml::35::rossumg
Oct 08, 2026 8:55:03 AM liquibase.changelog
INFO: Custom SQL executed
Oct 08, 2026 8:55:03 AM liquibase.changelog
INFO: ChangeSet liquibase/2.3.x.x/new_tests.xml::35::rossumg ran successfully in 2ms
Running Changeset: liquibase/2.3.x.x/new_tests.xml::40::rossumg
Oct 08, 2026 8:55:03 AM liquibase.changelog
INFO: Custom SQL executed
Oct 08, 2026 8:55:03 AM liquibase.changelog
INFO: ChangeSet liquibase/2.3.x.x/new_tests.xml::40::rossumg ran successfully in 2ms
Running Changeset: liquibase/2.3.x.x/new_tests.xml::45::rossumg
Oct 08, 2026 8:55:03 AM liquibase.changelog
INFO: Custom SQL executed
Oct 08, 2026 8:55:03 AM liquibase.changelog
INFO: ChangeSet liquibase/2.3.x.x/new_tests.xml::45::rossumg ran successfully in 2ms
Running Changeset: liquibase/2.3.x.x/new_tests.xml::50::rossumg
Oct 08, 2026 8:55:03 AM liquibase.changelog
INFO: Custom SQL executed
Oct 08, 2026 8:55:03 AM liquibase.changelog
INFO: ChangeSet liquibase/2.3.x.x/new_tests.xml::50::rossumg ran successfully in 4ms
Running Changeset: liquibase/2.3.x.x/new_tests.xml::55::rossumg
Oct 08, 2026 8:55:03 AM liquibase.changelog
INFO: Custom SQL executed
Oct 08, 2026 8:55:03 AM liquibase.changelog
INFO: ChangeSet liquibase/2.3.x.x/new_tests.xml::55::rossumg ran successfully in 3ms
Running Changeset: liquibase/2.3.x.x/new_tests.xml::60::rossumg
Oct 08, 2026 8:55:03 AM liquibase.changelog
INFO: Custom SQL executed
Oct 08, 2026 8:55:03 AM liquibase.changelog
INFO: ChangeSet liquibase/2.3.x.x/new_tests.xml::60::rossumg ran successfully in 2ms
Running Changeset: liquibase/2.3.x.x/new_tests.xml::65::rossumg
Oct 08, 2026 8:55:03 AM liquibase.changelog
INFO: Custom SQL executed
Oct 08, 2026 8:55:03 AM liquibase.changelog
INFO: ChangeSet liquibase/2.3.x.x/new_tests.xml::65::rossumg ran successfully in 2ms
Running Changeset: liquibase/2.3.x.x/new_tests.xml::70::rossumg
Oct 08, 2026 8:55:03 AM liquibase.changelog
INFO: Custom SQL executed
Oct 08, 2026 8:55:03 AM liquibase.changelog
INFO: ChangeSet liquibase/2.3.x.x/new_tests.xml::70::rossumg ran successfully in 1ms
Running Changeset: liquibase/2.3.x.x/new_tests.xml::75::rossumg
Oct 08, 2026 8:55:03 AM liquibase.changelog
INFO: Custom SQL executed
Oct 08, 2026 8:55:03 AM liquibase.changelog
INFO: ChangeSet liquibase/2.3.x.x/new_tests.xml::75::rossumg ran successfully in 2ms
Running Changeset: liquibase/2.3.x.x/new_tests.xml::80::rossumg
Oct 08, 2026 8:55:03 AM liquibase.changelog
INFO: Custom SQL executed
Oct 08, 2026 8:55:03 AM liquibase.changelog
INFO: ChangeSet liquibase/2.3.x.x/new_tests.xml::80::rossumg ran successfully in 2ms
Running Changeset: liquibase/2.3.x.x/new_tests.xml::85::rossumg
Oct 08, 2026 8:55:03 AM liquibase.changelog
INFO: Custom SQL executed
Oct 08, 2026 8:55:03 AM liquibase.changelog
INFO: ChangeSet liquibase/2.3.x.x/new_tests.xml::85::rossumg ran successfully in 2ms
Running Changeset: liquibase/2.3.x.x/new_tests.xml::90::rossumg
Oct 08, 2026 8:55:03 AM liquibase.changelog
INFO: Custom SQL executed
Oct 08, 2026 8:55:03 AM liquibase.changelog
INFO: ChangeSet liquibase/2.3.x.x/new_tests.xml::90::rossumg ran successfully in 2ms
Running Changeset: liquibase/2.3.x.x/new_tests.xml::95::rossumg
Oct 08, 2026 8:55:03 AM liquibase.changelog
INFO: Custom SQL executed
Oct 08, 2026 8:55:03 AM liquibase.changelog
INFO: ChangeSet liquibase/2.3.x.x/new_tests.xml::95::rossumg ran successfully in 2ms
Running Changeset: liquibase/2.3.x.x/new_tests.xml::100::rossumg
Oct 08, 2026 8:55:03 AM liquibase.changelog
INFO: Custom SQL executed
Oct 08, 2026 8:55:03 AM liquibase.changelog
INFO: ChangeSet liquibase/2.3.x.x/new_tests.xml::100::rossumg ran successfully in 2ms
Running Changeset: liquibase/2.3.x.x/new_tests.xml::105::rossumg
Oct 08, 2026 8:55:03 AM liquibase.changelog
INFO: Custom SQL executed
Oct 08, 2026 8:55:03 AM liquibase.changelog
INFO: ChangeSet liquibase/2.3.x.x/new_tests.xml::105::rossumg ran successfully in 2ms
Running Changeset: liquibase/2.3.x.x/new_tests.xml::110::rossumg
Oct 08, 2026 8:55:03 AM liquibase.changelog
INFO: Custom SQL executed
Oct 08, 2026 8:55:03 AM liquibase.changelog
INFO: ChangeSet liquibase/2.3.x.x/new_tests.xml::110::rossumg ran successfully in 2ms
Running Changeset: liquibase/2.3.x.x/new_tests.xml::115::rossumg
Oct 08, 2026 8:55:03 AM liquibase.changelog
INFO: Marking ChangeSet: liquibase/2.3.x.x/new_tests.xml::115::rossumg ran despite precondition failure due to onFail='MARK_RAN': 
          liquibase/base-changelog.xml : SQL Precondition failed.  Expected '0' got '1'

Running Changeset: liquibase/2.3.x.x/new_tests.xml::120::rossumg
Oct 08, 2026 8:55:03 AM liquibase.changelog
INFO: Custom SQL executed
Oct 08, 2026 8:55:03 AM liquibase.changelog
INFO: ChangeSet liquibase/2.3.x.x/new_tests.xml::120::rossumg ran successfully in 2ms
Running Changeset: liquibase/2.3.x.x/new_tests.xml::125::rossumg
Oct 08, 2026 8:55:03 AM liquibase.changelog
INFO: Custom SQL executed
Oct 08, 2026 8:55:03 AM liquibase.changelog
INFO: ChangeSet liquibase/2.3.x.x/new_tests.xml::125::rossumg ran successfully in 1ms
Running Changeset: liquibase/2.3.x.x/new_tests.xml::130::rossumg
Oct 08, 2026 8:55:03 AM liquibase.changelog
INFO: Custom SQL executed
Oct 08, 2026 8:55:03 AM liquibase.changelog
INFO: ChangeSet liquibase/2.3.x.x/new_tests.xml::130::rossumg ran successfully in 2ms
Running Changeset: liquibase/2.3.x.x/new_tests.xml::135::rossumg
Oct 08, 2026 8:55:03 AM liquibase.changelog
INFO: Custom SQL executed
Oct 08, 2026 8:55:03 AM liquibase.changelog
INFO: ChangeSet liquibase/2.3.x.x/new_tests.xml::135::rossumg ran successfully in 4ms
Running Changeset: liquibase/2.3.x.x/new_tests.xml::140::rossumg
Oct 08, 2026 8:55:03 AM liquibase.changelog
INFO: Marking ChangeSet: liquibase/2.3.x.x/new_tests.xml::140::rossumg ran despite precondition failure due to onFail='MARK_RAN': 
          liquibase/base-changelog.xml : SQL Precondition failed.  Expected '0' got '1'

Running Changeset: liquibase/2.3.x.x/new_tests.xml::145::rossumg
Oct 08, 2026 8:55:03 AM liquibase.changelog
INFO: Custom SQL executed
Oct 08, 2026 8:55:03 AM liquibase.changelog
INFO: ChangeSet liquibase/2.3.x.x/new_tests.xml::145::rossumg ran successfully in 2ms
Running Changeset: liquibase/2.3.x.x/new_tests.xml::150::rossumg
Oct 08, 2026 8:55:03 AM liquibase.changelog
INFO: Custom SQL executed
Oct 08, 2026 8:55:03 AM liquibase.changelog
INFO: ChangeSet liquibase/2.3.x.x/new_tests.xml::150::rossumg ran successfully in 2ms
Running Changeset: liquibase/2.3.x.x/new_tests.xml::155::rossumg
Oct 08, 2026 8:55:03 AM liquibase.changelog
INFO: Custom SQL executed
Oct 08, 2026 8:55:03 AM liquibase.changelog
INFO: ChangeSet liquibase/2.3.x.x/new_tests.xml::155::rossumg ran successfully in 2ms
Running Changeset: liquibase/2.3.x.x/new_tests.xml::160::rossumg
Oct 08, 2026 8:55:03 AM liquibase.changelog
INFO: Custom SQL executed
Oct 08, 2026 8:55:03 AM liquibase.changelog
INFO: ChangeSet liquibase/2.3.x.x/new_tests.xml::160::rossumg ran successfully in 1ms
Running Changeset: liquibase/2.3.x.x/new_tests.xml::165::rossumg
Oct 08, 2026 8:55:03 AM liquibase.changelog
INFO: Custom SQL executed
Oct 08, 2026 8:55:03 AM liquibase.changelog
INFO: ChangeSet liquibase/2.3.x.x/new_tests.xml::165::rossumg ran successfully in 1ms
Running Changeset: liquibase/2.3.x.x/new_tests.xml::175::rossumg
Oct 08, 2026 8:55:03 AM liquibase.changelog
INFO: Custom SQL executed
Oct 08, 2026 8:55:03 AM liquibase.changelog
INFO: ChangeSet liquibase/2.3.x.x/new_tests.xml::175::rossumg ran successfully in 2ms
Running Changeset: liquibase/2.3.x.x/new_tests.xml::180::rossumg
Oct 08, 2026 8:55:03 AM liquibase.changelog
INFO: Custom SQL executed
Oct 08, 2026 8:55:03 AM liquibase.changelog
INFO: ChangeSet liquibase/2.3.x.x/new_tests.xml::180::rossumg ran successfully in 1ms
Running Changeset: liquibase/2.3.x.x/new_tests.xml::185::rossumg
Oct 08, 2026 8:55:03 AM liquibase.changelog
INFO: Custom SQL executed
Oct 08, 2026 8:55:03 AM liquibase.changelog
INFO: ChangeSet liquibase/2.3.x.x/new_tests.xml::185::rossumg ran successfully in 2ms
Running Changeset: liquibase/2.3.x.x/new_tests.xml::190::rossumg
Oct 08, 2026 8:55:03 AM liquibase.changelog
INFO: Custom SQL executed
Oct 08, 2026 8:55:03 AM liquibase.changelog
INFO: ChangeSet liquibase/2.3.x.x/new_tests.xml::190::rossumg ran successfully in 1ms
Running Changeset: liquibase/2.3.x.x/new_tests.xml::205::rossumg
Oct 08, 2026 8:55:03 AM liquibase.changelog
INFO: Custom SQL executed
Oct 08, 2026 8:55:03 AM liquibase.changelog
INFO: ChangeSet liquibase/2.3.x.x/new_tests.xml::205::rossumg ran successfully in 1ms
Running Changeset: liquibase/2.3.x.x/new_tests.xml::210::rossumg
Oct 08, 2026 8:55:03 AM liquibase.changelog
INFO: Custom SQL executed
Oct 08, 2026 8:55:03 AM liquibase.changelog
INFO: ChangeSet liquibase/2.3.x.x/new_tests.xml::210::rossumg ran successfully in 2ms
Running Changeset: liquibase/2.3.x.x/new_tests.xml::215::rossumg
Oct 08, 2026 8:55:03 AM liquibase.changelog
INFO: Custom SQL executed
Oct 08, 2026 8:55:03 AM liquibase.changelog
INFO: ChangeSet liquibase/2.3.x.x/new_tests.xml::215::rossumg ran successfully in 2ms
Running Changeset: liquibase/2.3.x.x/new_tests.xml::220::rossumg
Oct 08, 2026 8:55:03 AM liquibase.changelog
INFO: Custom SQL executed
Oct 08, 2026 8:55:03 AM liquibase.changelog
INFO: ChangeSet liquibase/2.3.x.x/new_tests.xml::220::rossumg ran successfully in 1ms
Running Changeset: liquibase/2.3.x.x/new_tests.xml::225::rossumg
Oct 08, 2026 8:55:03 AM liquibase.changelog
INFO: Custom SQL executed
Oct 08, 2026 8:55:03 AM liquibase.changelog
INFO: ChangeSet liquibase/2.3.x.x/new_tests.xml::225::rossumg ran successfully in 2ms
Running Changeset: liquibase/2.3.x.x/new_tests.xml::235::rossumg
Oct 08, 2026 8:55:03 AM liquibase.changelog
INFO: Custom SQL executed
Oct 08, 2026 8:55:03 AM liquibase.changelog
INFO: ChangeSet liquibase/2.3.x.x/new_tests.xml::235::rossumg ran successfully in 2ms
Running Changeset: liquibase/2.3.x.x/new_tests.xml::240::rossumg
Oct 08, 2026 8:55:03 AM liquibase.changelog
INFO: Custom SQL executed
Oct 08, 2026 8:55:03 AM liquibase.changelog
INFO: ChangeSet liquibase/2.3.x.x/new_tests.xml::240::rossumg ran successfully in 1ms
Running Changeset: liquibase/2.3.x.x/new_tests.xml::245::rossumg
Oct 08, 2026 8:55:03 AM liquibase.changelog
INFO: Custom SQL executed
Oct 08, 2026 8:55:03 AM liquibase.changelog
INFO: ChangeSet liquibase/2.3.x.x/new_tests.xml::245::rossumg ran successfully in 3ms
Running Changeset: liquibase/2.3.x.x/new_tests.xml::250::rossumg
Oct 08, 2026 8:55:03 AM liquibase.changelog
INFO: Custom SQL executed
Oct 08, 2026 8:55:03 AM liquibase.changelog
INFO: ChangeSet liquibase/2.3.x.x/new_tests.xml::250::rossumg ran successfully in 2ms
Running Changeset: liquibase/2.3.x.x/new_tests.xml::260::rossumg
Oct 08, 2026 8:55:03 AM liquibase.changelog
INFO: Custom SQL executed
Oct 08, 2026 8:55:03 AM liquibase.changelog
INFO: ChangeSet liquibase/2.3.x.x/new_tests.xml::260::rossumg ran successfully in 2ms
Running Changeset: liquibase/2.3.x.x/new_tests.xml::265::rossumg
Oct 08, 2026 8:55:03 AM liquibase.changelog
INFO: Custom SQL executed
Oct 08, 2026 8:55:03 AM liquibase.changelog
INFO: ChangeSet liquibase/2.3.x.x/new_tests.xml::265::rossumg ran successfully in 2ms
Running Changeset: liquibase/2.3.x.x/new_tests.xml::270::rossumg
Oct 08, 2026 8:55:03 AM liquibase.changelog
INFO: Custom SQL executed
Oct 08, 2026 8:55:03 AM liquibase.changelog
INFO: ChangeSet liquibase/2.3.x.x/new_tests.xml::270::rossumg ran successfully in 2ms
Running Changeset: liquibase/2.3.x.x/new_tests.xml::275::rossumg
Oct 08, 2026 8:55:03 AM liquibase.changelog
INFO: Custom SQL executed
Oct 08, 2026 8:55:03 AM liquibase.changelog
INFO: ChangeSet liquibase/2.3.x.x/new_tests.xml::275::rossumg ran successfully in 1ms
Running Changeset: liquibase/2.3.x.x/new_tests.xml::280::rossumg
Oct 08, 2026 8:55:03 AM liquibase.changelog
INFO: Marking ChangeSet: liquibase/2.3.x.x/new_tests.xml::280::rossumg ran despite precondition failure due to onFail='MARK_RAN': 
          liquibase/base-changelog.xml : SQL Precondition failed.  Expected '0' got '1'

Running Changeset: liquibase/2.3.x.x/new_tests.xml::285::rossumg
Oct 08, 2026 8:55:03 AM liquibase.changelog
INFO: Custom SQL executed
Oct 08, 2026 8:55:03 AM liquibase.changelog
INFO: ChangeSet liquibase/2.3.x.x/new_tests.xml::285::rossumg ran successfully in 1ms
Running Changeset: liquibase/2.3.x.x/new_tests.xml::290::rossumg
Oct 08, 2026 8:55:03 AM liquibase.changelog
INFO: Custom SQL executed
Oct 08, 2026 8:55:03 AM liquibase.changelog
INFO: ChangeSet liquibase/2.3.x.x/new_tests.xml::290::rossumg ran successfully in 2ms
Running Changeset: liquibase/2.3.x.x/new_tests.xml::295::rossumg
Oct 08, 2026 8:55:03 AM liquibase.changelog
INFO: Custom SQL executed
Oct 08, 2026 8:55:03 AM liquibase.changelog
INFO: ChangeSet liquibase/2.3.x.x/new_tests.xml::295::rossumg ran successfully in 3ms
Running Changeset: liquibase/2.3.x.x/new_tests.xml::300::rossumg
Oct 08, 2026 8:55:03 AM liquibase.changelog
INFO: Custom SQL executed
Oct 08, 2026 8:55:03 AM liquibase.changelog
INFO: ChangeSet liquibase/2.3.x.x/new_tests.xml::300::rossumg ran successfully in 2ms
Running Changeset: liquibase/2.3.x.x/new_tests.xml::305::rossumg
Oct 08, 2026 8:55:03 AM liquibase.changelog
INFO: Custom SQL executed
Oct 08, 2026 8:55:03 AM liquibase.changelog
INFO: ChangeSet liquibase/2.3.x.x/new_tests.xml::305::rossumg ran successfully in 1ms
Running Changeset: liquibase/2.3.x.x/new_tests.xml::315::rossumg
Oct 08, 2026 8:55:03 AM liquibase.changelog
INFO: Custom SQL executed
Oct 08, 2026 8:55:03 AM liquibase.changelog
INFO: ChangeSet liquibase/2.3.x.x/new_tests.xml::315::rossumg ran successfully in 2ms
Running Changeset: liquibase/2.3.x.x/new_tests.xml::320::rossumg
Oct 08, 2026 8:55:03 AM liquibase.changelog
INFO: Custom SQL executed
Oct 08, 2026 8:55:03 AM liquibase.changelog
INFO: ChangeSet liquibase/2.3.x.x/new_tests.xml::320::rossumg ran successfully in 1ms
Running Changeset: liquibase/2.3.x.x/new_tests.xml::325::rossumg
Oct 08, 2026 8:55:03 AM liquibase.changelog
INFO: Custom SQL executed
Oct 08, 2026 8:55:03 AM liquibase.changelog
INFO: ChangeSet liquibase/2.3.x.x/new_tests.xml::325::rossumg ran successfully in 2ms
Running Changeset: liquibase/2.3.x.x/new_tests.xml::330::rossumg
Oct 08, 2026 8:55:03 AM liquibase.changelog
INFO: Custom SQL executed
Oct 08, 2026 8:55:03 AM liquibase.changelog
INFO: ChangeSet liquibase/2.3.x.x/new_tests.xml::330::rossumg ran successfully in 1ms
Running Changeset: liquibase/2.3.x.x/new_tests.xml::331::csteele
Oct 08, 2026 8:55:03 AM liquibase.changelog
INFO: Custom SQL executed
Oct 08, 2026 8:55:03 AM liquibase.changelog
INFO: ChangeSet liquibase/2.3.x.x/new_tests.xml::331::csteele ran successfully in 2ms
Running Changeset: liquibase/2.3.x.x/new_tests.xml::340::rossumg
Oct 08, 2026 8:55:03 AM liquibase.changelog
INFO: Custom SQL executed
Oct 08, 2026 8:55:03 AM liquibase.changelog
INFO: ChangeSet liquibase/2.3.x.x/new_tests.xml::340::rossumg ran successfully in 2ms
Running Changeset: liquibase/2.3.x.x/new_tests.xml::345::rossumg
Oct 08, 2026 8:55:03 AM liquibase.changelog
INFO: Custom SQL executed
Oct 08, 2026 8:55:03 AM liquibase.changelog
INFO: ChangeSet liquibase/2.3.x.x/new_tests.xml::345::rossumg ran successfully in 2ms
Running Changeset: liquibase/2.3.x.x/new_tests.xml::350::rossumg
Oct 08, 2026 8:55:03 AM liquibase.changelog
INFO: Custom SQL executed
Oct 08, 2026 8:55:03 AM liquibase.changelog
INFO: ChangeSet liquibase/2.3.x.x/new_tests.xml::350::rossumg ran successfully in 1ms
Running Changeset: liquibase/2.3.x.x/new_tests.xml::355::rossumg
Oct 08, 2026 8:55:03 AM liquibase.changelog
INFO: Custom SQL executed
Oct 08, 2026 8:55:03 AM liquibase.changelog
INFO: ChangeSet liquibase/2.3.x.x/new_tests.xml::355::rossumg ran successfully in 2ms
Running Changeset: liquibase/2.3.x.x/new_tests.xml::336::csteele
Oct 08, 2026 8:55:03 AM liquibase.changelog
INFO: Custom SQL executed
Oct 08, 2026 8:55:03 AM liquibase.changelog
INFO: ChangeSet liquibase/2.3.x.x/new_tests.xml::336::csteele ran successfully in 2ms
Running Changeset: liquibase/2.3.x.x/new_tests.xml::365::rossumg
Oct 08, 2026 8:55:03 AM liquibase.changelog
INFO: Custom SQL executed
Oct 08, 2026 8:55:03 AM liquibase.changelog
INFO: ChangeSet liquibase/2.3.x.x/new_tests.xml::365::rossumg ran successfully in 1ms
Running Changeset: liquibase/2.3.x.x/new_tests.xml::370::rossumg
Oct 08, 2026 8:55:03 AM liquibase.changelog
INFO: Custom SQL executed
Oct 08, 2026 8:55:03 AM liquibase.changelog
INFO: ChangeSet liquibase/2.3.x.x/new_tests.xml::370::rossumg ran successfully in 2ms
Running Changeset: liquibase/2.3.x.x/new_tests.xml::375::rossumg
Oct 08, 2026 8:55:03 AM liquibase.changelog
INFO: Custom SQL executed
Oct 08, 2026 8:55:03 AM liquibase.changelog
INFO: ChangeSet liquibase/2.3.x.x/new_tests.xml::375::rossumg ran successfully in 2ms
Running Changeset: liquibase/2.3.x.x/new_tests.xml::380::rossumg
Oct 08, 2026 8:55:03 AM liquibase.changelog
INFO: Custom SQL executed
Oct 08, 2026 8:55:03 AM liquibase.changelog
INFO: ChangeSet liquibase/2.3.x.x/new_tests.xml::380::rossumg ran successfully in 1ms
Running Changeset: liquibase/2.3.x.x/new_tests.xml::385::rossumg
Oct 08, 2026 8:55:03 AM liquibase.changelog
INFO: Custom SQL executed
Oct 08, 2026 8:55:03 AM liquibase.changelog
INFO: ChangeSet liquibase/2.3.x.x/new_tests.xml::385::rossumg ran successfully in 2ms
Running Changeset: liquibase/2.3.x.x/new_tests.xml::395::rossumg
Oct 08, 2026 8:55:03 AM liquibase.changelog
INFO: Custom SQL executed
Oct 08, 2026 8:55:03 AM liquibase.changelog
INFO: ChangeSet liquibase/2.3.x.x/new_tests.xml::395::rossumg ran successfully in 1ms
Running Changeset: liquibase/2.3.x.x/new_tests.xml::400::rossumg
Oct 08, 2026 8:55:03 AM liquibase.changelog
INFO: Custom SQL executed
Oct 08, 2026 8:55:03 AM liquibase.changelog
INFO: ChangeSet liquibase/2.3.x.x/new_tests.xml::400::rossumg ran successfully in 1ms
Running Changeset: liquibase/2.3.x.x/new_tests.xml::405::rossumg
Oct 08, 2026 8:55:03 AM liquibase.changelog
INFO: Custom SQL executed
Oct 08, 2026 8:55:03 AM liquibase.changelog
INFO: ChangeSet liquibase/2.3.x.x/new_tests.xml::405::rossumg ran successfully in 2ms
Running Changeset: liquibase/2.3.x.x/new_tests.xml::410::rossumg
Oct 08, 2026 8:55:03 AM liquibase.changelog
INFO: Custom SQL executed
Oct 08, 2026 8:55:03 AM liquibase.changelog
INFO: ChangeSet liquibase/2.3.x.x/new_tests.xml::410::rossumg ran successfully in 2ms
Running Changeset: liquibase/2.3.x.x/new_tests.xml::420::rossumg
Oct 08, 2026 8:55:03 AM liquibase.changelog
INFO: Custom SQL executed
Oct 08, 2026 8:55:03 AM liquibase.changelog
INFO: ChangeSet liquibase/2.3.x.x/new_tests.xml::420::rossumg ran successfully in 1ms
Running Changeset: liquibase/2.3.x.x/new_tests.xml::425::rossumg
Oct 08, 2026 8:55:03 AM liquibase.changelog
INFO: Custom SQL executed
Oct 08, 2026 8:55:03 AM liquibase.changelog
INFO: ChangeSet liquibase/2.3.x.x/new_tests.xml::425::rossumg ran successfully in 1ms
Running Changeset: liquibase/2.3.x.x/new_tests.xml::430::rossumg
Oct 08, 2026 8:55:03 AM liquibase.changelog
INFO: Custom SQL executed
Oct 08, 2026 8:55:03 AM liquibase.changelog
INFO: ChangeSet liquibase/2.3.x.x/new_tests.xml::430::rossumg ran successfully in 2ms
Running Changeset: liquibase/2.3.x.x/new_tests.xml::435::rossumg
Oct 08, 2026 8:55:03 AM liquibase.changelog
INFO: Custom SQL executed
Oct 08, 2026 8:55:03 AM liquibase.changelog
INFO: ChangeSet liquibase/2.3.x.x/new_tests.xml::435::rossumg ran successfully in 1ms
Running Changeset: liquibase/2.3.x.x/new_tests.xml::445::rossumg
Oct 08, 2026 8:55:03 AM liquibase.changelog
INFO: Custom SQL executed
Oct 08, 2026 8:55:03 AM liquibase.changelog
INFO: ChangeSet liquibase/2.3.x.x/new_tests.xml::445::rossumg ran successfully in 1ms
Running Changeset: liquibase/2.3.x.x/new_tests.xml::450::rossumg
Oct 08, 2026 8:55:03 AM liquibase.changelog
INFO: Custom SQL executed
Oct 08, 2026 8:55:03 AM liquibase.changelog
INFO: ChangeSet liquibase/2.3.x.x/new_tests.xml::450::rossumg ran successfully in 2ms
Running Changeset: liquibase/2.3.x.x/new_tests.xml::455::rossumg
Oct 08, 2026 8:55:03 AM liquibase.changelog
INFO: Custom SQL executed
Oct 08, 2026 8:55:03 AM liquibase.changelog
INFO: ChangeSet liquibase/2.3.x.x/new_tests.xml::455::rossumg ran successfully in 1ms
Running Changeset: liquibase/2.3.x.x/new_tests.xml::490::rossumg
Oct 08, 2026 8:55:03 AM liquibase.changelog
INFO: Custom SQL executed
Oct 08, 2026 8:55:03 AM liquibase.changelog
INFO: ChangeSet liquibase/2.3.x.x/new_tests.xml::490::rossumg ran successfully in 1ms
Running Changeset: liquibase/2.3.x.x/new_tests.xml::495::rossumg
Oct 08, 2026 8:55:03 AM liquibase.changelog
INFO: Custom SQL executed
Oct 08, 2026 8:55:03 AM liquibase.changelog
INFO: ChangeSet liquibase/2.3.x.x/new_tests.xml::495::rossumg ran successfully in 2ms
Running Changeset: liquibase/2.3.x.x/new_tests.xml::505::rossumg
Oct 08, 2026 8:55:03 AM liquibase.changelog
INFO: Custom SQL executed
Oct 08, 2026 8:55:03 AM liquibase.changelog
INFO: ChangeSet liquibase/2.3.x.x/new_tests.xml::505::rossumg ran successfully in 1ms
Running Changeset: liquibase/2.3.x.x/new_tests.xml::510::rossumg
Oct 08, 2026 8:55:03 AM liquibase.changelog
INFO: Custom SQL executed
Oct 08, 2026 8:55:03 AM liquibase.changelog
INFO: ChangeSet liquibase/2.3.x.x/new_tests.xml::510::rossumg ran successfully in 2ms
Running Changeset: liquibase/2.3.x.x/new_tests.xml::515::rossumg
Oct 08, 2026 8:55:03 AM liquibase.changelog
INFO: Custom SQL executed
Oct 08, 2026 8:55:03 AM liquibase.changelog
INFO: ChangeSet liquibase/2.3.x.x/new_tests.xml::515::rossumg ran successfully in 1ms
Running Changeset: liquibase/2.3.x.x/new_tests.xml::520::rossumg
Oct 08, 2026 8:55:03 AM liquibase.changelog
INFO: Custom SQL executed
Oct 08, 2026 8:55:03 AM liquibase.changelog
INFO: ChangeSet liquibase/2.3.x.x/new_tests.xml::520::rossumg ran successfully in 2ms
Running Changeset: liquibase/2.3.x.x/new_tests.xml::530::rossumg
Oct 08, 2026 8:55:03 AM liquibase.changelog
INFO: Custom SQL executed
Oct 08, 2026 8:55:03 AM liquibase.changelog
INFO: ChangeSet liquibase/2.3.x.x/new_tests.xml::530::rossumg ran successfully in 1ms
Running Changeset: liquibase/2.3.x.x/new_tests.xml::535::rossumg
Oct 08, 2026 8:55:03 AM liquibase.changelog
INFO: Custom SQL executed
Oct 08, 2026 8:55:03 AM liquibase.changelog
INFO: ChangeSet liquibase/2.3.x.x/new_tests.xml::535::rossumg ran successfully in 2ms
Running Changeset: liquibase/2.3.x.x/new_tests.xml::540::rossumg
Oct 08, 2026 8:55:03 AM liquibase.changelog
INFO: Custom SQL executed
Oct 08, 2026 8:55:03 AM liquibase.changelog
INFO: ChangeSet liquibase/2.3.x.x/new_tests.xml::540::rossumg ran successfully in 2ms
Running Changeset: liquibase/2.3.x.x/new_tests.xml::545::rossumg
Oct 08, 2026 8:55:03 AM liquibase.changelog
INFO: Custom SQL executed
Oct 08, 2026 8:55:03 AM liquibase.changelog
INFO: ChangeSet liquibase/2.3.x.x/new_tests.xml::545::rossumg ran successfully in 1ms
Running Changeset: liquibase/2.3.x.x/new_tests.xml::550::rossumg
Oct 08, 2026 8:55:03 AM liquibase.changelog
INFO: Custom SQL executed
Oct 08, 2026 8:55:03 AM liquibase.changelog
INFO: ChangeSet liquibase/2.3.x.x/new_tests.xml::550::rossumg ran successfully in 2ms
Running Changeset: liquibase/2.3.x.x/new_tests.xml::560::rossumg
Oct 08, 2026 8:55:03 AM liquibase.changelog
INFO: Custom SQL executed
Oct 08, 2026 8:55:03 AM liquibase.changelog
INFO: ChangeSet liquibase/2.3.x.x/new_tests.xml::560::rossumg ran successfully in 1ms
Running Changeset: liquibase/2.3.x.x/new_tests.xml::565::rossumg
Oct 08, 2026 8:55:03 AM liquibase.changelog
INFO: Custom SQL executed
Oct 08, 2026 8:55:03 AM liquibase.changelog
INFO: ChangeSet liquibase/2.3.x.x/new_tests.xml::565::rossumg ran successfully in 1ms
Running Changeset: liquibase/2.3.x.x/new_tests.xml::570::rossumg
Oct 08, 2026 8:55:03 AM liquibase.changelog
INFO: Custom SQL executed
Oct 08, 2026 8:55:03 AM liquibase.changelog
INFO: ChangeSet liquibase/2.3.x.x/new_tests.xml::570::rossumg ran successfully in 2ms
Running Changeset: liquibase/2.3.x.x/new_tests.xml::575::rossumg
Oct 08, 2026 8:55:03 AM liquibase.changelog
INFO: Custom SQL executed
Oct 08, 2026 8:55:03 AM liquibase.changelog
INFO: ChangeSet liquibase/2.3.x.x/new_tests.xml::575::rossumg ran successfully in 2ms
Running Changeset: liquibase/2.3.x.x/new_tests.xml::585::rossumg
Oct 08, 2026 8:55:03 AM liquibase.changelog
INFO: Custom SQL executed
Oct 08, 2026 8:55:03 AM liquibase.changelog
INFO: ChangeSet liquibase/2.3.x.x/new_tests.xml::585::rossumg ran successfully in 2ms
Running Changeset: liquibase/2.3.x.x/new_tests.xml::590::rossumg
Oct 08, 2026 8:55:03 AM liquibase.changelog
INFO: Custom SQL executed
Oct 08, 2026 8:55:03 AM liquibase.changelog
INFO: ChangeSet liquibase/2.3.x.x/new_tests.xml::590::rossumg ran successfully in 1ms
Running Changeset: liquibase/2.3.x.x/new_tests.xml::595::rossumg
Oct 08, 2026 8:55:03 AM liquibase.changelog
INFO: Custom SQL executed
Oct 08, 2026 8:55:03 AM liquibase.changelog
INFO: ChangeSet liquibase/2.3.x.x/new_tests.xml::595::rossumg ran successfully in 2ms
Running Changeset: liquibase/2.3.x.x/new_tests.xml::624::rossumg
Oct 08, 2026 8:55:03 AM liquibase.changelog
INFO: Custom SQL executed
Oct 08, 2026 8:55:03 AM liquibase.changelog
INFO: ChangeSet liquibase/2.3.x.x/new_tests.xml::624::rossumg ran successfully in 2ms
Running Changeset: liquibase/2.3.x.x/new_tests.xml::625::csteele
Oct 08, 2026 8:55:03 AM liquibase.changelog
INFO: Custom SQL executed
Oct 08, 2026 8:55:03 AM liquibase.changelog
INFO: ChangeSet liquibase/2.3.x.x/new_tests.xml::625::csteele ran successfully in 3ms
Running Changeset: liquibase/2.3.x.x/new_tests.xml::630::csteele
Oct 08, 2026 8:55:03 AM liquibase.changelog
INFO: Custom SQL executed
Oct 08, 2026 8:55:03 AM liquibase.changelog
INFO: ChangeSet liquibase/2.3.x.x/new_tests.xml::630::csteele ran successfully in 4ms
Running Changeset: liquibase/2.3.x.x/new_tests.xml::631::csteele
Oct 08, 2026 8:55:03 AM liquibase.changelog
INFO: Custom SQL executed
Oct 08, 2026 8:55:03 AM liquibase.changelog
INFO: ChangeSet liquibase/2.3.x.x/new_tests.xml::631::csteele ran successfully in 3ms
Running Changeset: liquibase/2.3.x.x/new_tests.xml::635::csteele
Oct 08, 2026 8:55:03 AM liquibase.changelog
INFO: Custom SQL executed
Oct 08, 2026 8:55:03 AM liquibase.changelog
INFO: ChangeSet liquibase/2.3.x.x/new_tests.xml::635::csteele ran successfully in 2ms
Running Changeset: liquibase/2.3.x.x/new_tests.xml::640::csteele
Oct 08, 2026 8:55:03 AM liquibase.changelog
INFO: Custom SQL executed
Oct 08, 2026 8:55:03 AM liquibase.changelog
INFO: ChangeSet liquibase/2.3.x.x/new_tests.xml::640::csteele ran successfully in 2ms
Running Changeset: liquibase/2.3.x.x/new_tests.xml::645::csteele
Oct 08, 2026 8:55:03 AM liquibase.changelog
INFO: Custom SQL executed
Oct 08, 2026 8:55:03 AM liquibase.changelog
INFO: ChangeSet liquibase/2.3.x.x/new_tests.xml::645::csteele ran successfully in 2ms
Running Changeset: liquibase/2.3.x.x/new_tests.xml::650::csteele
Oct 08, 2026 8:55:03 AM liquibase.changelog
INFO: Custom SQL executed
Oct 08, 2026 8:55:03 AM liquibase.changelog
INFO: ChangeSet liquibase/2.3.x.x/new_tests.xml::650::csteele ran successfully in 2ms
Running Changeset: liquibase/2.3.x.x/new_tests.xml::655::csteele
Oct 08, 2026 8:55:03 AM liquibase.changelog
INFO: Custom SQL executed
Oct 08, 2026 8:55:03 AM liquibase.changelog
INFO: ChangeSet liquibase/2.3.x.x/new_tests.xml::655::csteele ran successfully in 1ms
Running Changeset: liquibase/2.3.x.x/new_tests.xml::660::csteele
Oct 08, 2026 8:55:03 AM liquibase.changelog
INFO: Custom SQL executed
Oct 08, 2026 8:55:03 AM liquibase.changelog
INFO: ChangeSet liquibase/2.3.x.x/new_tests.xml::660::csteele ran successfully in 1ms
Running Changeset: liquibase/2.3.x.x/new_tests.xml::665::csteele
Oct 08, 2026 8:55:03 AM liquibase.changelog
INFO: Custom SQL executed
Oct 08, 2026 8:55:03 AM liquibase.changelog
INFO: ChangeSet liquibase/2.3.x.x/new_tests.xml::665::csteele ran successfully in 1ms
Running Changeset: liquibase/2.3.x.x/new_tests.xml::670::csteele
Oct 08, 2026 8:55:03 AM liquibase.changelog
INFO: Custom SQL executed
Oct 08, 2026 8:55:03 AM liquibase.changelog
INFO: ChangeSet liquibase/2.3.x.x/new_tests.xml::670::csteele ran successfully in 1ms
Running Changeset: liquibase/2.3.x.x/new_tests.xml::675::csteele
Oct 08, 2026 8:55:03 AM liquibase.changelog
INFO: Custom SQL executed
Oct 08, 2026 8:55:03 AM liquibase.changelog
INFO: ChangeSet liquibase/2.3.x.x/new_tests.xml::675::csteele ran successfully in 2ms
Running Changeset: liquibase/2.3.x.x/new_tests.xml::680::csteele
Oct 08, 2026 8:55:03 AM liquibase.changelog
INFO: Custom SQL executed
Oct 08, 2026 8:55:03 AM liquibase.changelog
INFO: ChangeSet liquibase/2.3.x.x/new_tests.xml::680::csteele ran successfully in 2ms
Running Changeset: liquibase/2.3.x.x/new_tests.xml::685::csteele
Oct 08, 2026 8:55:03 AM liquibase.changelog
INFO: Custom SQL executed
Oct 08, 2026 8:55:03 AM liquibase.changelog
INFO: ChangeSet liquibase/2.3.x.x/new_tests.xml::685::csteele ran successfully in 1ms
Running Changeset: liquibase/2.3.x.x/accession_validation.xml::1::csteele
Oct 08, 2026 8:55:03 AM liquibase.changelog
INFO: New row inserted into system_module
Oct 08, 2026 8:55:03 AM liquibase.changelog
INFO: New row inserted into system_role_module
Oct 08, 2026 8:55:03 AM liquibase.changelog
INFO: New row inserted into system_module_url
Oct 08, 2026 8:55:03 AM liquibase.changelog
INFO: ChangeSet liquibase/2.3.x.x/accession_validation.xml::1::csteele ran successfully in 2ms
Running Changeset: liquibase/2.3.x.x/accession_validation.xml::2::csteele
Oct 08, 2026 8:55:03 AM liquibase.changelog
INFO: Custom SQL executed
Oct 08, 2026 8:55:03 AM liquibase.changelog
INFO: ChangeSet liquibase/2.3.x.x/accession_validation.xml::2::csteele ran successfully in 2ms
Running Changeset: liquibase/2.3.x.x/uuid_columns.xml::1::csteele
Oct 08, 2026 8:55:03 AM liquibase.changelog
INFO: Columns fhir_uuid(uuid) added to analysis
Oct 08, 2026 8:55:03 AM liquibase.changelog
INFO: Columns fhir_uuid(uuid) added to result
Oct 08, 2026 8:55:03 AM liquibase.changelog
INFO: Columns fhir_uuid(uuid) added to sample_item
Oct 08, 2026 8:55:03 AM liquibase.changelog
INFO: Columns fhir_uuid(uuid) added to organization
Oct 08, 2026 8:55:03 AM liquibase.changelog
INFO: Columns fhir_uuid(uuid) added to patient
Oct 08, 2026 8:55:03 AM liquibase.changelog
INFO: Columns fhir_uuid(uuid) added to sample
Oct 08, 2026 8:55:03 AM liquibase.changelog
INFO: ChangeSet liquibase/2.3.x.x/uuid_columns.xml::1::csteele ran successfully in 4ms
Running Changeset: liquibase/2.3.x.x/uuid_columns.xml::3::csteele
Oct 08, 2026 8:55:03 AM liquibase.changelog
INFO: Columns type(VARCHAR(255)) added to electronic_order
Oct 08, 2026 8:55:03 AM liquibase.changelog
INFO: ChangeSet liquibase/2.3.x.x/uuid_columns.xml::3::csteele ran successfully in 2ms
Running Changeset: liquibase/2.3.x.x/uuid_columns.xml::4::csteele
Oct 08, 2026 8:55:03 AM liquibase.changelog
INFO: Columns fhir_uuid(uuid) added to provider
Oct 08, 2026 8:55:03 AM liquibase.changelog
INFO: Index provider_fhir_uuid_index created
Oct 08, 2026 8:55:03 AM liquibase.changelog
INFO: Columns fhir_uuid(uuid) added to referral
Oct 08, 2026 8:55:03 AM liquibase.changelog
INFO: Index referral_fhir_uuid_index created
Oct 08, 2026 8:55:03 AM liquibase.changelog
INFO: ChangeSet liquibase/2.3.x.x/uuid_columns.xml::4::csteele ran successfully in 4ms
Running Changeset: liquibase/2.3.x.x/accession_validation_range.xml::1::rossumg
Oct 08, 2026 8:55:03 AM liquibase.changelog
INFO: Custom SQL executed
Oct 08, 2026 8:55:03 AM liquibase.changelog
INFO: ChangeSet liquibase/2.3.x.x/accession_validation_range.xml::1::rossumg ran successfully in 2ms
Running Changeset: liquibase/2.3.x.x/accession_validation_range_access.xml::1::rossumg
Oct 08, 2026 8:55:03 AM liquibase.changelog
INFO: New row inserted into system_module_url
Oct 08, 2026 8:55:03 AM liquibase.changelog
INFO: ChangeSet liquibase/2.3.x.x/accession_validation_range_access.xml::1::rossumg ran successfully in 1ms
Running Changeset: liquibase/2.3.x.x/accession_sequencing.xml::10::csteele
Oct 08, 2026 8:55:03 AM liquibase.changelog
INFO: Table accession_number_info created
Oct 08, 2026 8:55:03 AM liquibase.changelog
INFO: ChangeSet liquibase/2.3.x.x/accession_sequencing.xml::10::csteele ran successfully in 11ms
Running Changeset: liquibase/2.3.x.x/referral_results.xml::1::csteele
Oct 08, 2026 8:55:03 AM liquibase.changelog
INFO: Columns status(VARCHAR(255)) added to referral
Oct 08, 2026 8:55:03 AM liquibase.changelog
INFO: Data updated in referral
Oct 08, 2026 8:55:03 AM liquibase.changelog
INFO: Data updated in referral
Oct 08, 2026 8:55:03 AM liquibase.changelog
INFO: Data updated in referral
Oct 08, 2026 8:55:03 AM liquibase.changelog
INFO: ChangeSet liquibase/2.3.x.x/referral_results.xml::1::csteele ran successfully in 3ms
Running Changeset: liquibase/2.3.x.x/in_lab_tests.xml::1::csteele
Oct 08, 2026 8:55:03 AM liquibase.changelog
INFO: Columns in_lab_only(boolean) added to test
Oct 08, 2026 8:55:03 AM liquibase.changelog
INFO: ChangeSet liquibase/2.3.x.x/in_lab_tests.xml::1::csteele ran successfully in 3ms
Running Changeset: liquibase/2.3.x.x/results_range.xml::1::csteele
Oct 08, 2026 8:55:03 AM liquibase.changelog
INFO: New row inserted into system_module
Oct 08, 2026 8:55:03 AM liquibase.changelog
INFO: New row inserted into system_role_module
Oct 08, 2026 8:55:03 AM liquibase.changelog
INFO: New row inserted into system_role_module
Oct 08, 2026 8:55:03 AM liquibase.changelog
INFO: New row inserted into system_role_module
Oct 08, 2026 8:55:03 AM liquibase.changelog
INFO: New row inserted into system_module_url
Oct 08, 2026 8:55:03 AM liquibase.changelog
INFO: ChangeSet liquibase/2.3.x.x/results_range.xml::1::csteele ran successfully in 4ms
Running Changeset: liquibase/2.3.x.x/results_range.xml::2::csteele
Oct 08, 2026 8:55:03 AM liquibase.changelog
INFO: Custom SQL executed
Oct 08, 2026 8:55:03 AM liquibase.changelog
INFO: ChangeSet liquibase/2.3.x.x/results_range.xml::2::csteele ran successfully in 2ms
Running Changeset: liquibase/2.4.x.x/remove_roles.xml::1::csteele
Oct 08, 2026 8:55:03 AM liquibase.changelog
INFO: Data deleted from system_role
Oct 08, 2026 8:55:03 AM liquibase.changelog
INFO: ChangeSet liquibase/2.4.x.x/remove_roles.xml::1::csteele ran successfully in 2ms
Running Changeset: liquibase/2.5.x.x/barcode_additional_info.xml::1::csteele
Oct 08, 2026 8:55:03 AM liquibase.changelog
INFO: Data updated in site_information
Oct 08, 2026 8:55:03 AM liquibase.changelog
INFO: Data updated in site_information
Oct 08, 2026 8:55:03 AM liquibase.changelog
INFO: Data updated in site_information
Oct 08, 2026 8:55:03 AM liquibase.changelog
INFO: New row inserted into site_information
Oct 08, 2026 8:55:03 AM liquibase.changelog
INFO: New row inserted into site_information
Oct 08, 2026 8:55:03 AM liquibase.changelog
INFO: New row inserted into site_information
Oct 08, 2026 8:55:03 AM liquibase.changelog
INFO: ChangeSet liquibase/2.5.x.x/barcode_additional_info.xml::1::csteele ran successfully in 2ms
Running Changeset: liquibase/2.6.x.x/fix_sequences.xml::1::csteele
Oct 08, 2026 8:55:03 AM liquibase.changelog
INFO: Custom SQL executed
Oct 08, 2026 8:55:03 AM liquibase.changelog
INFO: ChangeSet liquibase/2.6.x.x/fix_sequences.xml::1::csteele ran successfully in 45ms
Running Changeset: liquibase/2.6.x.x/remove_do_suffix.xml::1::csteele
Oct 08, 2026 8:55:03 AM liquibase.changelog
INFO: Custom SQL executed
Oct 08, 2026 8:55:03 AM liquibase.changelog
INFO: ChangeSet liquibase/2.6.x.x/remove_do_suffix.xml::1::csteele ran successfully in 1ms
Running Changeset: liquibase/2.6.x.x/eorder_search_enhancements.xml::1::csteele
Oct 08, 2026 8:55:03 AM liquibase.changelog
INFO: Custom SQL executed
Oct 08, 2026 8:55:03 AM liquibase.changelog
INFO: ChangeSet liquibase/2.6.x.x/eorder_search_enhancements.xml::1::csteele ran successfully in 3ms
Running Changeset: liquibase/2.6.x.x/update_roles.xml::1::moses_mutesa
Oct 08, 2026 8:55:03 AM liquibase.changelog
INFO: New row inserted into system_role
Oct 08, 2026 8:55:03 AM liquibase.changelog
INFO: New row inserted into system_role
Oct 08, 2026 8:55:03 AM liquibase.changelog
INFO: Data updated in system_role
Oct 08, 2026 8:55:03 AM liquibase.changelog
INFO: Data updated in system_role
Oct 08, 2026 8:55:03 AM liquibase.changelog
INFO: Data updated in system_role
Oct 08, 2026 8:55:03 AM liquibase.changelog
INFO: Data updated in system_role
Oct 08, 2026 8:55:03 AM liquibase.changelog
INFO: Data updated in system_role
Oct 08, 2026 8:55:03 AM liquibase.changelog
INFO: Data updated in system_role
Oct 08, 2026 8:55:03 AM liquibase.changelog
INFO: Data updated in system_role
Oct 08, 2026 8:55:03 AM liquibase.changelog
INFO: Data updated in system_role
Oct 08, 2026 8:55:03 AM liquibase.changelog
INFO: Data updated in system_role
Oct 08, 2026 8:55:03 AM liquibase.changelog
INFO: Data updated in system_role
Oct 08, 2026 8:55:03 AM liquibase.changelog
INFO: Data updated in system_role
Oct 08, 2026 8:55:03 AM liquibase.changelog
INFO: Data updated in system_role
Oct 08, 2026 8:55:03 AM liquibase.changelog
INFO: ChangeSet liquibase/2.6.x.x/update_roles.xml::1::moses_mutesa ran successfully in 9ms
Running Changeset: liquibase/2.6.x.x/update_roles.xml::2::moses_mutesa
Oct 08, 2026 8:55:03 AM liquibase.changelog
INFO: Data updated in system_role
Oct 08, 2026 8:55:03 AM liquibase.changelog
INFO: ChangeSet liquibase/2.6.x.x/update_roles.xml::2::moses_mutesa ran successfully in 2ms
Running Changeset: liquibase/2.6.x.x/update_roles.xml::202303248::CIV Developer Group
Oct 08, 2026 8:55:03 AM liquibase.changelog
INFO: Continuing past: liquibase/2.6.x.x/update_roles.xml::202303248::CIV Developer Group despite precondition failure due to onFail='CONTINUE': 
          liquibase/base-changelog.xml : SQL Precondition failed.  Expected '0' got '1'

Running Changeset: liquibase/2.6.x.x/add_lab_roles_map_table.xml::1::mosesmutesa
Oct 08, 2026 8:55:03 AM liquibase.changelog
INFO: Table user_lab_unit_roles created
Oct 08, 2026 8:55:03 AM liquibase.changelog
INFO: Foreign key constraint added to user_lab_unit_roles (system_user_id)
Oct 08, 2026 8:55:03 AM liquibase.changelog
INFO: ChangeSet liquibase/2.6.x.x/add_lab_roles_map_table.xml::1::mosesmutesa ran successfully in 13ms
Running Changeset: liquibase/2.6.x.x/add_lab_roles_map_table.xml::2::mosesmutesa
Oct 08, 2026 8:55:03 AM liquibase.changelog
INFO: Table lab_unit_role_map created
Oct 08, 2026 8:55:03 AM liquibase.changelog
INFO: ChangeSet liquibase/2.6.x.x/add_lab_roles_map_table.xml::2::mosesmutesa ran successfully in 11ms
Running Changeset: liquibase/2.6.x.x/add_lab_roles_map_table.xml::3::mosesmutesa
Oct 08, 2026 8:55:03 AM liquibase.changelog
INFO: Table lab_roles created
Oct 08, 2026 8:55:03 AM liquibase.changelog
INFO: Foreign key constraint added to lab_roles (lab_unit_role_map_id)
Oct 08, 2026 8:55:03 AM liquibase.changelog
INFO: ChangeSet liquibase/2.6.x.x/add_lab_roles_map_table.xml::3::mosesmutesa ran successfully in 11ms
Running Changeset: liquibase/2.6.x.x/add_lab_roles_map_table.xml::4::mosesmutesa
Oct 08, 2026 8:55:03 AM liquibase.changelog
INFO: Table lab_unit_roles created
Oct 08, 2026 8:55:03 AM liquibase.changelog
INFO: Foreign key constraint added to lab_unit_roles (system_user_id)
Oct 08, 2026 8:55:03 AM liquibase.changelog
INFO: Foreign key constraint added to lab_unit_roles (lab_unit_role_map_id)
Oct 08, 2026 8:55:03 AM liquibase.changelog
INFO: ChangeSet liquibase/2.6.x.x/add_lab_roles_map_table.xml::4::mosesmutesa ran successfully in 10ms
Running Changeset: liquibase/2.6.x.x/add_lab_roles_map_table.xml::2312131::CIV developer Group
Oct 08, 2026 8:55:03 AM liquibase.changelog
INFO: Custom SQL executed
Oct 08, 2026 8:55:03 AM liquibase.changelog
INFO: ChangeSet liquibase/2.6.x.x/add_lab_roles_map_table.xml::2312131::CIV developer Group ran successfully in 3ms
Running Changeset: liquibase/2.6.x.x/reporting_range.xml::1::cliff
Oct 08, 2026 8:55:03 AM liquibase.changelog
INFO: Marking ChangeSet: liquibase/2.6.x.x/reporting_range.xml::1::cliff ran despite precondition failure due to onFail='MARK_RAN': 
          liquibase/base-changelog.xml : Not precondition failed

Running Changeset: liquibase/2.6.x.x/reporting_range.xml::2::cliff
Oct 08, 2026 8:55:03 AM liquibase.changelog
INFO: Marking ChangeSet: liquibase/2.6.x.x/reporting_range.xml::2::cliff ran despite precondition failure due to onFail='MARK_RAN': 
          liquibase/base-changelog.xml : Not precondition failed

Running Changeset: liquibase/2.6.x.x/update_global_admin_role.xml::1::moses_mutesa
Oct 08, 2026 8:55:03 AM liquibase.changelog
INFO: New row inserted into system_role_module
Oct 08, 2026 8:55:03 AM liquibase.changelog
INFO: New row inserted into system_role_module
Oct 08, 2026 8:55:03 AM liquibase.changelog
INFO: New row inserted into system_role_module
Oct 08, 2026 8:55:03 AM liquibase.changelog
INFO: New row inserted into system_role_module
Oct 08, 2026 8:55:03 AM liquibase.changelog
INFO: New row inserted into system_role_module
Oct 08, 2026 8:55:03 AM liquibase.changelog
INFO: New row inserted into system_role_module
Oct 08, 2026 8:55:03 AM liquibase.changelog
INFO: New row inserted into system_role_module
Oct 08, 2026 8:55:03 AM liquibase.changelog
INFO: New row inserted into system_role_module
Oct 08, 2026 8:55:03 AM liquibase.changelog
INFO: New row inserted into system_role_module
Oct 08, 2026 8:55:03 AM liquibase.changelog
INFO: New row inserted into system_role_module
Oct 08, 2026 8:55:03 AM liquibase.changelog
INFO: New row inserted into system_role_module
Oct 08, 2026 8:55:03 AM liquibase.changelog
INFO: New row inserted into system_role_module
Oct 08, 2026 8:55:03 AM liquibase.changelog
INFO: New row inserted into system_role_module
Oct 08, 2026 8:55:03 AM liquibase.changelog
INFO: New row inserted into system_role_module
Oct 08, 2026 8:55:03 AM liquibase.changelog
INFO: New row inserted into system_role_module
Oct 08, 2026 8:55:03 AM liquibase.changelog
INFO: New row inserted into system_role_module
Oct 08, 2026 8:55:03 AM liquibase.changelog
INFO: New row inserted into system_role_module
Oct 08, 2026 8:55:03 AM liquibase.changelog
INFO: ChangeSet liquibase/2.6.x.x/update_global_admin_role.xml::1::moses_mutesa ran successfully in 9ms
Running Changeset: liquibase/2.6.x.x/add_user_filter_permision.xml::1::moses_mutesa
Oct 08, 2026 8:55:03 AM liquibase.changelog
INFO: New row inserted into system_role_module
Oct 08, 2026 8:55:03 AM liquibase.changelog
INFO: New row inserted into system_module_url
Oct 08, 2026 8:55:03 AM liquibase.changelog
INFO: ChangeSet liquibase/2.6.x.x/add_user_filter_permision.xml::1::moses_mutesa ran successfully in 3ms
Running Changeset: liquibase/2.6.x.x/address_line.xml::1::cliff
Oct 08, 2026 8:55:03 AM liquibase.changelog
INFO: New row inserted into site_information
Oct 08, 2026 8:55:03 AM liquibase.changelog
INFO: New row inserted into site_information
Oct 08, 2026 8:55:03 AM liquibase.changelog
INFO: New row inserted into site_information
Oct 08, 2026 8:55:03 AM liquibase.changelog
INFO: ChangeSet liquibase/2.6.x.x/address_line.xml::1::cliff ran successfully in 2ms
Running Changeset: liquibase/2.6.x.x/geographical_unit.xml::1::cliff
Oct 08, 2026 8:55:03 AM liquibase.changelog
INFO: New row inserted into site_information
Oct 08, 2026 8:55:03 AM liquibase.changelog
INFO: New row inserted into site_information
Oct 08, 2026 8:55:03 AM liquibase.changelog
INFO: ChangeSet liquibase/2.6.x.x/geographical_unit.xml::1::cliff ran successfully in 1ms
Running Changeset: liquibase/2.6.x.x/geographical_unit.xml::2::cliff
Oct 08, 2026 8:55:03 AM liquibase.changelog
INFO: New row inserted into site_information
Oct 08, 2026 8:55:03 AM liquibase.changelog
INFO: ChangeSet liquibase/2.6.x.x/geographical_unit.xml::2::cliff ran successfully in 1ms
Running Changeset: liquibase/2.6.x.x/localization.xml::1::cliff
Oct 08, 2026 8:55:03 AM liquibase.changelog
INFO: New row inserted into localization
Oct 08, 2026 8:55:03 AM liquibase.changelog
INFO: New row inserted into localization
Oct 08, 2026 8:55:03 AM liquibase.changelog
INFO: New row inserted into localization
Oct 08, 2026 8:55:03 AM liquibase.changelog
INFO: New row inserted into localization
Oct 08, 2026 8:55:03 AM liquibase.changelog
INFO: New row inserted into localization
Oct 08, 2026 8:55:03 AM liquibase.changelog
INFO: New row inserted into localization
Oct 08, 2026 8:55:03 AM liquibase.changelog
INFO: New row inserted into localization
Oct 08, 2026 8:55:03 AM liquibase.changelog
INFO: New row inserted into localization
Oct 08, 2026 8:55:03 AM liquibase.changelog
INFO: New row inserted into localization
Oct 08, 2026 8:55:03 AM liquibase.changelog
INFO: New row inserted into localization
Oct 08, 2026 8:55:03 AM liquibase.changelog
INFO: New row inserted into localization
Oct 08, 2026 8:55:03 AM liquibase.changelog
INFO: New row inserted into localization
Oct 08, 2026 8:55:03 AM liquibase.changelog
INFO: New row inserted into localization
Oct 08, 2026 8:55:03 AM liquibase.changelog
INFO: ChangeSet liquibase/2.6.x.x/localization.xml::1::cliff ran successfully in 8ms
Running Changeset: liquibase/2.6.x.x/method.xml::1::cliff
Oct 08, 2026 8:55:03 AM liquibase.changelog
INFO: Data deleted from method
Oct 08, 2026 8:55:03 AM liquibase.changelog
INFO: ChangeSet liquibase/2.6.x.x/method.xml::1::cliff ran successfully in 3ms
Running Changeset: liquibase/2.6.x.x/method.xml::2::cliff
Oct 08, 2026 8:55:03 AM liquibase.changelog
INFO: Columns name_localization_id(NUMERIC(10)) added to method
Oct 08, 2026 8:55:03 AM liquibase.changelog
INFO: ChangeSet liquibase/2.6.x.x/method.xml::2::cliff ran successfully in 2ms
Running Changeset: liquibase/2.6.x.x/method.xml::3::cliff
Oct 08, 2026 8:55:03 AM liquibase.changelog
INFO: New row inserted into method
Oct 08, 2026 8:55:03 AM liquibase.changelog
INFO: New row inserted into method
Oct 08, 2026 8:55:03 AM liquibase.changelog
INFO: New row inserted into method
Oct 08, 2026 8:55:03 AM liquibase.changelog
INFO: New row inserted into method
Oct 08, 2026 8:55:03 AM liquibase.changelog
INFO: New row inserted into method
Oct 08, 2026 8:55:03 AM liquibase.changelog
INFO: New row inserted into method
Oct 08, 2026 8:55:03 AM liquibase.changelog
INFO: New row inserted into method
Oct 08, 2026 8:55:03 AM liquibase.changelog
INFO: New row inserted into method
Oct 08, 2026 8:55:03 AM liquibase.changelog
INFO: New row inserted into method
Oct 08, 2026 8:55:03 AM liquibase.changelog
INFO: New row inserted into method
Oct 08, 2026 8:55:03 AM liquibase.changelog
INFO: New row inserted into method
Oct 08, 2026 8:55:03 AM liquibase.changelog
INFO: New row inserted into method
Oct 08, 2026 8:55:03 AM liquibase.changelog
INFO: New row inserted into method
Oct 08, 2026 8:55:03 AM liquibase.changelog
INFO: ChangeSet liquibase/2.6.x.x/method.xml::3::cliff ran successfully in 7ms
Running Changeset: liquibase/2.6.x.x/add_order_priority.xml::1::moses_mutesa
Oct 08, 2026 8:55:03 AM liquibase.changelog
INFO: Columns order_priority(VARCHAR(255)) added to sample
Oct 08, 2026 8:55:03 AM liquibase.changelog
INFO: ChangeSet liquibase/2.6.x.x/add_order_priority.xml::1::moses_mutesa ran successfully in 3ms
Running Changeset: liquibase/2.6.x.x/add_order_priority.xml::2::moses_mutesa
Oct 08, 2026 8:55:03 AM liquibase.changelog
INFO: Columns order_priority(VARCHAR(255)) added to electronic_order
Oct 08, 2026 8:55:03 AM liquibase.changelog
INFO: ChangeSet liquibase/2.6.x.x/add_order_priority.xml::2::moses_mutesa ran successfully in 2ms
Running Changeset: liquibase/2.6.x.x/add_order_priority.xml::3::moses_mutesa
Oct 08, 2026 8:55:03 AM liquibase.changelog
INFO: New row inserted into menu
Oct 08, 2026 8:55:03 AM liquibase.changelog
INFO: ChangeSet liquibase/2.6.x.x/add_order_priority.xml::3::moses_mutesa ran successfully in 1ms
Running Changeset: liquibase/2.6.x.x/add_order_priority.xml::4::moses_mutesa
Oct 08, 2026 8:55:03 AM liquibase.changelog
INFO: New row inserted into system_module_url
Oct 08, 2026 8:55:03 AM liquibase.changelog
INFO: ChangeSet liquibase/2.6.x.x/add_order_priority.xml::4::moses_mutesa ran successfully in 2ms
Running Changeset: liquibase/2.6.x.x/add_order_priority.xml::5::moses_mutesa
Oct 08, 2026 8:55:03 AM liquibase.changelog
INFO: Data updated in menu
Oct 08, 2026 8:55:03 AM liquibase.changelog
INFO: ChangeSet liquibase/2.6.x.x/add_order_priority.xml::5::moses_mutesa ran successfully in 1ms
Running Changeset: liquibase/2.6.x.x/provider.xml::1::ctsteele
Oct 08, 2026 8:55:03 AM liquibase.changelog
INFO: Columns active(boolean) added to provider
Oct 08, 2026 8:55:03 AM liquibase.changelog
INFO: ChangeSet liquibase/2.6.x.x/provider.xml::1::ctsteele ran successfully in 2ms
Running Changeset: liquibase/2.6.x.x/provider.xml::2::csteele
Oct 08, 2026 8:55:03 AM liquibase.changelog
INFO: New row inserted into site_information
Oct 08, 2026 8:55:03 AM liquibase.changelog
INFO: ChangeSet liquibase/2.6.x.x/provider.xml::2::csteele ran successfully in 2ms
Running Changeset: liquibase/2.6.x.x/update_non_conformity_roles.xml::1::moses_mutesa
Oct 08, 2026 8:55:03 AM liquibase.changelog
INFO: New row inserted into system_role_module
Oct 08, 2026 8:55:03 AM liquibase.changelog
INFO: New row inserted into system_module_url
Oct 08, 2026 8:55:03 AM liquibase.changelog
INFO: New row inserted into system_module_url
Oct 08, 2026 8:55:03 AM liquibase.changelog
INFO: New row inserted into system_module_url
Oct 08, 2026 8:55:03 AM liquibase.changelog
INFO: ChangeSet liquibase/2.6.x.x/update_non_conformity_roles.xml::1::moses_mutesa ran successfully in 3ms
Running Changeset: liquibase/2.6.x.x/statistics_report.xml::1::moses_mutesa
Oct 08, 2026 8:55:03 AM liquibase.changelog
INFO: New row inserted into menu
Oct 08, 2026 8:55:03 AM liquibase.changelog
INFO: ChangeSet liquibase/2.6.x.x/statistics_report.xml::1::moses_mutesa ran successfully in 2ms
Running Changeset: liquibase/2.6.x.x/add_menu_study_electronic_order.xml::202208291::CIV developer Group
Oct 08, 2026 8:55:03 AM liquibase.changelog
INFO: New row inserted into menu
Oct 08, 2026 8:55:03 AM liquibase.changelog
INFO: ChangeSet liquibase/2.6.x.x/add_menu_study_electronic_order.xml::202208291::CIV developer Group ran successfully in 2ms
Running Changeset: liquibase/2.6.x.x/add_menu_study_electronic_order.xml::202208292::CIV developer Group
Oct 08, 2026 8:55:03 AM liquibase.changelog
INFO: New row inserted into system_module
Oct 08, 2026 8:55:03 AM liquibase.changelog
INFO: ChangeSet liquibase/2.6.x.x/add_menu_study_electronic_order.xml::202208292::CIV developer Group ran successfully in 1ms
Running Changeset: liquibase/2.6.x.x/add_menu_study_electronic_order.xml::202208293::CIV developer Group
Oct 08, 2026 8:55:03 AM liquibase.changelog
INFO: New row inserted into system_module_url
Oct 08, 2026 8:55:03 AM liquibase.changelog
INFO: New row inserted into system_role_module
Oct 08, 2026 8:55:03 AM liquibase.changelog
INFO: ChangeSet liquibase/2.6.x.x/add_menu_study_electronic_order.xml::202208293::CIV developer Group ran successfully in 2ms
Running Changeset: liquibase/2.6.x.x/disable_menu_reports_export_valid.xml::202208311::CIV developer Group
Oct 08, 2026 8:55:03 AM liquibase.changelog
INFO: Data updated in menu
Oct 08, 2026 8:55:03 AM liquibase.changelog
INFO: ChangeSet liquibase/2.6.x.x/disable_menu_reports_export_valid.xml::202208311::CIV developer Group ran successfully in 1ms
Running Changeset: liquibase/2.7.x.x/add_dept_org_type.xml::1::moses_mutesa
Oct 08, 2026 8:55:03 AM liquibase.changelog
INFO: New row inserted into organization_type
Oct 08, 2026 8:55:03 AM liquibase.changelog
INFO: ChangeSet liquibase/2.7.x.x/add_dept_org_type.xml::1::moses_mutesa ran successfully in 2ms
Running Changeset: liquibase/2.7.x.x/add_analyser_import_role.xml::1::moses_mutesa
Oct 08, 2026 8:55:03 AM liquibase.changelog
INFO: New row inserted into system_role
Oct 08, 2026 8:55:03 AM liquibase.changelog
INFO: New row inserted into system_role_module
Oct 08, 2026 8:55:03 AM liquibase.changelog
INFO: New row inserted into system_module_url
Oct 08, 2026 8:55:03 AM liquibase.changelog
INFO: ChangeSet liquibase/2.7.x.x/add_analyser_import_role.xml::1::moses_mutesa ran successfully in 3ms
Running Changeset: liquibase/2.7.x.x/add_analyser_import_role.xml::202303181::CIV developer Group
Oct 08, 2026 8:55:03 AM liquibase.changelog
INFO: New row inserted into system_module_url
Oct 08, 2026 8:55:03 AM liquibase.changelog
INFO: ChangeSet liquibase/2.7.x.x/add_analyser_import_role.xml::202303181::CIV developer Group ran successfully in 1ms
Running Changeset: liquibase/2.7.x.x/add_validation_by_date.xml::1::moses_mutesa
Oct 08, 2026 8:55:03 AM liquibase.changelog
INFO: New row inserted into menu
Oct 08, 2026 8:55:03 AM liquibase.changelog
INFO: ChangeSet liquibase/2.7.x.x/add_validation_by_date.xml::1::moses_mutesa ran successfully in 1ms
Running Changeset: liquibase/2.7.x.x/add_validation_by_date.xml::2::moses_mutesa
Oct 08, 2026 8:55:03 AM liquibase.changelog
INFO: New row inserted into system_module_url
Oct 08, 2026 8:55:03 AM liquibase.changelog
INFO: ChangeSet liquibase/2.7.x.x/add_validation_by_date.xml::2::moses_mutesa ran successfully in 1ms
Running Changeset: liquibase/2.7.x.x/support_reject_sample.xml::1::moses_mutesa
Oct 08, 2026 8:55:03 AM liquibase.changelog
INFO: Columns rejected(boolean) added to sample_item
Oct 08, 2026 8:55:03 AM liquibase.changelog
INFO: Columns reject_reason_id(NUMERIC(10)) added to sample_item
Oct 08, 2026 8:55:03 AM liquibase.changelog
INFO: ChangeSet liquibase/2.7.x.x/support_reject_sample.xml::1::moses_mutesa ran successfully in 3ms
Running Changeset: liquibase/2.7.x.x/support_reject_sample.xml::2::moses_mutesa
Oct 08, 2026 8:55:03 AM liquibase.changelog
INFO: New row inserted into status_of_sample
Oct 08, 2026 8:55:03 AM liquibase.changelog
INFO: New row inserted into status_of_sample
Oct 08, 2026 8:55:03 AM liquibase.changelog
INFO: ChangeSet liquibase/2.7.x.x/support_reject_sample.xml::2::moses_mutesa ran successfully in 2ms
Running Changeset: liquibase/2.7.x.x/support_reject_sample.xml::3::moses_mutesa
Oct 08, 2026 8:55:03 AM liquibase.changelog
INFO: New row inserted into menu
Oct 08, 2026 8:55:03 AM liquibase.changelog
INFO: ChangeSet liquibase/2.7.x.x/support_reject_sample.xml::3::moses_mutesa ran successfully in 2ms
Running Changeset: liquibase/2.7.x.x/support_reject_sample.xml::4::moses_mutesa
Oct 08, 2026 8:55:03 AM liquibase.changelog
INFO: Data updated in dictionary
Oct 08, 2026 8:55:03 AM liquibase.changelog
INFO: ChangeSet liquibase/2.7.x.x/support_reject_sample.xml::4::moses_mutesa ran successfully in 2ms
Running Changeset: liquibase/2.7.x.x/site_information.xml::1::csteele
Oct 08, 2026 8:55:03 AM liquibase.changelog
INFO: New row inserted into site_information
Oct 08, 2026 8:55:03 AM liquibase.changelog
INFO: ChangeSet liquibase/2.7.x.x/site_information.xml::1::csteele ran successfully in 1ms
Running Changeset: liquibase/2.7.x.x/site_information.xml::2::cliff
Oct 08, 2026 8:55:03 AM liquibase.changelog
INFO: New row inserted into site_information
Oct 08, 2026 8:55:03 AM liquibase.changelog
INFO: ChangeSet liquibase/2.7.x.x/site_information.xml::2::cliff ran successfully in 1ms
Running Changeset: liquibase/2.7.x.x/critical_range.xml::1::cliff
Oct 08, 2026 8:55:03 AM liquibase.changelog
INFO: Columns high_critical(double precision) added to result_limits
Oct 08, 2026 8:55:03 AM liquibase.changelog
INFO: ChangeSet liquibase/2.7.x.x/critical_range.xml::1::cliff ran successfully in 2ms
Running Changeset: liquibase/2.7.x.x/critical_range.xml::2::cliff
Oct 08, 2026 8:55:03 AM liquibase.changelog
INFO: Columns low_critical(double precision) added to result_limits
Oct 08, 2026 8:55:03 AM liquibase.changelog
INFO: ChangeSet liquibase/2.7.x.x/critical_range.xml::2::cliff ran successfully in 1ms
Running Changeset: liquibase/2.7.x.x/add_admin_default_roles.xml::1::moses_mutesa
Oct 08, 2026 8:55:03 AM liquibase.changelog
INFO: New row inserted into user_lab_unit_roles
Oct 08, 2026 8:55:03 AM liquibase.changelog
INFO: New row inserted into lab_unit_role_map
Oct 08, 2026 8:55:03 AM liquibase.changelog
INFO: New row inserted into lab_roles
Oct 08, 2026 8:55:03 AM liquibase.changelog
INFO: New row inserted into lab_roles
Oct 08, 2026 8:55:03 AM liquibase.changelog
INFO: New row inserted into lab_roles
Oct 08, 2026 8:55:03 AM liquibase.changelog
INFO: New row inserted into lab_roles
Oct 08, 2026 8:55:03 AM liquibase.changelog
INFO: New row inserted into lab_unit_roles
Oct 08, 2026 8:55:03 AM liquibase.changelog
INFO: ChangeSet liquibase/2.7.x.x/add_admin_default_roles.xml::1::moses_mutesa ran successfully in 4ms
Running Changeset: liquibase/2.7.x.x/add_admin_default_roles.xml::2::moses_mutesa
Oct 08, 2026 8:55:03 AM liquibase.changelog
INFO: New row inserted into system_user_role
Oct 08, 2026 8:55:03 AM liquibase.changelog
INFO: New row inserted into system_user_role
Oct 08, 2026 8:55:03 AM liquibase.changelog
INFO: New row inserted into system_user_role
Oct 08, 2026 8:55:03 AM liquibase.changelog
INFO: New row inserted into system_user_role
Oct 08, 2026 8:55:03 AM liquibase.changelog
INFO: New row inserted into system_user_role
Oct 08, 2026 8:55:03 AM liquibase.changelog
INFO: New row inserted into system_user_role
Oct 08, 2026 8:55:03 AM liquibase.changelog
INFO: New row inserted into system_user_role
Oct 08, 2026 8:55:03 AM liquibase.changelog
INFO: New row inserted into system_user_role
Oct 08, 2026 8:55:03 AM liquibase.changelog
INFO: ChangeSet liquibase/2.7.x.x/add_admin_default_roles.xml::2::moses_mutesa ran successfully in 5ms
Running Changeset: liquibase/2.7.x.x/fix_person_table.xml::1::mozzymutesa
Oct 08, 2026 8:55:03 AM liquibase.changelog
INFO: person.state datatype was changed to varchar(225)
Oct 08, 2026 8:55:03 AM liquibase.changelog
INFO: ChangeSet liquibase/2.7.x.x/fix_person_table.xml::1::mozzymutesa ran successfully in 3ms
Running Changeset: liquibase/2.7.x.x/add_patient_upid.xml::23082801::CIV developer Group
Oct 08, 2026 8:55:03 AM liquibase.changelog
INFO: Columns upid_code(varchar (255)) added to patient
Oct 08, 2026 8:55:03 AM liquibase.changelog
INFO: ChangeSet liquibase/2.7.x.x/add_patient_upid.xml::23082801::CIV developer Group ran successfully in 1ms
Running Changeset: liquibase/2.7.x.x/rename_test_for_csv_export.xml::1::csteele
Oct 08, 2026 8:55:03 AM liquibase.changelog
INFO: Data updated in localization
Oct 08, 2026 8:55:03 AM liquibase.changelog
INFO: ChangeSet liquibase/2.7.x.x/rename_test_for_csv_export.xml::1::csteele ran successfully in 1ms
Running Changeset: liquibase/2.7.x.x/add_electronic_rejection.xml::2403011::CIV developer Group
Oct 08, 2026 8:55:03 AM liquibase.changelog
INFO: Columns reject_reason(varchar (255)) added to electronic_order
Oct 08, 2026 8:55:03 AM liquibase.changelog
INFO: Columns reject_reason_id(varchar (255)) added to electronic_order
Oct 08, 2026 8:55:03 AM liquibase.changelog
INFO: Columns reject_comment(varchar (255)) added to electronic_order
Oct 08, 2026 8:55:03 AM liquibase.changelog
INFO: Remarks set on electronic_order.reject_reason_id
Oct 08, 2026 8:55:03 AM liquibase.changelog
INFO: ChangeSet liquibase/2.7.x.x/add_electronic_rejection.xml::2403011::CIV developer Group ran successfully in 3ms
Running Changeset: liquibase/2.8.x.x/reflex_rule.xml::1::moses_mutesa
Oct 08, 2026 8:55:03 AM liquibase.changelog
INFO: Sequence reflex_rule_seq created
Oct 08, 2026 8:55:03 AM liquibase.changelog
INFO: Table reflex_rule created
Oct 08, 2026 8:55:03 AM liquibase.changelog
INFO: ChangeSet liquibase/2.8.x.x/reflex_rule.xml::1::moses_mutesa ran successfully in 11ms
Running Changeset: liquibase/2.8.x.x/reflex_rule.xml::2::moses_mutesa
Oct 08, 2026 8:55:03 AM liquibase.changelog
INFO: Sequence reflex_rule_action_seq created
Oct 08, 2026 8:55:03 AM liquibase.changelog
INFO: Table reflex_rule_action created
Oct 08, 2026 8:55:03 AM liquibase.changelog
INFO: Foreign key constraint added to reflex_rule_action (reflex_rule_id)
Oct 08, 2026 8:55:03 AM liquibase.changelog
INFO: ChangeSet liquibase/2.8.x.x/reflex_rule.xml::2::moses_mutesa ran successfully in 13ms
Running Changeset: liquibase/2.8.x.x/reflex_rule.xml::3::moses_mutesa
Oct 08, 2026 8:55:03 AM liquibase.changelog
INFO: Sequence reflex_rule_condition_seq created
Oct 08, 2026 8:55:03 AM liquibase.changelog
INFO: Table reflex_rule_condition created
Oct 08, 2026 8:55:03 AM liquibase.changelog
INFO: Foreign key constraint added to reflex_rule_condition (reflex_rule_id)
Oct 08, 2026 8:55:03 AM liquibase.changelog
INFO: ChangeSet liquibase/2.8.x.x/reflex_rule.xml::3::moses_mutesa ran successfully in 12ms
Running Changeset: liquibase/2.8.x.x/reflex_rule.xml::4::moses_mutesa
Oct 08, 2026 8:55:03 AM liquibase.changelog
INFO: Columns non_dictionary_value(VARCHAR(50)) added to test_reflex
Oct 08, 2026 8:55:03 AM liquibase.changelog
INFO: Columns relation(VARCHAR(40)) added to test_reflex
Oct 08, 2026 8:55:03 AM liquibase.changelog
INFO: ChangeSet liquibase/2.8.x.x/reflex_rule.xml::4::moses_mutesa ran successfully in 3ms
Running Changeset: liquibase/2.8.x.x/reflex_rule.xml::5::moses_mutesa
Oct 08, 2026 8:55:03 AM liquibase.changelog
INFO: Columns internal_note(VARCHAR(50)) added to test_reflex
Oct 08, 2026 8:55:03 AM liquibase.changelog
INFO: Columns external_note(VARCHAR(50)) added to test_reflex
Oct 08, 2026 8:55:03 AM liquibase.changelog
INFO: ChangeSet liquibase/2.8.x.x/reflex_rule.xml::5::moses_mutesa ran successfully in 2ms
Running Changeset: liquibase/2.8.x.x/desynchronous_objects.xml::1::csteele
Oct 08, 2026 8:55:03 AM liquibase.changelog
INFO: Columns desynchronized(boolean) added to provider
Oct 08, 2026 8:55:03 AM liquibase.changelog
INFO: ChangeSet liquibase/2.8.x.x/desynchronous_objects.xml::1::csteele ran successfully in 1ms
Running Changeset: liquibase/2.8.x.x/pathology.xml::1::csteele
Oct 08, 2026 8:55:03 AM liquibase.changelog
INFO: New row inserted into system_role
Oct 08, 2026 8:55:03 AM liquibase.changelog
INFO: New row inserted into system_module
Oct 08, 2026 8:55:03 AM liquibase.changelog
INFO: New row inserted into system_role_module
Oct 08, 2026 8:55:03 AM liquibase.changelog
INFO: New row inserted into system_module_url
Oct 08, 2026 8:55:03 AM liquibase.changelog
INFO: New row inserted into system_module_url
Oct 08, 2026 8:55:03 AM liquibase.changelog
INFO: New row inserted into system_module_url
Oct 08, 2026 8:55:03 AM liquibase.changelog
INFO: ChangeSet liquibase/2.8.x.x/pathology.xml::1::csteele ran successfully in 4ms
Running Changeset: liquibase/2.8.x.x/pathology.xml::2::csteele
Oct 08, 2026 8:55:03 AM liquibase.changelog
INFO: Columns questionnaire_fhir_uuid(uuid) added to program
Oct 08, 2026 8:55:03 AM liquibase.changelog
INFO: ChangeSet liquibase/2.8.x.x/pathology.xml::2::csteele ran successfully in 1ms
Running Changeset: liquibase/2.8.x.x/pathology.xml::2.1::csteele
Oct 08, 2026 8:55:03 AM liquibase.changelog
INFO: Columns manually_changed(boolean) added to program
Oct 08, 2026 8:55:03 AM liquibase.changelog
INFO: ChangeSet liquibase/2.8.x.x/pathology.xml::2.1::csteele ran successfully in 2ms
Running Changeset: liquibase/2.8.x.x/pathology.xml::3::csteele
Oct 08, 2026 8:55:03 AM liquibase.changelog
INFO: Sequence program_sample_seq created
Oct 08, 2026 8:55:03 AM liquibase.changelog
INFO: Table program_sample created
Oct 08, 2026 8:55:03 AM liquibase.changelog
INFO: Foreign key constraint added to program_sample (program_id)
Oct 08, 2026 8:55:03 AM liquibase.changelog
INFO: Foreign key constraint added to program_sample (sample_id)
Oct 08, 2026 8:55:03 AM liquibase.changelog
INFO: Table pathology_sample created
Oct 08, 2026 8:55:03 AM liquibase.changelog
INFO: Foreign key constraint added to pathology_sample (program_id)
Oct 08, 2026 8:55:03 AM liquibase.changelog
INFO: Foreign key constraint added to pathology_sample (sample_id)
Oct 08, 2026 8:55:03 AM liquibase.changelog
INFO: ChangeSet liquibase/2.8.x.x/pathology.xml::3::csteele ran successfully in 20ms
Running Changeset: liquibase/2.8.x.x/pathology.xml::4::csteele
Oct 08, 2026 8:55:04 AM liquibase.changelog
INFO: Sequence pathology_slide_seq created
Oct 08, 2026 8:55:04 AM liquibase.changelog
INFO: Table pathology_slide created
Oct 08, 2026 8:55:04 AM liquibase.changelog
INFO: Foreign key constraint added to pathology_slide (pathology_sample_id)
Oct 08, 2026 8:55:04 AM liquibase.changelog
INFO: ChangeSet liquibase/2.8.x.x/pathology.xml::4::csteele ran successfully in 11ms
Running Changeset: liquibase/2.8.x.x/pathology.xml::5::csteele
Oct 08, 2026 8:55:04 AM liquibase.changelog
INFO: Sequence pathology_block_seq created
Oct 08, 2026 8:55:04 AM liquibase.changelog
INFO: Table pathology_block created
Oct 08, 2026 8:55:04 AM liquibase.changelog
INFO: Foreign key constraint added to pathology_block (pathology_sample_id)
Oct 08, 2026 8:55:04 AM liquibase.changelog
INFO: ChangeSet liquibase/2.8.x.x/pathology.xml::5::csteele ran successfully in 12ms
Running Changeset: liquibase/2.8.x.x/pathology.xml::6::csteele
Oct 08, 2026 8:55:04 AM liquibase.changelog
INFO: New row inserted into dictionary_category
Oct 08, 2026 8:55:04 AM liquibase.changelog
INFO: New row inserted into dictionary_category
Oct 08, 2026 8:55:04 AM liquibase.changelog
INFO: New row inserted into dictionary_category
Oct 08, 2026 8:55:04 AM liquibase.changelog
INFO: ChangeSet liquibase/2.8.x.x/pathology.xml::6::csteele ran successfully in 2ms
Running Changeset: liquibase/2.8.x.x/pathology.xml::6.1::csteele
Oct 08, 2026 8:55:04 AM liquibase.changelog
INFO: New row inserted into dictionary
Oct 08, 2026 8:55:04 AM liquibase.changelog
INFO: New row inserted into dictionary
Oct 08, 2026 8:55:04 AM liquibase.changelog
INFO: New row inserted into dictionary
Oct 08, 2026 8:55:04 AM liquibase.changelog
INFO: New row inserted into dictionary
Oct 08, 2026 8:55:04 AM liquibase.changelog
INFO: New row inserted into dictionary
Oct 08, 2026 8:55:04 AM liquibase.changelog
INFO: New row inserted into dictionary
Oct 08, 2026 8:55:04 AM liquibase.changelog
INFO: New row inserted into dictionary
Oct 08, 2026 8:55:04 AM liquibase.changelog
INFO: New row inserted into dictionary
Oct 08, 2026 8:55:04 AM liquibase.changelog
INFO: New row inserted into dictionary
Oct 08, 2026 8:55:04 AM liquibase.changelog
INFO: New row inserted into dictionary
Oct 08, 2026 8:55:04 AM liquibase.changelog
INFO: New row inserted into dictionary
Oct 08, 2026 8:55:04 AM liquibase.changelog
INFO: New row inserted into dictionary
Oct 08, 2026 8:55:04 AM liquibase.changelog
INFO: New row inserted into dictionary
Oct 08, 2026 8:55:04 AM liquibase.changelog
INFO: New row inserted into dictionary
Oct 08, 2026 8:55:04 AM liquibase.changelog
INFO: New row inserted into dictionary
Oct 08, 2026 8:55:04 AM liquibase.changelog
INFO: New row inserted into dictionary
Oct 08, 2026 8:55:04 AM liquibase.changelog
INFO: New row inserted into dictionary
Oct 08, 2026 8:55:04 AM liquibase.changelog
INFO: New row inserted into dictionary
Oct 08, 2026 8:55:04 AM liquibase.changelog
INFO: New row inserted into dictionary
Oct 08, 2026 8:55:04 AM liquibase.changelog
INFO: New row inserted into dictionary
Oct 08, 2026 8:55:04 AM liquibase.changelog
INFO: New row inserted into dictionary
Oct 08, 2026 8:55:04 AM liquibase.changelog
INFO: New row inserted into dictionary
Oct 08, 2026 8:55:04 AM liquibase.changelog
INFO: ChangeSet liquibase/2.8.x.x/pathology.xml::6.1::csteele ran successfully in 12ms
Running Changeset: liquibase/2.8.x.x/pathology.xml::7::csteele
Oct 08, 2026 8:55:04 AM liquibase.changelog
INFO: Sequence pathology_conclusion_seq created
Oct 08, 2026 8:55:04 AM liquibase.changelog
INFO: Table pathology_conclusion created
Oct 08, 2026 8:55:04 AM liquibase.changelog
INFO: Foreign key constraint added to pathology_conclusion (pathology_sample_id)
Oct 08, 2026 8:55:04 AM liquibase.changelog
INFO: ChangeSet liquibase/2.8.x.x/pathology.xml::7::csteele ran successfully in 12ms
Running Changeset: liquibase/2.8.x.x/pathology.xml::8::csteele
Oct 08, 2026 8:55:04 AM liquibase.changelog
INFO: Sequence pathology_request_seq created
Oct 08, 2026 8:55:04 AM liquibase.changelog
INFO: Table pathology_request created
Oct 08, 2026 8:55:04 AM liquibase.changelog
INFO: Foreign key constraint added to pathology_request (pathology_sample_id)
Oct 08, 2026 8:55:04 AM liquibase.changelog
INFO: ChangeSet liquibase/2.8.x.x/pathology.xml::8::csteele ran successfully in 11ms
Running Changeset: liquibase/2.8.x.x/pathology.xml::9::csteele
Oct 08, 2026 8:55:04 AM liquibase.changelog
INFO: Sequence pathology_technique_seq created
Oct 08, 2026 8:55:04 AM liquibase.changelog
INFO: Table pathology_technique created
Oct 08, 2026 8:55:04 AM liquibase.changelog
INFO: Foreign key constraint added to pathology_technique (pathology_sample_id)
Oct 08, 2026 8:55:04 AM liquibase.changelog
INFO: ChangeSet liquibase/2.8.x.x/pathology.xml::9::csteele ran successfully in 12ms
Running Changeset: liquibase/2.8.x.x/pathology.xml::10::csteele
Oct 08, 2026 8:55:04 AM liquibase.changelog
INFO: Columns file_type(VARCHAR(255)) added to pathology_slide
Oct 08, 2026 8:55:04 AM liquibase.changelog
INFO: ChangeSet liquibase/2.8.x.x/pathology.xml::10::csteele ran successfully in 1ms
Running Changeset: liquibase/2.8.x.x/pathology.xml::11::csteele
Oct 08, 2026 8:55:04 AM liquibase.changelog
INFO: Columns location(VARCHAR(255)) added to pathology_slide
Oct 08, 2026 8:55:04 AM liquibase.changelog
INFO: Columns location(VARCHAR(255)) added to pathology_block
Oct 08, 2026 8:55:04 AM liquibase.changelog
INFO: ChangeSet liquibase/2.8.x.x/pathology.xml::11::csteele ran successfully in 2ms
Running Changeset: liquibase/2.8.x.x/pathology.xml::12::csteele
Oct 08, 2026 8:55:04 AM liquibase.changelog
INFO: New row inserted into localization
Oct 08, 2026 8:55:04 AM liquibase.changelog
INFO: New row inserted into test_section
Oct 08, 2026 8:55:04 AM liquibase.changelog
INFO: ChangeSet liquibase/2.8.x.x/pathology.xml::12::csteele ran successfully in 2ms
Running Changeset: liquibase/2.8.x.x/pathology.xml::13::csteele
Oct 08, 2026 8:55:04 AM liquibase.changelog
INFO: New row inserted into program
Oct 08, 2026 8:55:04 AM liquibase.changelog
INFO: New row inserted into program
Oct 08, 2026 8:55:04 AM liquibase.changelog
INFO: New row inserted into program
Oct 08, 2026 8:55:04 AM liquibase.changelog
INFO: ChangeSet liquibase/2.8.x.x/pathology.xml::13::csteele ran successfully in 2ms
Running Changeset: liquibase/2.8.x.x/pathology.xml::14::mozzymutesa
Oct 08, 2026 8:55:04 AM liquibase.changelog
INFO: Columns test_section_id(INTEGER) added to program
Oct 08, 2026 8:55:04 AM liquibase.changelog
INFO: Foreign key constraint added to program (test_section_id)
Oct 08, 2026 8:55:04 AM liquibase.changelog
INFO: ChangeSet liquibase/2.8.x.x/pathology.xml::14::mozzymutesa ran successfully in 3ms
Running Changeset: liquibase/2.8.x.x/pathology.xml::15::mozzymutesa
Oct 08, 2026 8:55:04 AM liquibase.changelog
INFO: Sequence pathology_report_seq created
Oct 08, 2026 8:55:04 AM liquibase.changelog
INFO: Table pathology_report created
Oct 08, 2026 8:55:04 AM liquibase.changelog
INFO: Foreign key constraint added to pathology_report (pathology_sample_id)
Oct 08, 2026 8:55:04 AM liquibase.changelog
INFO: ChangeSet liquibase/2.8.x.x/pathology.xml::15::mozzymutesa ran successfully in 11ms
Running Changeset: liquibase/2.8.x.x/pathology.xml::16::csteele
Oct 08, 2026 8:55:04 AM liquibase.changelog
INFO: New row inserted into localization
Oct 08, 2026 8:55:04 AM liquibase.changelog
INFO: New row inserted into localization
Oct 08, 2026 8:55:04 AM liquibase.changelog
INFO: New row inserted into test
Oct 08, 2026 8:55:04 AM liquibase.changelog
INFO: ChangeSet liquibase/2.8.x.x/pathology.xml::16::csteele ran successfully in 2ms
Running Changeset: liquibase/2.8.x.x/pathology.xml::16.1::csteele
Oct 08, 2026 8:55:04 AM liquibase.changelog
INFO: New row inserted into localization
Oct 08, 2026 8:55:04 AM liquibase.changelog
INFO: New row inserted into type_of_sample
Oct 08, 2026 8:55:04 AM liquibase.changelog
INFO: New row inserted into sampletype_test
Oct 08, 2026 8:55:04 AM liquibase.changelog
INFO: ChangeSet liquibase/2.8.x.x/pathology.xml::16.1::csteele ran successfully in 3ms
Running Changeset: liquibase/2.8.x.x/calculated_value.xml::1::moses_mutesa
Oct 08, 2026 8:55:04 AM liquibase.changelog
INFO: Sequence calculation_seq created
Oct 08, 2026 8:55:04 AM liquibase.changelog
INFO: Table calculation created
Oct 08, 2026 8:55:04 AM liquibase.changelog
INFO: ChangeSet liquibase/2.8.x.x/calculated_value.xml::1::moses_mutesa ran successfully in 11ms
Running Changeset: liquibase/2.8.x.x/calculated_value.xml::2::moses_mutesa
Oct 08, 2026 8:55:04 AM liquibase.changelog
INFO: Sequence calculation_operation_seq created
Oct 08, 2026 8:55:04 AM liquibase.changelog
INFO: Table calculation_operation created
Oct 08, 2026 8:55:04 AM liquibase.changelog
INFO: Foreign key constraint added to calculation_operation (calculation_id)
Oct 08, 2026 8:55:04 AM liquibase.changelog
INFO: ChangeSet liquibase/2.8.x.x/calculated_value.xml::2::moses_mutesa ran successfully in 14ms
Running Changeset: liquibase/2.8.x.x/calculated_value.xml::3::moses_mutesa
Oct 08, 2026 8:55:04 AM liquibase.changelog
INFO: Sequence result_calculation_seq created
Oct 08, 2026 8:55:04 AM liquibase.changelog
INFO: Table result_calculation created
Oct 08, 2026 8:55:04 AM liquibase.changelog
INFO: Foreign key constraint added to result_calculation (calculation_id)
Oct 08, 2026 8:55:04 AM liquibase.changelog
INFO: Foreign key constraint added to result_calculation (patient_id)
Oct 08, 2026 8:55:04 AM liquibase.changelog
INFO: Foreign key constraint added to result_calculation (result_id)
Oct 08, 2026 8:55:04 AM liquibase.changelog
INFO: ChangeSet liquibase/2.8.x.x/calculated_value.xml::3::moses_mutesa ran successfully in 14ms
Running Changeset: liquibase/2.8.x.x/calculated_value.xml::4::moses_mutesa
Oct 08, 2026 8:55:04 AM liquibase.changelog
INFO: Table test_operations created
Oct 08, 2026 8:55:04 AM liquibase.changelog
INFO: Foreign key constraint added to test_operations (result_calculation_id)
Oct 08, 2026 8:55:04 AM liquibase.changelog
INFO: Foreign key constraint added to test_operations (test_id)
Oct 08, 2026 8:55:04 AM liquibase.changelog
INFO: ChangeSet liquibase/2.8.x.x/calculated_value.xml::4::moses_mutesa ran successfully in 14ms
Running Changeset: liquibase/2.8.x.x/calculated_value.xml::5::moses_mutesa
Oct 08, 2026 8:55:04 AM liquibase.changelog
INFO: Table test_result_map created
Oct 08, 2026 8:55:04 AM liquibase.changelog
INFO: Foreign key constraint added to test_result_map (result_calculation_id)
Oct 08, 2026 8:55:04 AM liquibase.changelog
INFO: Foreign key constraint added to test_result_map (test_id)
Oct 08, 2026 8:55:04 AM liquibase.changelog
INFO: Foreign key constraint added to test_result_map (result_id)
Oct 08, 2026 8:55:04 AM liquibase.changelog
INFO: ChangeSet liquibase/2.8.x.x/calculated_value.xml::5::moses_mutesa ran successfully in 11ms
Running Changeset: liquibase/2.8.x.x/calculated_value.xml::6::moses_mutesa
Oct 08, 2026 8:55:04 AM liquibase.changelog
INFO: Columns result_calculated(boolean) added to analysis
Oct 08, 2026 8:55:04 AM liquibase.changelog
INFO: ChangeSet liquibase/2.8.x.x/calculated_value.xml::6::moses_mutesa ran successfully in 2ms
Running Changeset: liquibase/2.8.x.x/calculated_value.xml::7::mozzymutesa
Oct 08, 2026 8:55:04 AM liquibase.changelog
INFO: Unique constraint added to calculation(name)
Oct 08, 2026 8:55:04 AM liquibase.changelog
INFO: ChangeSet liquibase/2.8.x.x/calculated_value.xml::7::mozzymutesa ran successfully in 1ms
Running Changeset: liquibase/2.8.x.x/calculated_value.xml::8::moses_mutesa
Oct 08, 2026 8:55:04 AM liquibase.changelog
INFO: Columns note(varchar(64)) added to calculation
Oct 08, 2026 8:55:04 AM liquibase.changelog
INFO: ChangeSet liquibase/2.8.x.x/calculated_value.xml::8::moses_mutesa ran successfully in 2ms
Running Changeset: liquibase/2.8.x.x/immunohistochemistry.xml::1::csteele
Oct 08, 2026 8:55:04 AM liquibase.changelog
INFO: Table immunohistochemistry_sample created
Oct 08, 2026 8:55:04 AM liquibase.changelog
INFO: Foreign key constraint added to immunohistochemistry_sample (program_id)
Oct 08, 2026 8:55:04 AM liquibase.changelog
INFO: Foreign key constraint added to immunohistochemistry_sample (sample_id)
Oct 08, 2026 8:55:04 AM liquibase.changelog
INFO: ChangeSet liquibase/2.8.x.x/immunohistochemistry.xml::1::csteele ran successfully in 12ms
Running Changeset: liquibase/2.8.x.x/immunohistochemistry.xml::2::mozzymutesa
Oct 08, 2026 8:55:04 AM liquibase.changelog
INFO: New row inserted into localization
Oct 08, 2026 8:55:04 AM liquibase.changelog
INFO: New row inserted into test_section
Oct 08, 2026 8:55:04 AM liquibase.changelog
INFO: ChangeSet liquibase/2.8.x.x/immunohistochemistry.xml::2::mozzymutesa ran successfully in 2ms
Running Changeset: liquibase/2.8.x.x/immunohistochemistry.xml::3::mozzymutesa
Oct 08, 2026 8:55:04 AM liquibase.changelog
INFO: Sequence immunohistochemistry_report_seq created
Oct 08, 2026 8:55:04 AM liquibase.changelog
INFO: Table immunohistochemistry_report created
Oct 08, 2026 8:55:04 AM liquibase.changelog
INFO: Foreign key constraint added to immunohistochemistry_report (immunohistochemistry_sample_id)
Oct 08, 2026 8:55:04 AM liquibase.changelog
INFO: ChangeSet liquibase/2.8.x.x/immunohistochemistry.xml::3::mozzymutesa ran successfully in 12ms
Running Changeset: liquibase/2.8.x.x/immunohistochemistry.xml::4::mozzymutesa
Oct 08, 2026 8:55:04 AM liquibase.changelog
INFO: Columns pathology_sample_id(INTEGER) added to immunohistochemistry_sample
Oct 08, 2026 8:55:04 AM liquibase.changelog
INFO: Columns reffered(boolean) added to immunohistochemistry_sample
Oct 08, 2026 8:55:04 AM liquibase.changelog
INFO: Foreign key constraint added to immunohistochemistry_sample (pathology_sample_id)
Oct 08, 2026 8:55:04 AM liquibase.changelog
INFO: ChangeSet liquibase/2.8.x.x/immunohistochemistry.xml::4::mozzymutesa ran successfully in 3ms
Running Changeset: liquibase/2.8.x.x/immunohistochemistry.xml::5::csteele
Oct 08, 2026 8:55:04 AM liquibase.changelog
INFO: New row inserted into localization
Oct 08, 2026 8:55:04 AM liquibase.changelog
INFO: New row inserted into type_of_sample
Oct 08, 2026 8:55:04 AM liquibase.changelog
INFO: ChangeSet liquibase/2.8.x.x/immunohistochemistry.xml::5::csteele ran successfully in 2ms
Running Changeset: liquibase/2.8.x.x/immunohistochemistry.xml::6::csteele
Oct 08, 2026 8:55:04 AM liquibase.changelog
INFO: New row inserted into localization
Oct 08, 2026 8:55:04 AM liquibase.changelog
INFO: New row inserted into localization
Oct 08, 2026 8:55:04 AM liquibase.changelog
INFO: New row inserted into test
Oct 08, 2026 8:55:04 AM liquibase.changelog
INFO: New row inserted into test_result
Oct 08, 2026 8:55:04 AM liquibase.changelog
INFO: New row inserted into sampletype_test
Oct 08, 2026 8:55:04 AM liquibase.changelog
INFO: New row inserted into localization
Oct 08, 2026 8:55:04 AM liquibase.changelog
INFO: New row inserted into localization
Oct 08, 2026 8:55:04 AM liquibase.changelog
INFO: New row inserted into test
Oct 08, 2026 8:55:04 AM liquibase.changelog
INFO: New row inserted into test_result
Oct 08, 2026 8:55:04 AM liquibase.changelog
INFO: New row inserted into sampletype_test
Oct 08, 2026 8:55:04 AM liquibase.changelog
INFO: New row inserted into localization
Oct 08, 2026 8:55:04 AM liquibase.changelog
INFO: New row inserted into localization
Oct 08, 2026 8:55:04 AM liquibase.changelog
INFO: New row inserted into test
Oct 08, 2026 8:55:04 AM liquibase.changelog
INFO: New row inserted into test_result
Oct 08, 2026 8:55:04 AM liquibase.changelog
INFO: New row inserted into sampletype_test
Oct 08, 2026 8:55:04 AM liquibase.changelog
INFO: New row inserted into localization
Oct 08, 2026 8:55:04 AM liquibase.changelog
INFO: New row inserted into localization
Oct 08, 2026 8:55:04 AM liquibase.changelog
INFO: New row inserted into test
Oct 08, 2026 8:55:04 AM liquibase.changelog
INFO: New row inserted into test_result
Oct 08, 2026 8:55:04 AM liquibase.changelog
INFO: New row inserted into sampletype_test
Oct 08, 2026 8:55:04 AM liquibase.changelog
INFO: New row inserted into localization
Oct 08, 2026 8:55:04 AM liquibase.changelog
INFO: New row inserted into localization
Oct 08, 2026 8:55:04 AM liquibase.changelog
INFO: New row inserted into test
Oct 08, 2026 8:55:04 AM liquibase.changelog
INFO: New row inserted into test_result
Oct 08, 2026 8:55:04 AM liquibase.changelog
INFO: New row inserted into sampletype_test
Oct 08, 2026 8:55:04 AM liquibase.changelog
INFO: New row inserted into localization
Oct 08, 2026 8:55:04 AM liquibase.changelog
INFO: New row inserted into localization
Oct 08, 2026 8:55:04 AM liquibase.changelog
INFO: New row inserted into test
Oct 08, 2026 8:55:04 AM liquibase.changelog
INFO: New row inserted into test_result
Oct 08, 2026 8:55:04 AM liquibase.changelog
INFO: New row inserted into sampletype_test
Oct 08, 2026 8:55:04 AM liquibase.changelog
INFO: New row inserted into localization
Oct 08, 2026 8:55:04 AM liquibase.changelog
INFO: New row inserted into localization
Oct 08, 2026 8:55:04 AM liquibase.changelog
INFO: New row inserted into test
Oct 08, 2026 8:55:04 AM liquibase.changelog
INFO: New row inserted into test_result
Oct 08, 2026 8:55:04 AM liquibase.changelog
INFO: New row inserted into sampletype_test
Oct 08, 2026 8:55:04 AM liquibase.changelog
INFO: New row inserted into localization
Oct 08, 2026 8:55:04 AM liquibase.changelog
INFO: New row inserted into localization
Oct 08, 2026 8:55:04 AM liquibase.changelog
INFO: New row inserted into test
Oct 08, 2026 8:55:04 AM liquibase.changelog
INFO: New row inserted into test_result
Oct 08, 2026 8:55:04 AM liquibase.changelog
INFO: New row inserted into sampletype_test
Oct 08, 2026 8:55:04 AM liquibase.changelog
INFO: New row inserted into localization
Oct 08, 2026 8:55:04 AM liquibase.changelog
INFO: New row inserted into localization
Oct 08, 2026 8:55:04 AM liquibase.changelog
INFO: New row inserted into test
Oct 08, 2026 8:55:04 AM liquibase.changelog
INFO: New row inserted into test_result
Oct 08, 2026 8:55:04 AM liquibase.changelog
INFO: New row inserted into sampletype_test
Oct 08, 2026 8:55:04 AM liquibase.changelog
INFO: New row inserted into localization
Oct 08, 2026 8:55:04 AM liquibase.changelog
INFO: New row inserted into localization
Oct 08, 2026 8:55:04 AM liquibase.changelog
INFO: New row inserted into test
Oct 08, 2026 8:55:04 AM liquibase.changelog
INFO: New row inserted into test_result
Oct 08, 2026 8:55:04 AM liquibase.changelog
INFO: New row inserted into sampletype_test
Oct 08, 2026 8:55:04 AM liquibase.changelog
INFO: New row inserted into localization
Oct 08, 2026 8:55:04 AM liquibase.changelog
INFO: New row inserted into localization
Oct 08, 2026 8:55:04 AM liquibase.changelog
INFO: New row inserted into test
Oct 08, 2026 8:55:04 AM liquibase.changelog
INFO: New row inserted into test_result
Oct 08, 2026 8:55:04 AM liquibase.changelog
INFO: New row inserted into sampletype_test
Oct 08, 2026 8:55:04 AM liquibase.changelog
INFO: New row inserted into localization
Oct 08, 2026 8:55:04 AM liquibase.changelog
INFO: New row inserted into localization
Oct 08, 2026 8:55:04 AM liquibase.changelog
INFO: New row inserted into test
Oct 08, 2026 8:55:04 AM liquibase.changelog
INFO: New row inserted into test_result
Oct 08, 2026 8:55:04 AM liquibase.changelog
INFO: New row inserted into sampletype_test
Oct 08, 2026 8:55:04 AM liquibase.changelog
INFO: New row inserted into localization
Oct 08, 2026 8:55:04 AM liquibase.changelog
INFO: New row inserted into localization
Oct 08, 2026 8:55:04 AM liquibase.changelog
INFO: New row inserted into test
Oct 08, 2026 8:55:04 AM liquibase.changelog
INFO: New row inserted into test_result
Oct 08, 2026 8:55:04 AM liquibase.changelog
INFO: New row inserted into sampletype_test
Oct 08, 2026 8:55:04 AM liquibase.changelog
INFO: New row inserted into localization
Oct 08, 2026 8:55:04 AM liquibase.changelog
INFO: New row inserted into localization
Oct 08, 2026 8:55:04 AM liquibase.changelog
INFO: New row inserted into test
Oct 08, 2026 8:55:04 AM liquibase.changelog
INFO: New row inserted into test_result
Oct 08, 2026 8:55:04 AM liquibase.changelog
INFO: New row inserted into sampletype_test
Oct 08, 2026 8:55:04 AM liquibase.changelog
INFO: New row inserted into localization
Oct 08, 2026 8:55:04 AM liquibase.changelog
INFO: New row inserted into localization
Oct 08, 2026 8:55:04 AM liquibase.changelog
INFO: New row inserted into test
Oct 08, 2026 8:55:04 AM liquibase.changelog
INFO: New row inserted into test_result
Oct 08, 2026 8:55:04 AM liquibase.changelog
INFO: New row inserted into sampletype_test
Oct 08, 2026 8:55:04 AM liquibase.changelog
INFO: New row inserted into localization
Oct 08, 2026 8:55:04 AM liquibase.changelog
INFO: New row inserted into localization
Oct 08, 2026 8:55:04 AM liquibase.changelog
INFO: New row inserted into test
Oct 08, 2026 8:55:04 AM liquibase.changelog
INFO: New row inserted into test_result
Oct 08, 2026 8:55:04 AM liquibase.changelog
INFO: New row inserted into sampletype_test
Oct 08, 2026 8:55:04 AM liquibase.changelog
INFO: New row inserted into localization
Oct 08, 2026 8:55:04 AM liquibase.changelog
INFO: New row inserted into localization
Oct 08, 2026 8:55:04 AM liquibase.changelog
INFO: New row inserted into test
Oct 08, 2026 8:55:04 AM liquibase.changelog
INFO: New row inserted into test_result
Oct 08, 2026 8:55:04 AM liquibase.changelog
INFO: New row inserted into sampletype_test
Oct 08, 2026 8:55:04 AM liquibase.changelog
INFO: New row inserted into localization
Oct 08, 2026 8:55:04 AM liquibase.changelog
INFO: New row inserted into localization
Oct 08, 2026 8:55:04 AM liquibase.changelog
INFO: New row inserted into test
Oct 08, 2026 8:55:04 AM liquibase.changelog
INFO: New row inserted into test_result
Oct 08, 2026 8:55:04 AM liquibase.changelog
INFO: New row inserted into sampletype_test
Oct 08, 2026 8:55:04 AM liquibase.changelog
INFO: New row inserted into localization
Oct 08, 2026 8:55:04 AM liquibase.changelog
INFO: New row inserted into localization
Oct 08, 2026 8:55:04 AM liquibase.changelog
INFO: New row inserted into test
Oct 08, 2026 8:55:04 AM liquibase.changelog
INFO: New row inserted into test_result
Oct 08, 2026 8:55:04 AM liquibase.changelog
INFO: New row inserted into sampletype_test
Oct 08, 2026 8:55:04 AM liquibase.changelog
INFO: New row inserted into localization
Oct 08, 2026 8:55:04 AM liquibase.changelog
INFO: New row inserted into localization
Oct 08, 2026 8:55:04 AM liquibase.changelog
INFO: New row inserted into test
Oct 08, 2026 8:55:04 AM liquibase.changelog
INFO: New row inserted into test_result
Oct 08, 2026 8:55:04 AM liquibase.changelog
INFO: New row inserted into sampletype_test
Oct 08, 2026 8:55:04 AM liquibase.changelog
INFO: New row inserted into localization
Oct 08, 2026 8:55:04 AM liquibase.changelog
INFO: New row inserted into localization
Oct 08, 2026 8:55:04 AM liquibase.changelog
INFO: New row inserted into test
Oct 08, 2026 8:55:04 AM liquibase.changelog
INFO: New row inserted into test_result
Oct 08, 2026 8:55:04 AM liquibase.changelog
INFO: New row inserted into sampletype_test
Oct 08, 2026 8:55:04 AM liquibase.changelog
INFO: New row inserted into localization
Oct 08, 2026 8:55:04 AM liquibase.changelog
INFO: New row inserted into localization
Oct 08, 2026 8:55:04 AM liquibase.changelog
INFO: New row inserted into test
Oct 08, 2026 8:55:04 AM liquibase.changelog
INFO: New row inserted into test_result
Oct 08, 2026 8:55:04 AM liquibase.changelog
INFO: New row inserted into sampletype_test
Oct 08, 2026 8:55:04 AM liquibase.changelog
INFO: New row inserted into localization
Oct 08, 2026 8:55:04 AM liquibase.changelog
INFO: New row inserted into localization
Oct 08, 2026 8:55:04 AM liquibase.changelog
INFO: New row inserted into test
Oct 08, 2026 8:55:04 AM liquibase.changelog
INFO: New row inserted into test_result
Oct 08, 2026 8:55:04 AM liquibase.changelog
INFO: New row inserted into sampletype_test
Oct 08, 2026 8:55:04 AM liquibase.changelog
INFO: New row inserted into localization
Oct 08, 2026 8:55:04 AM liquibase.changelog
INFO: New row inserted into localization
Oct 08, 2026 8:55:04 AM liquibase.changelog
INFO: New row inserted into test
Oct 08, 2026 8:55:04 AM liquibase.changelog
INFO: New row inserted into test_result
Oct 08, 2026 8:55:04 AM liquibase.changelog
INFO: New row inserted into sampletype_test
Oct 08, 2026 8:55:04 AM liquibase.changelog
INFO: New row inserted into localization
Oct 08, 2026 8:55:04 AM liquibase.changelog
INFO: New row inserted into localization
Oct 08, 2026 8:55:04 AM liquibase.changelog
INFO: New row inserted into test
Oct 08, 2026 8:55:04 AM liquibase.changelog
INFO: New row inserted into test_result
Oct 08, 2026 8:55:04 AM liquibase.changelog
INFO: New row inserted into sampletype_test
Oct 08, 2026 8:55:04 AM liquibase.changelog
INFO: New row inserted into localization
Oct 08, 2026 8:55:04 AM liquibase.changelog
INFO: New row inserted into localization
Oct 08, 2026 8:55:04 AM liquibase.changelog
INFO: New row inserted into test
Oct 08, 2026 8:55:04 AM liquibase.changelog
INFO: New row inserted into test_result
Oct 08, 2026 8:55:04 AM liquibase.changelog
INFO: New row inserted into sampletype_test
Oct 08, 2026 8:55:04 AM liquibase.changelog
INFO: New row inserted into localization
Oct 08, 2026 8:55:04 AM liquibase.changelog
INFO: New row inserted into localization
Oct 08, 2026 8:55:04 AM liquibase.changelog
INFO: New row inserted into test
Oct 08, 2026 8:55:04 AM liquibase.changelog
INFO: New row inserted into test_result
Oct 08, 2026 8:55:04 AM liquibase.changelog
INFO: New row inserted into sampletype_test
Oct 08, 2026 8:55:04 AM liquibase.changelog
INFO: New row inserted into localization
Oct 08, 2026 8:55:04 AM liquibase.changelog
INFO: New row inserted into localization
Oct 08, 2026 8:55:04 AM liquibase.changelog
INFO: New row inserted into test
Oct 08, 2026 8:55:04 AM liquibase.changelog
INFO: New row inserted into test_result
Oct 08, 2026 8:55:04 AM liquibase.changelog
INFO: New row inserted into sampletype_test
Oct 08, 2026 8:55:04 AM liquibase.changelog
INFO: New row inserted into localization
Oct 08, 2026 8:55:04 AM liquibase.changelog
INFO: New row inserted into localization
Oct 08, 2026 8:55:04 AM liquibase.changelog
INFO: New row inserted into test
Oct 08, 2026 8:55:04 AM liquibase.changelog
INFO: New row inserted into test_result
Oct 08, 2026 8:55:04 AM liquibase.changelog
INFO: New row inserted into sampletype_test
Oct 08, 2026 8:55:04 AM liquibase.changelog
INFO: New row inserted into localization
Oct 08, 2026 8:55:04 AM liquibase.changelog
INFO: New row inserted into localization
Oct 08, 2026 8:55:04 AM liquibase.changelog
INFO: New row inserted into test
Oct 08, 2026 8:55:04 AM liquibase.changelog
INFO: New row inserted into test_result
Oct 08, 2026 8:55:04 AM liquibase.changelog
INFO: New row inserted into sampletype_test
Oct 08, 2026 8:55:04 AM liquibase.changelog
INFO: New row inserted into localization
Oct 08, 2026 8:55:04 AM liquibase.changelog
INFO: New row inserted into localization
Oct 08, 2026 8:55:04 AM liquibase.changelog
INFO: New row inserted into test
Oct 08, 2026 8:55:04 AM liquibase.changelog
INFO: New row inserted into test_result
Oct 08, 2026 8:55:04 AM liquibase.changelog
INFO: New row inserted into sampletype_test
Oct 08, 2026 8:55:04 AM liquibase.changelog
INFO: New row inserted into localization
Oct 08, 2026 8:55:04 AM liquibase.changelog
INFO: New row inserted into localization
Oct 08, 2026 8:55:04 AM liquibase.changelog
INFO: New row inserted into test
Oct 08, 2026 8:55:04 AM liquibase.changelog
INFO: New row inserted into test_result
Oct 08, 2026 8:55:04 AM liquibase.changelog
INFO: New row inserted into sampletype_test
Oct 08, 2026 8:55:04 AM liquibase.changelog
INFO: New row inserted into localization
Oct 08, 2026 8:55:04 AM liquibase.changelog
INFO: New row inserted into localization
Oct 08, 2026 8:55:04 AM liquibase.changelog
INFO: New row inserted into test
Oct 08, 2026 8:55:04 AM liquibase.changelog
INFO: New row inserted into test_result
Oct 08, 2026 8:55:04 AM liquibase.changelog
INFO: New row inserted into sampletype_test
Oct 08, 2026 8:55:04 AM liquibase.changelog
INFO: New row inserted into localization
Oct 08, 2026 8:55:04 AM liquibase.changelog
INFO: New row inserted into localization
Oct 08, 2026 8:55:04 AM liquibase.changelog
INFO: New row inserted into test
Oct 08, 2026 8:55:04 AM liquibase.changelog
INFO: New row inserted into test_result
Oct 08, 2026 8:55:04 AM liquibase.changelog
INFO: New row inserted into sampletype_test
Oct 08, 2026 8:55:04 AM liquibase.changelog
INFO: New row inserted into localization
Oct 08, 2026 8:55:04 AM liquibase.changelog
INFO: New row inserted into localization
Oct 08, 2026 8:55:04 AM liquibase.changelog
INFO: New row inserted into test
Oct 08, 2026 8:55:04 AM liquibase.changelog
INFO: New row inserted into test_result
Oct 08, 2026 8:55:04 AM liquibase.changelog
INFO: New row inserted into sampletype_test
Oct 08, 2026 8:55:04 AM liquibase.changelog
INFO: New row inserted into localization
Oct 08, 2026 8:55:04 AM liquibase.changelog
INFO: New row inserted into localization
Oct 08, 2026 8:55:04 AM liquibase.changelog
INFO: New row inserted into test
Oct 08, 2026 8:55:04 AM liquibase.changelog
INFO: New row inserted into test_result
Oct 08, 2026 8:55:04 AM liquibase.changelog
INFO: New row inserted into sampletype_test
Oct 08, 2026 8:55:04 AM liquibase.changelog
INFO: New row inserted into localization
Oct 08, 2026 8:55:04 AM liquibase.changelog
INFO: New row inserted into localization
Oct 08, 2026 8:55:04 AM liquibase.changelog
INFO: New row inserted into test
Oct 08, 2026 8:55:04 AM liquibase.changelog
INFO: New row inserted into test_result
Oct 08, 2026 8:55:04 AM liquibase.changelog
INFO: New row inserted into sampletype_test
Oct 08, 2026 8:55:04 AM liquibase.changelog
INFO: New row inserted into localization
Oct 08, 2026 8:55:04 AM liquibase.changelog
INFO: New row inserted into localization
Oct 08, 2026 8:55:04 AM liquibase.changelog
INFO: New row inserted into test
Oct 08, 2026 8:55:04 AM liquibase.changelog
INFO: New row inserted into test_result
Oct 08, 2026 8:55:04 AM liquibase.changelog
INFO: New row inserted into sampletype_test
Oct 08, 2026 8:55:04 AM liquibase.changelog
INFO: New row inserted into localization
Oct 08, 2026 8:55:04 AM liquibase.changelog
INFO: New row inserted into localization
Oct 08, 2026 8:55:04 AM liquibase.changelog
INFO: New row inserted into test
Oct 08, 2026 8:55:04 AM liquibase.changelog
INFO: New row inserted into test_result
Oct 08, 2026 8:55:04 AM liquibase.changelog
INFO: New row inserted into sampletype_test
Oct 08, 2026 8:55:04 AM liquibase.changelog
INFO: New row inserted into localization
Oct 08, 2026 8:55:04 AM liquibase.changelog
INFO: New row inserted into localization
Oct 08, 2026 8:55:04 AM liquibase.changelog
INFO: New row inserted into test
Oct 08, 2026 8:55:04 AM liquibase.changelog
INFO: New row inserted into test_result
Oct 08, 2026 8:55:04 AM liquibase.changelog
INFO: New row inserted into sampletype_test
Oct 08, 2026 8:55:04 AM liquibase.changelog
INFO: New row inserted into localization
Oct 08, 2026 8:55:04 AM liquibase.changelog
INFO: New row inserted into localization
Oct 08, 2026 8:55:04 AM liquibase.changelog
INFO: New row inserted into test
Oct 08, 2026 8:55:04 AM liquibase.changelog
INFO: New row inserted into test_result
Oct 08, 2026 8:55:04 AM liquibase.changelog
INFO: New row inserted into sampletype_test
Oct 08, 2026 8:55:04 AM liquibase.changelog
INFO: New row inserted into localization
Oct 08, 2026 8:55:04 AM liquibase.changelog
INFO: New row inserted into localization
Oct 08, 2026 8:55:04 AM liquibase.changelog
INFO: New row inserted into test
Oct 08, 2026 8:55:04 AM liquibase.changelog
INFO: New row inserted into test_result
Oct 08, 2026 8:55:04 AM liquibase.changelog
INFO: New row inserted into sampletype_test
Oct 08, 2026 8:55:04 AM liquibase.changelog
INFO: New row inserted into localization
Oct 08, 2026 8:55:04 AM liquibase.changelog
INFO: New row inserted into localization
Oct 08, 2026 8:55:04 AM liquibase.changelog
INFO: New row inserted into test
Oct 08, 2026 8:55:04 AM liquibase.changelog
INFO: New row inserted into test_result
Oct 08, 2026 8:55:04 AM liquibase.changelog
INFO: New row inserted into sampletype_test
Oct 08, 2026 8:55:04 AM liquibase.changelog
INFO: New row inserted into localization
Oct 08, 2026 8:55:04 AM liquibase.changelog
INFO: New row inserted into localization
Oct 08, 2026 8:55:04 AM liquibase.changelog
INFO: New row inserted into test
Oct 08, 2026 8:55:04 AM liquibase.changelog
INFO: New row inserted into test_result
Oct 08, 2026 8:55:04 AM liquibase.changelog
INFO: New row inserted into sampletype_test
Oct 08, 2026 8:55:04 AM liquibase.changelog
INFO: New row inserted into localization
Oct 08, 2026 8:55:04 AM liquibase.changelog
INFO: New row inserted into localization
Oct 08, 2026 8:55:04 AM liquibase.changelog
INFO: New row inserted into test
Oct 08, 2026 8:55:04 AM liquibase.changelog
INFO: New row inserted into test_result
Oct 08, 2026 8:55:04 AM liquibase.changelog
INFO: New row inserted into sampletype_test
Oct 08, 2026 8:55:04 AM liquibase.changelog
INFO: New row inserted into localization
Oct 08, 2026 8:55:04 AM liquibase.changelog
INFO: New row inserted into localization
Oct 08, 2026 8:55:04 AM liquibase.changelog
INFO: New row inserted into test
Oct 08, 2026 8:55:04 AM liquibase.changelog
INFO: New row inserted into test_result
Oct 08, 2026 8:55:04 AM liquibase.changelog
INFO: New row inserted into sampletype_test
Oct 08, 2026 8:55:04 AM liquibase.changelog
INFO: New row inserted into localization
Oct 08, 2026 8:55:04 AM liquibase.changelog
INFO: New row inserted into localization
Oct 08, 2026 8:55:04 AM liquibase.changelog
INFO: New row inserted into test
Oct 08, 2026 8:55:04 AM liquibase.changelog
INFO: New row inserted into test_result
Oct 08, 2026 8:55:04 AM liquibase.changelog
INFO: New row inserted into sampletype_test
Oct 08, 2026 8:55:04 AM liquibase.changelog
INFO: New row inserted into localization
Oct 08, 2026 8:55:04 AM liquibase.changelog
INFO: New row inserted into localization
Oct 08, 2026 8:55:04 AM liquibase.changelog
INFO: New row inserted into test
Oct 08, 2026 8:55:04 AM liquibase.changelog
INFO: New row inserted into test_result
Oct 08, 2026 8:55:04 AM liquibase.changelog
INFO: New row inserted into sampletype_test
Oct 08, 2026 8:55:04 AM liquibase.changelog
INFO: New row inserted into localization
Oct 08, 2026 8:55:04 AM liquibase.changelog
INFO: New row inserted into localization
Oct 08, 2026 8:55:04 AM liquibase.changelog
INFO: New row inserted into test
Oct 08, 2026 8:55:04 AM liquibase.changelog
INFO: New row inserted into test_result
Oct 08, 2026 8:55:04 AM liquibase.changelog
INFO: New row inserted into sampletype_test
Oct 08, 2026 8:55:04 AM liquibase.changelog
INFO: New row inserted into localization
Oct 08, 2026 8:55:04 AM liquibase.changelog
INFO: New row inserted into localization
Oct 08, 2026 8:55:04 AM liquibase.changelog
INFO: New row inserted into test
Oct 08, 2026 8:55:04 AM liquibase.changelog
INFO: New row inserted into test_result
Oct 08, 2026 8:55:04 AM liquibase.changelog
INFO: New row inserted into sampletype_test
Oct 08, 2026 8:55:04 AM liquibase.changelog
INFO: New row inserted into localization
Oct 08, 2026 8:55:04 AM liquibase.changelog
INFO: New row inserted into localization
Oct 08, 2026 8:55:04 AM liquibase.changelog
INFO: New row inserted into test
Oct 08, 2026 8:55:04 AM liquibase.changelog
INFO: New row inserted into test_result
Oct 08, 2026 8:55:04 AM liquibase.changelog
INFO: New row inserted into sampletype_test
Oct 08, 2026 8:55:04 AM liquibase.changelog
INFO: New row inserted into localization
Oct 08, 2026 8:55:04 AM liquibase.changelog
INFO: New row inserted into localization
Oct 08, 2026 8:55:04 AM liquibase.changelog
INFO: New row inserted into test
Oct 08, 2026 8:55:04 AM liquibase.changelog
INFO: New row inserted into test_result
Oct 08, 2026 8:55:04 AM liquibase.changelog
INFO: New row inserted into sampletype_test
Oct 08, 2026 8:55:04 AM liquibase.changelog
INFO: New row inserted into localization
Oct 08, 2026 8:55:04 AM liquibase.changelog
INFO: New row inserted into localization
Oct 08, 2026 8:55:04 AM liquibase.changelog
INFO: New row inserted into test
Oct 08, 2026 8:55:04 AM liquibase.changelog
INFO: New row inserted into test_result
Oct 08, 2026 8:55:04 AM liquibase.changelog
INFO: New row inserted into sampletype_test
Oct 08, 2026 8:55:04 AM liquibase.changelog
INFO: New row inserted into localization
Oct 08, 2026 8:55:04 AM liquibase.changelog
INFO: New row inserted into localization
Oct 08, 2026 8:55:04 AM liquibase.changelog
INFO: New row inserted into test
Oct 08, 2026 8:55:04 AM liquibase.changelog
INFO: New row inserted into test_result
Oct 08, 2026 8:55:04 AM liquibase.changelog
INFO: New row inserted into sampletype_test
Oct 08, 2026 8:55:04 AM liquibase.changelog
INFO: New row inserted into localization
Oct 08, 2026 8:55:04 AM liquibase.changelog
INFO: New row inserted into localization
Oct 08, 2026 8:55:04 AM liquibase.changelog
INFO: New row inserted into test
Oct 08, 2026 8:55:04 AM liquibase.changelog
INFO: New row inserted into test_result
Oct 08, 2026 8:55:04 AM liquibase.changelog
INFO: New row inserted into sampletype_test
Oct 08, 2026 8:55:04 AM liquibase.changelog
INFO: New row inserted into localization
Oct 08, 2026 8:55:04 AM liquibase.changelog
INFO: New row inserted into localization
Oct 08, 2026 8:55:04 AM liquibase.changelog
INFO: New row inserted into test
Oct 08, 2026 8:55:04 AM liquibase.changelog
INFO: New row inserted into test_result
Oct 08, 2026 8:55:04 AM liquibase.changelog
INFO: New row inserted into sampletype_test
Oct 08, 2026 8:55:04 AM liquibase.changelog
INFO: New row inserted into localization
Oct 08, 2026 8:55:04 AM liquibase.changelog
INFO: New row inserted into localization
Oct 08, 2026 8:55:04 AM liquibase.changelog
INFO: New row inserted into test
Oct 08, 2026 8:55:04 AM liquibase.changelog
INFO: New row inserted into test_result
Oct 08, 2026 8:55:04 AM liquibase.changelog
INFO: New row inserted into sampletype_test
Oct 08, 2026 8:55:04 AM liquibase.changelog
INFO: ChangeSet liquibase/2.8.x.x/immunohistochemistry.xml::6::csteele ran successfully in 138ms
Running Changeset: liquibase/2.8.x.x/immunohistochemistry.xml::7::mozzymutesa
Oct 08, 2026 8:55:04 AM liquibase.changelog
INFO: New row inserted into dictionary_category
Oct 08, 2026 8:55:04 AM liquibase.changelog
INFO: New row inserted into dictionary_category
Oct 08, 2026 8:55:04 AM liquibase.changelog
INFO: New row inserted into dictionary_category
Oct 08, 2026 8:55:04 AM liquibase.changelog
INFO: ChangeSet liquibase/2.8.x.x/immunohistochemistry.xml::7::mozzymutesa ran successfully in 2ms
Running Changeset: liquibase/2.8.x.x/immunohistochemistry.xml::8::mozzymutesa
Oct 08, 2026 8:55:04 AM liquibase.changelog
INFO: New row inserted into dictionary
Oct 08, 2026 8:55:04 AM liquibase.changelog
INFO: New row inserted into dictionary
Oct 08, 2026 8:55:04 AM liquibase.changelog
INFO: New row inserted into dictionary
Oct 08, 2026 8:55:04 AM liquibase.changelog
INFO: ChangeSet liquibase/2.8.x.x/immunohistochemistry.xml::8::mozzymutesa ran successfully in 2ms
Running Changeset: liquibase/2.8.x.x/cytology.xml::1::mozzymutesa
Oct 08, 2026 8:55:04 AM liquibase.changelog
INFO: Sequence cytology_specimen_adequacy_seq created
Oct 08, 2026 8:55:04 AM liquibase.changelog
INFO: Table cytology_specimen_adequacy created
Oct 08, 2026 8:55:04 AM liquibase.changelog
INFO: ChangeSet liquibase/2.8.x.x/cytology.xml::1::mozzymutesa ran successfully in 11ms
Running Changeset: liquibase/2.8.x.x/cytology.xml::2::mozzymutesa
Oct 08, 2026 8:55:04 AM liquibase.changelog
INFO: Table cytology_specimen_adequacy_value created
Oct 08, 2026 8:55:04 AM liquibase.changelog
INFO: Foreign key constraint added to cytology_specimen_adequacy_value (cytology_specimen_adequacy_id)
Oct 08, 2026 8:55:04 AM liquibase.changelog
INFO: ChangeSet liquibase/2.8.x.x/cytology.xml::2::mozzymutesa ran successfully in 12ms
Running Changeset: liquibase/2.8.x.x/cytology.xml::3::mozzymutesa
Oct 08, 2026 8:55:04 AM liquibase.changelog
INFO: Table cytology_sample created
Oct 08, 2026 8:55:04 AM liquibase.changelog
INFO: Foreign key constraint added to cytology_sample (program_id)
Oct 08, 2026 8:55:04 AM liquibase.changelog
INFO: Foreign key constraint added to cytology_sample (sample_id)
Oct 08, 2026 8:55:04 AM liquibase.changelog
INFO: Foreign key constraint added to cytology_sample (technician_id)
Oct 08, 2026 8:55:04 AM liquibase.changelog
INFO: Foreign key constraint added to cytology_sample (cytopathologist_id)
Oct 08, 2026 8:55:04 AM liquibase.changelog
INFO: Foreign key constraint added to cytology_sample (specimen_adequacy_id)
Oct 08, 2026 8:55:04 AM liquibase.changelog
INFO: ChangeSet liquibase/2.8.x.x/cytology.xml::3::mozzymutesa ran successfully in 20ms
Running Changeset: liquibase/2.8.x.x/cytology.xml::4::mozzymutesa
Oct 08, 2026 8:55:04 AM liquibase.changelog
INFO: Sequence cytology_slide_seq created
Oct 08, 2026 8:55:04 AM liquibase.changelog
INFO: Table cytology_slide created
Oct 08, 2026 8:55:04 AM liquibase.changelog
INFO: Foreign key constraint added to cytology_slide (cytology_sample_id)
Oct 08, 2026 8:55:04 AM liquibase.changelog
INFO: ChangeSet liquibase/2.8.x.x/cytology.xml::4::mozzymutesa ran successfully in 13ms
Running Changeset: liquibase/2.8.x.x/cytology.xml::5::mozzymutesa
Oct 08, 2026 8:55:04 AM liquibase.changelog
INFO: New row inserted into localization
Oct 08, 2026 8:55:04 AM liquibase.changelog
INFO: New row inserted into test_section
Oct 08, 2026 8:55:04 AM liquibase.changelog
INFO: ChangeSet liquibase/2.8.x.x/cytology.xml::5::mozzymutesa ran successfully in 2ms
Running Changeset: liquibase/2.8.x.x/cytology.xml::6::mozzymutesa
Oct 08, 2026 8:55:04 AM liquibase.changelog
INFO: New row inserted into system_role
Oct 08, 2026 8:55:04 AM liquibase.changelog
INFO: New row inserted into system_module
Oct 08, 2026 8:55:04 AM liquibase.changelog
INFO: New row inserted into system_role_module
Oct 08, 2026 8:55:04 AM liquibase.changelog
INFO: New row inserted into system_module_url
Oct 08, 2026 8:55:04 AM liquibase.changelog
INFO: New row inserted into system_module_url
Oct 08, 2026 8:55:04 AM liquibase.changelog
INFO: New row inserted into system_module_url
Oct 08, 2026 8:55:04 AM liquibase.changelog
INFO: ChangeSet liquibase/2.8.x.x/cytology.xml::6::mozzymutesa ran successfully in 4ms
Running Changeset: liquibase/2.8.x.x/cytology.xml::7::mozzymutesa
Oct 08, 2026 8:55:04 AM liquibase.changelog
INFO: New row inserted into dictionary_category
Oct 08, 2026 8:55:04 AM liquibase.changelog
INFO: New row inserted into dictionary_category
Oct 08, 2026 8:55:04 AM liquibase.changelog
INFO: ChangeSet liquibase/2.8.x.x/cytology.xml::7::mozzymutesa ran successfully in 2ms
Running Changeset: liquibase/2.8.x.x/cytology.xml::8::mozzymutesa
Oct 08, 2026 8:55:04 AM liquibase.changelog
INFO: Sequence cytology_diagnosis_seq created
Oct 08, 2026 8:55:04 AM liquibase.changelog
INFO: Table cytology_diagnosis created
Oct 08, 2026 8:55:04 AM liquibase.changelog
INFO: ChangeSet liquibase/2.8.x.x/cytology.xml::8::mozzymutesa ran successfully in 13ms
Running Changeset: liquibase/2.8.x.x/cytology.xml::9::mozzymutesa
Oct 08, 2026 8:55:04 AM liquibase.changelog
INFO: Sequence cytology_diagnosis_result_map_seq created
Oct 08, 2026 8:55:04 AM liquibase.changelog
INFO: Table cytology_diagnosis_result_map created
Oct 08, 2026 8:55:04 AM liquibase.changelog
INFO: Foreign key constraint added to cytology_diagnosis_result_map (cytology_diagnosis_id)
Oct 08, 2026 8:55:04 AM liquibase.changelog
INFO: ChangeSet liquibase/2.8.x.x/cytology.xml::9::mozzymutesa ran successfully in 13ms
Running Changeset: liquibase/2.8.x.x/cytology.xml::10::mozzymutesa
Oct 08, 2026 8:55:04 AM liquibase.changelog
INFO: Columns cytology_diagnosis_id(INTEGER) added to cytology_sample
Oct 08, 2026 8:55:04 AM liquibase.changelog
INFO: Foreign key constraint added to cytology_sample (cytology_diagnosis_id)
Oct 08, 2026 8:55:04 AM liquibase.changelog
INFO: ChangeSet liquibase/2.8.x.x/cytology.xml::10::mozzymutesa ran successfully in 3ms
Running Changeset: liquibase/2.8.x.x/cytology.xml::11::mozzymutesa
Oct 08, 2026 8:55:04 AM liquibase.changelog
INFO: New row inserted into dictionary_category
Oct 08, 2026 8:55:04 AM liquibase.changelog
INFO: New row inserted into dictionary_category
Oct 08, 2026 8:55:04 AM liquibase.changelog
INFO: New row inserted into dictionary_category
Oct 08, 2026 8:55:04 AM liquibase.changelog
INFO: New row inserted into dictionary_category
Oct 08, 2026 8:55:04 AM liquibase.changelog
INFO: New row inserted into dictionary_category
Oct 08, 2026 8:55:04 AM liquibase.changelog
INFO: New row inserted into dictionary_category
Oct 08, 2026 8:55:04 AM liquibase.changelog
INFO: ChangeSet liquibase/2.8.x.x/cytology.xml::11::mozzymutesa ran successfully in 3ms
Running Changeset: liquibase/2.8.x.x/cytology.xml::12::mozzymutesa
Oct 08, 2026 8:55:04 AM liquibase.changelog
INFO: Sequence cytology_report_seq created
Oct 08, 2026 8:55:04 AM liquibase.changelog
INFO: Table cytology_report created
Oct 08, 2026 8:55:04 AM liquibase.changelog
INFO: Foreign key constraint added to cytology_report (cytology_sample_id)
Oct 08, 2026 8:55:04 AM liquibase.changelog
INFO: ChangeSet liquibase/2.8.x.x/cytology.xml::12::mozzymutesa ran successfully in 14ms
Running Changeset: liquibase/2.8.x.x/sample_types.xml::1::csteele
Oct 08, 2026 8:55:04 AM liquibase.changelog
INFO: New row inserted into localization
Oct 08, 2026 8:55:04 AM liquibase.changelog
INFO: New row inserted into type_of_sample
Oct 08, 2026 8:55:04 AM liquibase.changelog
INFO: New row inserted into sampletype_test
Oct 08, 2026 8:55:04 AM liquibase.changelog
INFO: New row inserted into localization
Oct 08, 2026 8:55:04 AM liquibase.changelog
INFO: New row inserted into type_of_sample
Oct 08, 2026 8:55:04 AM liquibase.changelog
INFO: New row inserted into sampletype_test
Oct 08, 2026 8:55:04 AM liquibase.changelog
INFO: ChangeSet liquibase/2.8.x.x/sample_types.xml::1::csteele ran successfully in 4ms
Running Changeset: liquibase/2.8.x.x/sample_types.xml::1.1::csteele
Oct 08, 2026 8:55:04 AM liquibase.changelog
INFO: Data updated in type_of_sample
Oct 08, 2026 8:55:04 AM liquibase.changelog
INFO: ChangeSet liquibase/2.8.x.x/sample_types.xml::1.1::csteele ran successfully in 1ms
Running Changeset: liquibase/2.8.x.x/sample_types.xml::2::csteele
Oct 08, 2026 8:55:04 AM liquibase.changelog
INFO: New row inserted into sampletype_test
Oct 08, 2026 8:55:04 AM liquibase.changelog
INFO: New row inserted into sampletype_test
Oct 08, 2026 8:55:04 AM liquibase.changelog
INFO: New row inserted into sampletype_test
Oct 08, 2026 8:55:04 AM liquibase.changelog
INFO: New row inserted into sampletype_test
Oct 08, 2026 8:55:04 AM liquibase.changelog
INFO: New row inserted into sampletype_test
Oct 08, 2026 8:55:04 AM liquibase.changelog
INFO: New row inserted into sampletype_test
Oct 08, 2026 8:55:04 AM liquibase.changelog
INFO: New row inserted into sampletype_test
Oct 08, 2026 8:55:04 AM liquibase.changelog
INFO: New row inserted into sampletype_test
Oct 08, 2026 8:55:04 AM liquibase.changelog
INFO: New row inserted into sampletype_test
Oct 08, 2026 8:55:04 AM liquibase.changelog
INFO: New row inserted into sampletype_test
Oct 08, 2026 8:55:04 AM liquibase.changelog
INFO: New row inserted into sampletype_test
Oct 08, 2026 8:55:04 AM liquibase.changelog
INFO: New row inserted into sampletype_test
Oct 08, 2026 8:55:04 AM liquibase.changelog
INFO: New row inserted into sampletype_test
Oct 08, 2026 8:55:04 AM liquibase.changelog
INFO: New row inserted into sampletype_test
Oct 08, 2026 8:55:04 AM liquibase.changelog
INFO: New row inserted into sampletype_test
Oct 08, 2026 8:55:04 AM liquibase.changelog
INFO: New row inserted into sampletype_test
Oct 08, 2026 8:55:04 AM liquibase.changelog
INFO: New row inserted into sampletype_test
Oct 08, 2026 8:55:04 AM liquibase.changelog
INFO: New row inserted into sampletype_test
Oct 08, 2026 8:55:04 AM liquibase.changelog
INFO: New row inserted into sampletype_test
Oct 08, 2026 8:55:04 AM liquibase.changelog
INFO: New row inserted into sampletype_test
Oct 08, 2026 8:55:04 AM liquibase.changelog
INFO: New row inserted into sampletype_test
Oct 08, 2026 8:55:04 AM liquibase.changelog
INFO: New row inserted into sampletype_test
Oct 08, 2026 8:55:04 AM liquibase.changelog
INFO: New row inserted into sampletype_test
Oct 08, 2026 8:55:04 AM liquibase.changelog
INFO: New row inserted into sampletype_test
Oct 08, 2026 8:55:04 AM liquibase.changelog
INFO: New row inserted into sampletype_test
Oct 08, 2026 8:55:04 AM liquibase.changelog
INFO: New row inserted into sampletype_test
Oct 08, 2026 8:55:04 AM liquibase.changelog
INFO: New row inserted into sampletype_test
Oct 08, 2026 8:55:04 AM liquibase.changelog
INFO: New row inserted into sampletype_test
Oct 08, 2026 8:55:04 AM liquibase.changelog
INFO: New row inserted into sampletype_test
Oct 08, 2026 8:55:04 AM liquibase.changelog
INFO: New row inserted into sampletype_test
Oct 08, 2026 8:55:04 AM liquibase.changelog
INFO: New row inserted into sampletype_test
Oct 08, 2026 8:55:04 AM liquibase.changelog
INFO: New row inserted into sampletype_test
Oct 08, 2026 8:55:04 AM liquibase.changelog
INFO: New row inserted into sampletype_test
Oct 08, 2026 8:55:04 AM liquibase.changelog
INFO: New row inserted into sampletype_test
Oct 08, 2026 8:55:04 AM liquibase.changelog
INFO: New row inserted into sampletype_test
Oct 08, 2026 8:55:04 AM liquibase.changelog
INFO: New row inserted into sampletype_test
Oct 08, 2026 8:55:04 AM liquibase.changelog
INFO: New row inserted into sampletype_test
Oct 08, 2026 8:55:04 AM liquibase.changelog
INFO: New row inserted into sampletype_test
Oct 08, 2026 8:55:04 AM liquibase.changelog
INFO: New row inserted into sampletype_test
Oct 08, 2026 8:55:04 AM liquibase.changelog
INFO: New row inserted into sampletype_test
Oct 08, 2026 8:55:04 AM liquibase.changelog
INFO: New row inserted into sampletype_test
Oct 08, 2026 8:55:04 AM liquibase.changelog
INFO: New row inserted into sampletype_test
Oct 08, 2026 8:55:04 AM liquibase.changelog
INFO: New row inserted into sampletype_test
Oct 08, 2026 8:55:04 AM liquibase.changelog
INFO: New row inserted into sampletype_test
Oct 08, 2026 8:55:04 AM liquibase.changelog
INFO: New row inserted into sampletype_test
Oct 08, 2026 8:55:04 AM liquibase.changelog
INFO: New row inserted into sampletype_test
Oct 08, 2026 8:55:04 AM liquibase.changelog
INFO: New row inserted into sampletype_test
Oct 08, 2026 8:55:04 AM liquibase.changelog
INFO: New row inserted into sampletype_test
Oct 08, 2026 8:55:04 AM liquibase.changelog
INFO: New row inserted into sampletype_test
Oct 08, 2026 8:55:04 AM liquibase.changelog
INFO: New row inserted into sampletype_test
Oct 08, 2026 8:55:04 AM liquibase.changelog
INFO: New row inserted into sampletype_test
Oct 08, 2026 8:55:04 AM liquibase.changelog
INFO: New row inserted into sampletype_test
Oct 08, 2026 8:55:04 AM liquibase.changelog
INFO: New row inserted into sampletype_test
Oct 08, 2026 8:55:04 AM liquibase.changelog
INFO: New row inserted into sampletype_test
Oct 08, 2026 8:55:04 AM liquibase.changelog
INFO: New row inserted into sampletype_test
Oct 08, 2026 8:55:04 AM liquibase.changelog
INFO: New row inserted into sampletype_test
Oct 08, 2026 8:55:04 AM liquibase.changelog
INFO: New row inserted into sampletype_test
Oct 08, 2026 8:55:04 AM liquibase.changelog
INFO: ChangeSet liquibase/2.8.x.x/sample_types.xml::2::csteele ran successfully in 27ms
Running Changeset: liquibase/2.8.x.x/sample_types.xml::4::csteele
Oct 08, 2026 8:55:04 AM liquibase.changelog
INFO: New row inserted into sampletype_test
Oct 08, 2026 8:55:04 AM liquibase.changelog
INFO: New row inserted into sampletype_test
Oct 08, 2026 8:55:04 AM liquibase.changelog
INFO: New row inserted into sampletype_test
Oct 08, 2026 8:55:04 AM liquibase.changelog
INFO: New row inserted into sampletype_test
Oct 08, 2026 8:55:04 AM liquibase.changelog
INFO: New row inserted into sampletype_test
Oct 08, 2026 8:55:04 AM liquibase.changelog
INFO: New row inserted into sampletype_test
Oct 08, 2026 8:55:04 AM liquibase.changelog
INFO: New row inserted into sampletype_test
Oct 08, 2026 8:55:04 AM liquibase.changelog
INFO: New row inserted into sampletype_test
Oct 08, 2026 8:55:04 AM liquibase.changelog
INFO: New row inserted into sampletype_test
Oct 08, 2026 8:55:04 AM liquibase.changelog
INFO: New row inserted into sampletype_test
Oct 08, 2026 8:55:04 AM liquibase.changelog
INFO: New row inserted into sampletype_test
Oct 08, 2026 8:55:04 AM liquibase.changelog
INFO: New row inserted into sampletype_test
Oct 08, 2026 8:55:04 AM liquibase.changelog
INFO: New row inserted into sampletype_test
Oct 08, 2026 8:55:04 AM liquibase.changelog
INFO: New row inserted into sampletype_test
Oct 08, 2026 8:55:04 AM liquibase.changelog
INFO: New row inserted into sampletype_test
Oct 08, 2026 8:55:04 AM liquibase.changelog
INFO: New row inserted into sampletype_test
Oct 08, 2026 8:55:04 AM liquibase.changelog
INFO: New row inserted into sampletype_test
Oct 08, 2026 8:55:04 AM liquibase.changelog
INFO: New row inserted into sampletype_test
Oct 08, 2026 8:55:04 AM liquibase.changelog
INFO: New row inserted into sampletype_test
Oct 08, 2026 8:55:04 AM liquibase.changelog
INFO: New row inserted into sampletype_test
Oct 08, 2026 8:55:04 AM liquibase.changelog
INFO: New row inserted into sampletype_test
Oct 08, 2026 8:55:04 AM liquibase.changelog
INFO: New row inserted into sampletype_test
Oct 08, 2026 8:55:04 AM liquibase.changelog
INFO: New row inserted into sampletype_test
Oct 08, 2026 8:55:04 AM liquibase.changelog
INFO: New row inserted into sampletype_test
Oct 08, 2026 8:55:04 AM liquibase.changelog
INFO: New row inserted into sampletype_test
Oct 08, 2026 8:55:04 AM liquibase.changelog
INFO: New row inserted into sampletype_test
Oct 08, 2026 8:55:04 AM liquibase.changelog
INFO: New row inserted into sampletype_test
Oct 08, 2026 8:55:04 AM liquibase.changelog
INFO: New row inserted into sampletype_test
Oct 08, 2026 8:55:04 AM liquibase.changelog
INFO: New row inserted into sampletype_test
Oct 08, 2026 8:55:04 AM liquibase.changelog
INFO: New row inserted into sampletype_test
Oct 08, 2026 8:55:04 AM liquibase.changelog
INFO: New row inserted into sampletype_test
Oct 08, 2026 8:55:04 AM liquibase.changelog
INFO: New row inserted into sampletype_test
Oct 08, 2026 8:55:04 AM liquibase.changelog
INFO: New row inserted into sampletype_test
Oct 08, 2026 8:55:04 AM liquibase.changelog
INFO: New row inserted into sampletype_test
Oct 08, 2026 8:55:04 AM liquibase.changelog
INFO: New row inserted into sampletype_test
Oct 08, 2026 8:55:04 AM liquibase.changelog
INFO: New row inserted into sampletype_test
Oct 08, 2026 8:55:04 AM liquibase.changelog
INFO: New row inserted into sampletype_test
Oct 08, 2026 8:55:04 AM liquibase.changelog
INFO: New row inserted into sampletype_test
Oct 08, 2026 8:55:04 AM liquibase.changelog
INFO: New row inserted into sampletype_test
Oct 08, 2026 8:55:04 AM liquibase.changelog
INFO: New row inserted into sampletype_test
Oct 08, 2026 8:55:04 AM liquibase.changelog
INFO: New row inserted into sampletype_test
Oct 08, 2026 8:55:04 AM liquibase.changelog
INFO: New row inserted into sampletype_test
Oct 08, 2026 8:55:04 AM liquibase.changelog
INFO: New row inserted into sampletype_test
Oct 08, 2026 8:55:04 AM liquibase.changelog
INFO: New row inserted into sampletype_test
Oct 08, 2026 8:55:04 AM liquibase.changelog
INFO: New row inserted into sampletype_test
Oct 08, 2026 8:55:04 AM liquibase.changelog
INFO: New row inserted into sampletype_test
Oct 08, 2026 8:55:04 AM liquibase.changelog
INFO: New row inserted into sampletype_test
Oct 08, 2026 8:55:04 AM liquibase.changelog
INFO: New row inserted into sampletype_test
Oct 08, 2026 8:55:04 AM liquibase.changelog
INFO: New row inserted into sampletype_test
Oct 08, 2026 8:55:04 AM liquibase.changelog
INFO: New row inserted into sampletype_test
Oct 08, 2026 8:55:04 AM liquibase.changelog
INFO: New row inserted into sampletype_test
Oct 08, 2026 8:55:04 AM liquibase.changelog
INFO: New row inserted into sampletype_test
Oct 08, 2026 8:55:04 AM liquibase.changelog
INFO: New row inserted into sampletype_test
Oct 08, 2026 8:55:04 AM liquibase.changelog
INFO: New row inserted into sampletype_test
Oct 08, 2026 8:55:04 AM liquibase.changelog
INFO: New row inserted into sampletype_test
Oct 08, 2026 8:55:04 AM liquibase.changelog
INFO: New row inserted into sampletype_test
Oct 08, 2026 8:55:04 AM liquibase.changelog
INFO: New row inserted into sampletype_test
Oct 08, 2026 8:55:04 AM liquibase.changelog
INFO: ChangeSet liquibase/2.8.x.x/sample_types.xml::4::csteele ran successfully in 28ms
Running Changeset: liquibase/2.8.x.x/add_antimicrobial_resistance_test_column.xml::1::rossumg
Oct 08, 2026 8:55:04 AM liquibase.changelog
INFO: Columns antimicrobial_resistance(boolean) added to test
Oct 08, 2026 8:55:04 AM liquibase.changelog
INFO: ChangeSet liquibase/2.8.x.x/add_antimicrobial_resistance_test_column.xml::1::rossumg ran successfully in 2ms
Running Changeset: liquibase/2.8.x.x/add_antimicrobial_resistance_test_column.xml::2::rossumg
Oct 08, 2026 8:55:04 AM liquibase.changelog
INFO: New row inserted into menu
Oct 08, 2026 8:55:04 AM liquibase.changelog
INFO: ChangeSet liquibase/2.8.x.x/add_antimicrobial_resistance_test_column.xml::2::rossumg ran successfully in 1ms
Running Changeset: liquibase/2.8.x.x/lab_number_alphanum_update.xml::1::csteele
Oct 08, 2026 8:55:04 AM liquibase.changelog
INFO: New row inserted into site_information_domain
Oct 08, 2026 8:55:04 AM liquibase.changelog
INFO: New row inserted into site_information
Oct 08, 2026 8:55:04 AM liquibase.changelog
INFO: New row inserted into site_information
Oct 08, 2026 8:55:04 AM liquibase.changelog
INFO: Data updated in site_information
Oct 08, 2026 8:55:04 AM liquibase.changelog
INFO: ChangeSet liquibase/2.8.x.x/lab_number_alphanum_update.xml::1::csteele ran successfully in 3ms
Running Changeset: liquibase/2.8.x.x/lab_number_alphanum_update.xml::2::csteele
Oct 08, 2026 8:55:04 AM liquibase.changelog
INFO: Data updated in site_information
Oct 08, 2026 8:55:04 AM liquibase.changelog
INFO: ChangeSet liquibase/2.8.x.x/lab_number_alphanum_update.xml::2::csteele ran successfully in 1ms
Running Changeset: liquibase/2.8.x.x/menu.xml::1::csteele
Oct 08, 2026 8:55:04 AM liquibase.changelog
INFO: New row inserted into menu
Oct 08, 2026 8:55:04 AM liquibase.changelog
INFO: ChangeSet liquibase/2.8.x.x/menu.xml::1::csteele ran successfully in 1ms
Running Changeset: liquibase/2.8.x.x/menu.xml::2::csteele
Oct 08, 2026 8:55:04 AM liquibase.changelog
INFO: Data updated in menu
Oct 08, 2026 8:55:04 AM liquibase.changelog
INFO: Data deleted from site_information
Oct 08, 2026 8:55:04 AM liquibase.changelog
INFO: ChangeSet liquibase/2.8.x.x/menu.xml::2::csteele ran successfully in 2ms
Running Changeset: liquibase/2.8.x.x/menu.xml::3::csteele
Oct 08, 2026 8:55:04 AM liquibase.changelog
INFO: New row inserted into menu
Oct 08, 2026 8:55:04 AM liquibase.changelog
INFO: Data updated in menu
Oct 08, 2026 8:55:04 AM liquibase.changelog
INFO: Data updated in menu
Oct 08, 2026 8:55:04 AM liquibase.changelog
INFO: Data deleted from site_information
Oct 08, 2026 8:55:04 AM liquibase.changelog
INFO: ChangeSet liquibase/2.8.x.x/menu.xml::3::csteele ran successfully in 2ms
Running Changeset: liquibase/2.8.x.x/menu.xml::4::csteele
Oct 08, 2026 8:55:04 AM liquibase.changelog
INFO: Data updated in menu
Oct 08, 2026 8:55:04 AM liquibase.changelog
INFO: Data deleted from site_information
Oct 08, 2026 8:55:04 AM liquibase.changelog
INFO: ChangeSet liquibase/2.8.x.x/menu.xml::4::csteele ran successfully in 2ms
Running Changeset: liquibase/2.8.x.x/menu.xml::5::csteele
Oct 08, 2026 8:55:04 AM liquibase.changelog
INFO: Data deleted from site_information
Oct 08, 2026 8:55:04 AM liquibase.changelog
INFO: Data deleted from site_information
Oct 08, 2026 8:55:04 AM liquibase.changelog
INFO: ChangeSet liquibase/2.8.x.x/menu.xml::5::csteele ran successfully in 1ms
Running Changeset: liquibase/2.8.x.x/menu.xml::6::csteele
Oct 08, 2026 8:55:04 AM liquibase.changelog
INFO: New row inserted into menu
Oct 08, 2026 8:55:04 AM liquibase.changelog
INFO: New row inserted into menu
Oct 08, 2026 8:55:04 AM liquibase.changelog
INFO: ChangeSet liquibase/2.8.x.x/menu.xml::6::csteele ran successfully in 1ms
Running Changeset: liquibase/2.8.x.x/menu.xml::7::csteele
Oct 08, 2026 8:55:04 AM liquibase.changelog
INFO: New row inserted into menu
Oct 08, 2026 8:55:04 AM liquibase.changelog
INFO: New row inserted into menu
Oct 08, 2026 8:55:04 AM liquibase.changelog
INFO: ChangeSet liquibase/2.8.x.x/menu.xml::7::csteele ran successfully in 2ms
Running Changeset: liquibase/2.8.x.x/menu.xml::8::csteele
Oct 08, 2026 8:55:04 AM liquibase.changelog
INFO: New row inserted into menu
Oct 08, 2026 8:55:04 AM liquibase.changelog
INFO: New row inserted into menu
Oct 08, 2026 8:55:04 AM liquibase.changelog
INFO: ChangeSet liquibase/2.8.x.x/menu.xml::8::csteele ran successfully in 2ms
Running Changeset: liquibase/2.8.x.x/menu.xml::9::csteele
Oct 08, 2026 8:55:04 AM liquibase.changelog
INFO: New row inserted into menu
Oct 08, 2026 8:55:04 AM liquibase.changelog
INFO: Data updated in menu
Oct 08, 2026 8:55:04 AM liquibase.changelog
INFO: Data deleted from menu
Oct 08, 2026 8:55:04 AM liquibase.changelog
INFO: ChangeSet liquibase/2.8.x.x/menu.xml::9::csteele ran successfully in 3ms
Running Changeset: liquibase/2.8.x.x/menu.xml::10::csteele
Oct 08, 2026 8:55:04 AM liquibase.changelog
INFO: Data updated in menu
Oct 08, 2026 8:55:04 AM liquibase.changelog
INFO: Data updated in menu
Oct 08, 2026 8:55:04 AM liquibase.changelog
INFO: Data updated in menu
Oct 08, 2026 8:55:04 AM liquibase.changelog
INFO: Data updated in menu
Oct 08, 2026 8:55:04 AM liquibase.changelog
INFO: Data updated in menu
Oct 08, 2026 8:55:04 AM liquibase.changelog
INFO: Data updated in menu
Oct 08, 2026 8:55:04 AM liquibase.changelog
INFO: Data updated in menu
Oct 08, 2026 8:55:04 AM liquibase.changelog
INFO: Data updated in menu
Oct 08, 2026 8:55:04 AM liquibase.changelog
INFO: Data updated in menu
Oct 08, 2026 8:55:04 AM liquibase.changelog
INFO: Data updated in menu
Oct 08, 2026 8:55:04 AM liquibase.changelog
INFO: Data updated in menu
Oct 08, 2026 8:55:04 AM liquibase.changelog
INFO: Data updated in menu
Oct 08, 2026 8:55:04 AM liquibase.changelog
INFO: Data updated in menu
Oct 08, 2026 8:55:04 AM liquibase.changelog
INFO: Data updated in menu
Oct 08, 2026 8:55:04 AM liquibase.changelog
INFO: ChangeSet liquibase/2.8.x.x/menu.xml::10::csteele ran successfully in 7ms
Running Changeset: liquibase/2.8.x.x/menu.xml::11::csteele
Oct 08, 2026 8:55:04 AM liquibase.changelog
INFO: Data updated in menu
Oct 08, 2026 8:55:04 AM liquibase.changelog
INFO: Data updated in menu
Oct 08, 2026 8:55:04 AM liquibase.changelog
INFO: ChangeSet liquibase/2.8.x.x/menu.xml::11::csteele ran successfully in 1ms
Running Changeset: liquibase/2.8.x.x/menu.xml::12::moses_mutesa
Oct 08, 2026 8:55:04 AM liquibase.changelog
INFO: Data deleted from menu
Oct 08, 2026 8:55:04 AM liquibase.changelog
INFO: ChangeSet liquibase/2.8.x.x/menu.xml::12::moses_mutesa ran successfully in 0ms
Running Changeset: liquibase/2.8.x.x/menu.xml::13::csteele
Oct 08, 2026 8:55:04 AM liquibase.changelog
INFO: Columns hide_in_old_ui(BOOLEAN) added to menu
Oct 08, 2026 8:55:04 AM liquibase.changelog
INFO: Data updated in menu
Oct 08, 2026 8:55:04 AM liquibase.changelog
INFO: ChangeSet liquibase/2.8.x.x/menu.xml::13::csteele ran successfully in 2ms
Running Changeset: liquibase/2.8.x.x/menu.xml::14::vishal
Oct 08, 2026 8:55:04 AM liquibase.changelog
INFO: Data deleted from menu
Oct 08, 2026 8:55:04 AM liquibase.changelog
INFO: Data updated in menu
Oct 08, 2026 8:55:04 AM liquibase.changelog
INFO: ChangeSet liquibase/2.8.x.x/menu.xml::14::vishal ran successfully in 1ms
Running Changeset: liquibase/2.8.x.x/menu.xml::15::vishal
Oct 08, 2026 8:55:04 AM liquibase.changelog
INFO: Data deleted from menu
Oct 08, 2026 8:55:04 AM liquibase.changelog
INFO: Data updated in menu
Oct 08, 2026 8:55:04 AM liquibase.changelog
INFO: ChangeSet liquibase/2.8.x.x/menu.xml::15::vishal ran successfully in 1ms
Running Changeset: liquibase/2.8.x.x/menu.xml::16::vishal
Oct 08, 2026 8:55:04 AM liquibase.changelog
INFO: Data deleted from menu
Oct 08, 2026 8:55:04 AM liquibase.changelog
INFO: Data updated in menu
Oct 08, 2026 8:55:04 AM liquibase.changelog
INFO: ChangeSet liquibase/2.8.x.x/menu.xml::16::vishal ran successfully in 1ms
Running Changeset: liquibase/2.8.x.x/menu.xml::17::reagan-meant
Oct 08, 2026 8:55:04 AM liquibase.changelog
INFO: New row inserted into menu
Oct 08, 2026 8:55:04 AM liquibase.changelog
INFO: ChangeSet liquibase/2.8.x.x/menu.xml::17::reagan-meant ran successfully in 1ms
Running Changeset: liquibase/2.8.x.x/panel_item_fix.xml::1::csteele
Oct 08, 2026 8:55:04 AM liquibase.changelog
INFO: Marking ChangeSet: liquibase/2.8.x.x/panel_item_fix.xml::1::csteele ran despite precondition failure due to onFail='MARK_RAN': 
          liquibase/base-changelog.xml : Not precondition failed

Running Changeset: liquibase/2.8.x.x/update_default_setting.xml::1::moses_mutesa
Oct 08, 2026 8:55:04 AM liquibase.changelog
INFO: New row inserted into system_user_role
Oct 08, 2026 8:55:04 AM liquibase.changelog
INFO: New row inserted into system_user_role
Oct 08, 2026 8:55:04 AM liquibase.changelog
INFO: ChangeSet liquibase/2.8.x.x/update_default_setting.xml::1::moses_mutesa ran successfully in 2ms
Running Changeset: liquibase/2.8.x.x/update_default_setting.xml::2::moses_mutesa
Oct 08, 2026 8:55:04 AM liquibase.changelog
INFO: Data updated in site_information
Oct 08, 2026 8:55:04 AM liquibase.changelog
INFO: ChangeSet liquibase/2.8.x.x/update_default_setting.xml::2::moses_mutesa ran successfully in 1ms
Running Changeset: liquibase/2.8.x.x/update_default_setting.xml::3::mozzymutesa
Oct 08, 2026 8:55:04 AM liquibase.changelog
INFO: New row inserted into system_module
Oct 08, 2026 8:55:04 AM liquibase.changelog
INFO: New row inserted into system_role_module
Oct 08, 2026 8:55:04 AM liquibase.changelog
INFO: New row inserted into system_module_param
Oct 08, 2026 8:55:04 AM liquibase.changelog
INFO: New row inserted into system_module_url
Oct 08, 2026 8:55:04 AM liquibase.changelog
INFO: New row inserted into system_module_url
Oct 08, 2026 8:55:04 AM liquibase.changelog
INFO: ChangeSet liquibase/2.8.x.x/update_default_setting.xml::3::mozzymutesa ran successfully in 4ms
Running Changeset: liquibase/2.8.x.x/update_default_setting.xml::4::mozzymutesa
Oct 08, 2026 8:55:04 AM liquibase.changelog
INFO: Data updated in menu
Oct 08, 2026 8:55:04 AM liquibase.changelog
INFO: ChangeSet liquibase/2.8.x.x/update_default_setting.xml::4::mozzymutesa ran successfully in 2ms
Running Changeset: liquibase/2.8.x.x/rename_test_for_csv_export.xml::1::csteele
Oct 08, 2026 8:55:04 AM liquibase.changelog
INFO: Marking ChangeSet: liquibase/2.8.x.x/rename_test_for_csv_export.xml::1::csteele ran despite precondition failure due to onFail='MARK_RAN': 
          liquibase/base-changelog.xml : SQL Precondition failed.  Expected '1' got '0'

Running Changeset: liquibase/2.8.x.x/loinc.xml::1::csteele
Oct 08, 2026 8:55:04 AM liquibase.changelog
INFO: Data updated in test
Oct 08, 2026 8:55:04 AM liquibase.changelog
INFO: Data updated in test
Oct 08, 2026 8:55:04 AM liquibase.changelog
INFO: Data updated in test
Oct 08, 2026 8:55:04 AM liquibase.changelog
INFO: Data updated in test
Oct 08, 2026 8:55:04 AM liquibase.changelog
INFO: Data updated in test
Oct 08, 2026 8:55:04 AM liquibase.changelog
INFO: Data updated in test
Oct 08, 2026 8:55:04 AM liquibase.changelog
INFO: Data updated in test
Oct 08, 2026 8:55:04 AM liquibase.changelog
INFO: Data updated in test
Oct 08, 2026 8:55:04 AM liquibase.changelog
INFO: Data updated in test
Oct 08, 2026 8:55:04 AM liquibase.changelog
INFO: Data updated in test
Oct 08, 2026 8:55:04 AM liquibase.changelog
INFO: Data updated in test
Oct 08, 2026 8:55:04 AM liquibase.changelog
INFO: Data updated in test
Oct 08, 2026 8:55:04 AM liquibase.changelog
INFO: Data updated in test
Oct 08, 2026 8:55:04 AM liquibase.changelog
INFO: Data updated in test
Oct 08, 2026 8:55:04 AM liquibase.changelog
INFO: Data updated in test
Oct 08, 2026 8:55:04 AM liquibase.changelog
INFO: Data updated in test
Oct 08, 2026 8:55:04 AM liquibase.changelog
INFO: ChangeSet liquibase/2.8.x.x/loinc.xml::1::csteele ran successfully in 8ms
Running Changeset: liquibase/2.8.x.x/notifications.xml::create_notifications_table::clinlims
Oct 08, 2026 8:55:04 AM liquibase.changelog
INFO: Table notifications created
Oct 08, 2026 8:55:04 AM liquibase.changelog
INFO: Foreign key constraint added to notifications (user_id)
Oct 08, 2026 8:55:04 AM liquibase.changelog
INFO: ChangeSet liquibase/2.8.x.x/notifications.xml::create_notifications_table::clinlims ran successfully in 2ms
Running Changeset: liquibase/2.8.x.x/sample_program_audit_trail.xml::1::csteele
Oct 08, 2026 8:55:04 AM liquibase.changelog
INFO: New row inserted into reference_tables
Oct 08, 2026 8:55:04 AM liquibase.changelog
INFO: New row inserted into reference_tables
Oct 08, 2026 8:55:04 AM liquibase.changelog
INFO: New row inserted into reference_tables
Oct 08, 2026 8:55:04 AM liquibase.changelog
INFO: New row inserted into reference_tables
Oct 08, 2026 8:55:04 AM liquibase.changelog
INFO: ChangeSet liquibase/2.8.x.x/sample_program_audit_trail.xml::1::csteele ran successfully in 2ms
Running Changeset: liquibase/2.8.x.x/notification_subscriptions.xml::create_notification_subscriptions_table::clinlims
Oct 08, 2026 8:55:04 AM liquibase.changelog
INFO: Table notification_subscriptions created
Oct 08, 2026 8:55:04 AM liquibase.changelog
INFO: Foreign key constraint added to notification_subscriptions (user_id)
Oct 08, 2026 8:55:04 AM liquibase.changelog
INFO: ChangeSet liquibase/2.8.x.x/notification_subscriptions.xml::create_notification_subscriptions_table::clinlims ran successfully in 3ms
Running Changeset: liquibase/2.8.x.x/method.xml::1::csteele
Oct 08, 2026 8:55:04 AM liquibase.changelog
INFO: Columns method_id(NUMERIC(10)) added to analysis
Oct 08, 2026 8:55:04 AM liquibase.changelog
INFO: ChangeSet liquibase/2.8.x.x/method.xml::1::csteele ran successfully in 1ms
Running Changeset: liquibase/2.8.x.x/landing_page_config.xml::1::mozzymutesa
Oct 08, 2026 8:55:04 AM liquibase.changelog
INFO: New row inserted into site_information
Oct 08, 2026 8:55:04 AM liquibase.changelog
INFO: ChangeSet liquibase/2.8.x.x/landing_page_config.xml::1::mozzymutesa ran successfully in 1ms
Running Changeset: liquibase/2.8.x.x/enable_client_registry_search.xml::1::mherman22
Oct 08, 2026 8:55:04 AM liquibase.changelog
INFO: New row inserted into site_information
Oct 08, 2026 8:55:04 AM liquibase.changelog
INFO: ChangeSet liquibase/2.8.x.x/enable_client_registry_search.xml::1::mherman22 ran successfully in 1ms
Running Changeset: liquibase/2.9.x.x/001-pathology-status-bench-stages.xml::OGC-264-pathology-status-bench-stages::OGC
Oct 08, 2026 8:55:04 AM liquibase.changelog
INFO: Data updated in pathology_sample
Oct 08, 2026 8:55:04 AM liquibase.changelog
INFO: Data updated in pathology_sample
Oct 08, 2026 8:55:04 AM liquibase.changelog
INFO: Data updated in pathology_sample
Oct 08, 2026 8:55:04 AM liquibase.changelog
INFO: ChangeSet liquibase/2.9.x.x/001-pathology-status-bench-stages.xml::OGC-264-pathology-status-bench-stages::OGC ran successfully in 2ms
Running Changeset: liquibase/2.9.x.x/002-pathology-request-status-backfill.xml::OGC-264-pathology-request-status-backfill::OGC
Oct 08, 2026 8:55:04 AM liquibase.changelog
INFO: Data updated in pathology_request
Oct 08, 2026 8:55:04 AM liquibase.changelog
INFO: ChangeSet liquibase/2.9.x.x/002-pathology-request-status-backfill.xml::OGC-264-pathology-request-status-backfill::OGC ran successfully in 1ms
Running Changeset: liquibase/3.1.x.x/panel_loinc.xml::1::csteele
Oct 08, 2026 8:55:04 AM liquibase.changelog
INFO: Columns loinc(character varying(10)) added to panel
Oct 08, 2026 8:55:04 AM liquibase.changelog
INFO: ChangeSet liquibase/3.1.x.x/panel_loinc.xml::1::csteele ran successfully in 1ms
Running Changeset: liquibase/3.1.x.x/bar_code_config.xml::1::moses_mutesa
Oct 08, 2026 8:55:04 AM liquibase.changelog
INFO: New row inserted into dictionary_category
Oct 08, 2026 8:55:04 AM liquibase.changelog
INFO: New row inserted into dictionary
Oct 08, 2026 8:55:04 AM liquibase.changelog
INFO: New row inserted into dictionary
Oct 08, 2026 8:55:04 AM liquibase.changelog
INFO: New row inserted into site_information
Oct 08, 2026 8:55:04 AM liquibase.changelog
INFO: ChangeSet liquibase/3.1.x.x/bar_code_config.xml::1::moses_mutesa ran successfully in 3ms
Running Changeset: liquibase/3.1.x.x/dictionary-loinc.xml::add-dictionary-loinc-code::agaba-derrick
Oct 08, 2026 8:55:04 AM liquibase.changelog
INFO: Columns loinc_code(VARCHAR(10)) added to dictionary
Oct 08, 2026 8:55:04 AM liquibase.changelog
INFO: ChangeSet liquibase/3.1.x.x/dictionary-loinc.xml::add-dictionary-loinc-code::agaba-derrick ran successfully in 1ms
Running Changeset: liquibase/3.1.x.x/dictionary-loinc.xml::modify-dictionary-loinc-code::motesamozzy
Oct 08, 2026 8:55:04 AM liquibase.changelog
INFO: dictionary.loinc_code datatype was changed to varchar(20)
Oct 08, 2026 8:55:04 AM liquibase.changelog
INFO: ChangeSet liquibase/3.1.x.x/dictionary-loinc.xml::modify-dictionary-loinc-code::motesamozzy ran successfully in 1ms
Running Changeset: liquibase/3.1.x.x/enable_openelis_to_odoo_connection.xml::1::mherman22
Oct 08, 2026 8:55:04 AM liquibase.changelog
INFO: New row inserted into site_information
Oct 08, 2026 8:55:04 AM liquibase.changelog
INFO: ChangeSet liquibase/3.1.x.x/enable_openelis_to_odoo_connection.xml::1::mherman22 ran successfully in 1ms
Running Changeset: liquibase/3.1.x.x/provisional_clinical_diagnosis.xml::1::herbert
Oct 08, 2026 8:55:04 AM liquibase.changelog
INFO: Custom SQL executed
Oct 08, 2026 8:55:04 AM liquibase.changelog
INFO: ChangeSet liquibase/3.1.x.x/provisional_clinical_diagnosis.xml::1::herbert ran successfully in 1ms
Running Changeset: liquibase/3.2.x.x/notebook.xml::create-notebook-table::mozzymutesa
Oct 08, 2026 8:55:04 AM liquibase.changelog
INFO: Table notebook created
Oct 08, 2026 8:55:04 AM liquibase.changelog
INFO: Sequence notebook_seq created
Oct 08, 2026 8:55:04 AM liquibase.changelog
INFO: ChangeSet liquibase/3.2.x.x/notebook.xml::create-notebook-table::mozzymutesa ran successfully in 11ms
Running Changeset: liquibase/3.2.x.x/notebook.xml::create-notebook-page-table::mozzymutesa
Oct 08, 2026 8:55:04 AM liquibase.changelog
INFO: Table notebook_page created
Oct 08, 2026 8:55:04 AM liquibase.changelog
INFO: Sequence notebook_page_seq created
Oct 08, 2026 8:55:04 AM liquibase.changelog
INFO: ChangeSet liquibase/3.2.x.x/notebook.xml::create-notebook-page-table::mozzymutesa ran successfully in 11ms
Running Changeset: liquibase/3.2.x.x/notebook.xml::create-notebook-file-table::mozzymutesa
Oct 08, 2026 8:55:04 AM liquibase.changelog
INFO: Table notebook_file created
Oct 08, 2026 8:55:04 AM liquibase.changelog
INFO: Sequence notebook_file_seq created
Oct 08, 2026 8:55:04 AM liquibase.changelog
INFO: ChangeSet liquibase/3.2.x.x/notebook.xml::create-notebook-file-table::mozzymutesa ran successfully in 12ms
Running Changeset: liquibase/3.2.x.x/notebook.xml::create-notebook-comment-table::mozzymutesa
Oct 08, 2026 8:55:04 AM liquibase.changelog
INFO: Table notebook_comment created
Oct 08, 2026 8:55:04 AM liquibase.changelog
INFO: Sequence notebook_comment_seq created
Oct 08, 2026 8:55:04 AM liquibase.changelog
INFO: ChangeSet liquibase/3.2.x.x/notebook.xml::create-notebook-comment-table::mozzymutesa ran successfully in 12ms
Running Changeset: liquibase/3.2.x.x/notebook.xml::create-notebook-tags-table::mozzymutesa
Oct 08, 2026 8:55:04 AM liquibase.changelog
INFO: Table notebook_tags created
Oct 08, 2026 8:55:04 AM liquibase.changelog
INFO: ChangeSet liquibase/3.2.x.x/notebook.xml::create-notebook-tags-table::mozzymutesa ran successfully in 12ms
Running Changeset: liquibase/3.2.x.x/notebook.xml::create-notebook-samples-list-table::mozzymutesa
Oct 08, 2026 8:55:04 AM liquibase.changelog
INFO: Table notebook_samples_list created
Oct 08, 2026 8:55:04 AM liquibase.changelog
INFO: ChangeSet liquibase/3.2.x.x/notebook.xml::create-notebook-samples-list-table::mozzymutesa ran successfully in 11ms
Running Changeset: liquibase/3.2.x.x/notebook.xml::create-notebook-analysers-table::mozzymutesa
Oct 08, 2026 8:55:04 AM liquibase.changelog
INFO: Table notebook_analysers created
Oct 08, 2026 8:55:04 AM liquibase.changelog
INFO: ChangeSet liquibase/3.2.x.x/notebook.xml::create-notebook-analysers-table::mozzymutesa ran successfully in 10ms
Running Changeset: liquibase/3.2.x.x/notebook.xml::create-notebook-entries-table::mozzymutesa
Oct 08, 2026 8:55:04 AM liquibase.changelog
INFO: Table notebook_entries created
Oct 08, 2026 8:55:04 AM liquibase.changelog
INFO: ChangeSet liquibase/3.2.x.x/notebook.xml::create-notebook-entries-table::mozzymutesa ran successfully in 10ms
Running Changeset: liquibase/3.2.x.x/notebook.xml::create-notebook-page-panels-table::mozzymutesa
Oct 08, 2026 8:55:04 AM liquibase.changelog
INFO: Table notebook_page_panels created
Oct 08, 2026 8:55:04 AM liquibase.changelog
INFO: ChangeSet liquibase/3.2.x.x/notebook.xml::create-notebook-page-panels-table::mozzymutesa ran successfully in 10ms
Running Changeset: liquibase/3.2.x.x/notebook.xml::create-notebook-page-tests-table::mozzymutesa
Oct 08, 2026 8:55:04 AM liquibase.changelog
INFO: Table notebook_page_tests created
Oct 08, 2026 8:55:04 AM liquibase.changelog
INFO: ChangeSet liquibase/3.2.x.x/notebook.xml::create-notebook-page-tests-table::mozzymutesa ran successfully in 11ms
Running Changeset: liquibase/3.2.x.x/notebook.xml::create-notebook-menu-option::mozzymutesa
Oct 08, 2026 8:55:04 AM liquibase.changelog
INFO: New row inserted into menu
Oct 08, 2026 8:55:04 AM liquibase.changelog
INFO: ChangeSet liquibase/3.2.x.x/notebook.xml::create-notebook-menu-option::mozzymutesa ran successfully in 1ms
Running Changeset: liquibase/3.2.x.x/notebook.xml::add-notebook-expt-type-category::mozzymutesa
Oct 08, 2026 8:55:04 AM liquibase.changelog
INFO: New row inserted into dictionary_category
Oct 08, 2026 8:55:04 AM liquibase.changelog
INFO: ChangeSet liquibase/3.2.x.x/notebook.xml::add-notebook-expt-type-category::mozzymutesa ran successfully in 1ms
Running Changeset: liquibase/3.2.x.x/notebook.xml::create-notebook-reference-table-entry::mozzymutesa
Oct 08, 2026 8:55:04 AM liquibase.changelog
INFO: New row inserted into reference_tables
Oct 08, 2026 8:55:04 AM liquibase.changelog
INFO: ChangeSet liquibase/3.2.x.x/notebook.xml::create-notebook-reference-table-entry::mozzymutesa ran successfully in 1ms
Running Changeset: liquibase/3.2.x.x/notebook.xml::create-notebook-samples-table-full::mozzymutesa
Oct 08, 2026 8:55:04 AM liquibase.changelog
INFO: Table notebook_samples created
Oct 08, 2026 8:55:04 AM liquibase.changelog
INFO: Sequence notebook_samples_seq created
Oct 08, 2026 8:55:04 AM liquibase.changelog
INFO: ChangeSet liquibase/3.2.x.x/notebook.xml::create-notebook-samples-table-full::mozzymutesa ran successfully in 12ms
Running Changeset: liquibase/3.2.x.x/patient_photo.xml::create-patient-photo::aziz_diakite
Oct 08, 2026 8:55:04 AM liquibase.changelog
INFO: Sequence patient_photo_seq created
Oct 08, 2026 8:55:04 AM liquibase.changelog
INFO: Table patient_photo created
Oct 08, 2026 8:55:04 AM liquibase.changelog
INFO: ChangeSet liquibase/3.2.x.x/patient_photo.xml::create-patient-photo::aziz_diakite ran successfully in 11ms
Running Changeset: liquibase/3.2.x.x/result_file.xml::20250825-01-create-result-file-table::elia
Oct 08, 2026 8:55:04 AM liquibase.changelog
INFO: Sequence result_file_seq created
Oct 08, 2026 8:55:04 AM liquibase.changelog
INFO: Table result_file created
Oct 08, 2026 8:55:04 AM liquibase.changelog
INFO: ChangeSet liquibase/3.2.x.x/result_file.xml::20250825-01-create-result-file-table::elia ran successfully in 12ms
Running Changeset: liquibase/3.2.x.x/result_file.xml::20250825-02-add-resultfile-to-analysis::elia
Oct 08, 2026 8:55:04 AM liquibase.changelog
INFO: Columns result_file_id(INTEGER) added to analysis
Oct 08, 2026 8:55:04 AM liquibase.changelog
INFO: Foreign key constraint added to analysis (result_file_id)
Oct 08, 2026 8:55:04 AM liquibase.changelog
INFO: Unique constraint added to analysis(result_file_id)
Oct 08, 2026 8:55:04 AM liquibase.changelog
INFO: ChangeSet liquibase/3.2.x.x/result_file.xml::20250825-02-add-resultfile-to-analysis::elia ran successfully in 3ms
Running Changeset: liquibase/3.2.x.x/sample_item.xml::23-10-2025::reagan-meant
Oct 08, 2026 8:55:04 AM liquibase.changelog
INFO: sample_item.external_id datatype was changed to varchar(40)
Oct 08, 2026 8:55:04 AM liquibase.changelog
INFO: ChangeSet liquibase/3.2.x.x/sample_item.xml::23-10-2025::reagan-meant ran successfully in 3ms
Running Changeset: liquibase/3.2.x.x/sample_item.xml::add-voided-22-10-2025::reagan-meant
Oct 08, 2026 8:55:04 AM liquibase.changelog
INFO: Columns voided(boolean) added to sample_item
Oct 08, 2026 8:55:04 AM liquibase.changelog
INFO: Data updated in sample_item
Oct 08, 2026 8:55:04 AM liquibase.changelog
INFO: ChangeSet liquibase/3.2.x.x/sample_item.xml::add-voided-22-10-2025::reagan-meant ran successfully in 1ms
Running Changeset: liquibase/3.2.x.x/sample_item.xml::add-void-reason-23-10-2025::reagan-meant
Oct 08, 2026 8:55:04 AM liquibase.changelog
INFO: Columns void_reason(varchar(200)) added to sample_item
Oct 08, 2026 8:55:04 AM liquibase.changelog
INFO: ChangeSet liquibase/3.2.x.x/sample_item.xml::add-void-reason-23-10-2025::reagan-meant ran successfully in 2ms
Running Changeset: liquibase/3.2.x.x/sample_item.xml::25-10-2025::reagan-meant
Oct 08, 2026 8:55:04 AM liquibase.changelog
INFO: New row inserted into menu
Oct 08, 2026 8:55:04 AM liquibase.changelog
INFO: ChangeSet liquibase/3.2.x.x/sample_item.xml::25-10-2025::reagan-meant ran successfully in 1ms
Running Changeset: liquibase/3.2.x.x/generic_sample_menu.xml::2025110701::Generic Sample Developer
Oct 08, 2026 8:55:04 AM liquibase.changelog
INFO: New row inserted into menu
Oct 08, 2026 8:55:04 AM liquibase.changelog
INFO: ChangeSet liquibase/3.2.x.x/generic_sample_menu.xml::2025110701::Generic Sample Developer ran successfully in 2ms
Running Changeset: liquibase/3.2.x.x/generic_sample_menu.xml::2025110702::Generic Sample Developer
Oct 08, 2026 8:55:04 AM liquibase.changelog
INFO: New row inserted into menu
Oct 08, 2026 8:55:04 AM liquibase.changelog
INFO: ChangeSet liquibase/3.2.x.x/generic_sample_menu.xml::2025110702::Generic Sample Developer ran successfully in 2ms
Running Changeset: liquibase/3.2.x.x/generic_sample_menu.xml::2025110703::Generic Sample Developer
Oct 08, 2026 8:55:04 AM liquibase.changelog
INFO: New row inserted into menu
Oct 08, 2026 8:55:04 AM liquibase.changelog
INFO: ChangeSet liquibase/3.2.x.x/generic_sample_menu.xml::2025110703::Generic Sample Developer ran successfully in 1ms
Running Changeset: liquibase/3.2.x.x/generic_sample_menu.xml::2025110704::Generic Sample Developer
Oct 08, 2026 8:55:04 AM liquibase.changelog
INFO: New row inserted into menu
Oct 08, 2026 8:55:04 AM liquibase.changelog
INFO: ChangeSet liquibase/3.2.x.x/generic_sample_menu.xml::2025110704::Generic Sample Developer ran successfully in 1ms
Running Changeset: liquibase/3.2.x.x/generic_sample_menu.xml::2025120101::Generic Sample Developer
Oct 08, 2026 8:55:04 AM liquibase.changelog
INFO: New row inserted into menu
Oct 08, 2026 8:55:04 AM liquibase.changelog
INFO: ChangeSet liquibase/3.2.x.x/generic_sample_menu.xml::2025120101::Generic Sample Developer ran successfully in 2ms
Running Changeset: liquibase/3.2.x.x/generic_sample_menu.xml::2025110705::Generic Sample Developer
Oct 08, 2026 8:55:04 AM liquibase.changelog
INFO: New row inserted into system_module
Oct 08, 2026 8:55:04 AM liquibase.changelog
INFO: ChangeSet liquibase/3.2.x.x/generic_sample_menu.xml::2025110705::Generic Sample Developer ran successfully in 1ms
Running Changeset: liquibase/3.2.x.x/generic_sample_menu.xml::2025110706::Generic Sample Developer
Oct 08, 2026 8:55:04 AM liquibase.changelog
INFO: New row inserted into system_module_url
Oct 08, 2026 8:55:04 AM liquibase.changelog
INFO: New row inserted into system_module_url
Oct 08, 2026 8:55:04 AM liquibase.changelog
INFO: New row inserted into system_module_url
Oct 08, 2026 8:55:04 AM liquibase.changelog
INFO: New row inserted into system_module_url
Oct 08, 2026 8:55:04 AM liquibase.changelog
INFO: New row inserted into system_module_url
Oct 08, 2026 8:55:04 AM liquibase.changelog
INFO: New row inserted into system_module_url
Oct 08, 2026 8:55:04 AM liquibase.changelog
INFO: ChangeSet liquibase/3.2.x.x/generic_sample_menu.xml::2025110706::Generic Sample Developer ran successfully in 3ms
Running Changeset: liquibase/3.2.x.x/generic_sample_menu.xml::2025110707::Generic Sample Developer
Oct 08, 2026 8:55:04 AM liquibase.changelog
INFO: New row inserted into system_role_module
Oct 08, 2026 8:55:04 AM liquibase.changelog
INFO: ChangeSet liquibase/3.2.x.x/generic_sample_menu.xml::2025110707::Generic Sample Developer ran successfully in 2ms
Running Changeset: liquibase/3.2.x.x/generic_sample_menu.xml::2025110708::Generic Sample Developer
Oct 08, 2026 8:55:04 AM liquibase.changelog
INFO: New row inserted into system_role_module
Oct 08, 2026 8:55:04 AM liquibase.changelog
INFO: ChangeSet liquibase/3.2.x.x/generic_sample_menu.xml::2025110708::Generic Sample Developer ran successfully in 1ms
Running Changeset: liquibase/3.2.x.x/sample-management.xml::sample-mgmt-001-add-aliquot-columns::dev-team
Oct 08, 2026 8:55:04 AM liquibase.changelog
INFO: Columns remaining_quantity(DECIMAL(10,3)),parent_sample_item_id(NUMERIC(10,0)) added to sample_item
Oct 08, 2026 8:55:04 AM liquibase.changelog
INFO: ChangeSet liquibase/3.2.x.x/sample-management.xml::sample-mgmt-001-add-aliquot-columns::dev-team ran successfully in 1ms
Running Changeset: liquibase/3.2.x.x/sample-management.xml::sample-mgmt-002-add-parent-fk::dev-team
Oct 08, 2026 8:55:04 AM liquibase.changelog
INFO: Foreign key constraint added to sample_item (parent_sample_item_id)
Oct 08, 2026 8:55:04 AM liquibase.changelog
INFO: ChangeSet liquibase/3.2.x.x/sample-management.xml::sample-mgmt-002-add-parent-fk::dev-team ran successfully in 2ms
Running Changeset: liquibase/3.2.x.x/sample-management.xml::sample-mgmt-003-add-parent-index::dev-team
Oct 08, 2026 8:55:04 AM liquibase.changelog
INFO: Index idx_sample_item_parent created
Oct 08, 2026 8:55:04 AM liquibase.changelog
INFO: ChangeSet liquibase/3.2.x.x/sample-management.xml::sample-mgmt-003-add-parent-index::dev-team ran successfully in 0ms
Running Changeset: liquibase/3.2.x.x/sample-management.xml::sample-mgmt-004-create-aliquot-relationship::dev-team
Oct 08, 2026 8:55:04 AM liquibase.changelog
INFO: Table sample_item_aliquot_relationship created
Oct 08, 2026 8:55:04 AM liquibase.changelog
INFO: ChangeSet liquibase/3.2.x.x/sample-management.xml::sample-mgmt-004-create-aliquot-relationship::dev-team ran successfully in 2ms
Running Changeset: liquibase/3.2.x.x/sample-management.xml::sample-mgmt-005-add-relationship-fks::dev-team
Oct 08, 2026 8:55:04 AM liquibase.changelog
INFO: Foreign key constraint added to sample_item_aliquot_relationship (parent_sample_item_id)
Oct 08, 2026 8:55:04 AM liquibase.changelog
INFO: Foreign key constraint added to sample_item_aliquot_relationship (child_sample_item_id)
Oct 08, 2026 8:55:04 AM liquibase.changelog
INFO: ChangeSet liquibase/3.2.x.x/sample-management.xml::sample-mgmt-005-add-relationship-fks::dev-team ran successfully in 2ms
Running Changeset: liquibase/3.2.x.x/sample-management.xml::sample-mgmt-006-add-sequence-unique::dev-team
Oct 08, 2026 8:55:04 AM liquibase.changelog
INFO: Unique constraint added to sample_item_aliquot_relationship(parent_sample_item_id, sequence_number)
Oct 08, 2026 8:55:04 AM liquibase.changelog
INFO: ChangeSet liquibase/3.2.x.x/sample-management.xml::sample-mgmt-006-add-sequence-unique::dev-team ran successfully in 1ms
Running Changeset: liquibase/3.2.x.x/sample-management.xml::sample-mgmt-007-add-relationship-indexes::dev-team
Oct 08, 2026 8:55:04 AM liquibase.changelog
INFO: Index idx_aliquot_rel_parent created
Oct 08, 2026 8:55:04 AM liquibase.changelog
INFO: Index idx_aliquot_rel_child created
Oct 08, 2026 8:55:04 AM liquibase.changelog
INFO: ChangeSet liquibase/3.2.x.x/sample-management.xml::sample-mgmt-007-add-relationship-indexes::dev-team ran successfully in 1ms
Running Changeset: liquibase/3.2.x.x/sample-management.xml::sample-mgmt-008-migrate-legacy-quantity::dev-team
Oct 08, 2026 8:55:04 AM liquibase.changelog
INFO: Custom SQL executed
Oct 08, 2026 8:55:04 AM liquibase.changelog
INFO: ChangeSet liquibase/3.2.x.x/sample-management.xml::sample-mgmt-008-migrate-legacy-quantity::dev-team ran successfully in 1ms
Running Changeset: liquibase/3.2.x.x/sample-management.xml::sample-mgmt-009-add-menu-entry::dev-team
Oct 08, 2026 8:55:04 AM liquibase.changelog
INFO: New row inserted into menu
Oct 08, 2026 8:55:04 AM liquibase.changelog
INFO: ChangeSet liquibase/3.2.x.x/sample-management.xml::sample-mgmt-009-add-menu-entry::dev-team ran successfully in 1ms
Running Changeset: liquibase/3.2.x.x/sample-management.xml::sample-mgmt-010-add-result-entry-menu::dev-team
Oct 08, 2026 8:55:04 AM liquibase.changelog
INFO: Marking ChangeSet: liquibase/3.2.x.x/sample-management.xml::sample-mgmt-010-add-result-entry-menu::dev-team ran despite precondition failure due to onFail='MARK_RAN': 
          liquibase/base-changelog.xml : SQL Precondition failed.  Expected '0' got '1'

Running Changeset: liquibase/3.3.x.x/001-create-storage-hierarchy-tables.xml::storage-001-create-storage-room-table::sample-storage-feature
Oct 08, 2026 8:55:04 AM liquibase.changelog
INFO: Table storage_room created
Oct 08, 2026 8:55:04 AM liquibase.changelog
INFO: Sequence storage_room_seq created
Oct 08, 2026 8:55:04 AM liquibase.changelog
INFO: ChangeSet liquibase/3.3.x.x/001-create-storage-hierarchy-tables.xml::storage-001-create-storage-room-table::sample-storage-feature ran successfully in 12ms
Running Changeset: liquibase/3.3.x.x/001-create-storage-hierarchy-tables.xml::storage-002-create-storage-device-table::sample-storage-feature
Oct 08, 2026 8:55:04 AM liquibase.changelog
INFO: Table storage_device created
Oct 08, 2026 8:55:04 AM liquibase.changelog
INFO: Unique constraint added to storage_device(parent_room_id, code)
Oct 08, 2026 8:55:04 AM liquibase.changelog
INFO: Custom SQL executed
Oct 08, 2026 8:55:04 AM liquibase.changelog
INFO: Sequence storage_device_seq created
Oct 08, 2026 8:55:04 AM liquibase.changelog
INFO: ChangeSet liquibase/3.3.x.x/001-create-storage-hierarchy-tables.xml::storage-002-create-storage-device-table::sample-storage-feature ran successfully in 16ms
Running Changeset: liquibase/3.3.x.x/001-create-storage-hierarchy-tables.xml::storage-003-create-storage-shelf-table::sample-storage-feature
Oct 08, 2026 8:55:04 AM liquibase.changelog
INFO: Table storage_shelf created
Oct 08, 2026 8:55:04 AM liquibase.changelog
INFO: Unique constraint added to storage_shelf(parent_device_id, label)
Oct 08, 2026 8:55:04 AM liquibase.changelog
INFO: Sequence storage_shelf_seq created
Oct 08, 2026 8:55:04 AM liquibase.changelog
INFO: ChangeSet liquibase/3.3.x.x/001-create-storage-hierarchy-tables.xml::storage-003-create-storage-shelf-table::sample-storage-feature ran successfully in 16ms
Running Changeset: liquibase/3.3.x.x/001-create-storage-hierarchy-tables.xml::storage-004-create-storage-rack-table::sample-storage-feature
Oct 08, 2026 8:55:04 AM liquibase.changelog
INFO: Table storage_rack created
Oct 08, 2026 8:55:04 AM liquibase.changelog
INFO: Unique constraint added to storage_rack(parent_shelf_id, label)
Oct 08, 2026 8:55:04 AM liquibase.changelog
INFO: Sequence storage_rack_seq created
Oct 08, 2026 8:55:04 AM liquibase.changelog
INFO: ChangeSet liquibase/3.3.x.x/001-create-storage-hierarchy-tables.xml::storage-004-create-storage-rack-table::sample-storage-feature ran successfully in 20ms
Running Changeset: liquibase/3.3.x.x/001-create-storage-hierarchy-tables.xml::storage-005-create-storage-box-table::sample-storage-feature
Oct 08, 2026 8:55:04 AM liquibase.changelog
INFO: Table storage_box created
Oct 08, 2026 8:55:04 AM liquibase.changelog
INFO: Unique constraint added to storage_box(parent_rack_id, label)
Oct 08, 2026 8:55:04 AM liquibase.changelog
INFO: Custom SQL executed
Oct 08, 2026 8:55:04 AM liquibase.changelog
INFO: Sequence storage_box_seq created
Oct 08, 2026 8:55:04 AM liquibase.changelog
INFO: ChangeSet liquibase/3.3.x.x/001-create-storage-hierarchy-tables.xml::storage-005-create-storage-box-table::sample-storage-feature ran successfully in 21ms
Running Changeset: liquibase/3.3.x.x/002-create-assignment-tables.xml::storage-006-create-sample-storage-assignment-table::sample-storage-feature
Oct 08, 2026 8:55:05 AM liquibase.changelog
INFO: Table sample_storage_assignment created
Oct 08, 2026 8:55:05 AM liquibase.changelog
INFO: Custom SQL executed
Oct 08, 2026 8:55:05 AM liquibase.changelog
INFO: Sequence sample_storage_assignment_seq created
Oct 08, 2026 8:55:05 AM liquibase.changelog
INFO: ChangeSet liquibase/3.3.x.x/002-create-assignment-tables.xml::storage-006-create-sample-storage-assignment-table::sample-storage-feature ran successfully in 17ms
Running Changeset: liquibase/3.3.x.x/002-create-assignment-tables.xml::storage-007-create-sample-storage-movement-table::sample-storage-feature
Oct 08, 2026 8:55:05 AM liquibase.changelog
INFO: Table sample_storage_movement created
Oct 08, 2026 8:55:05 AM liquibase.changelog
INFO: Custom SQL executed
Oct 08, 2026 8:55:05 AM liquibase.changelog
INFO: Custom SQL executed
Oct 08, 2026 8:55:05 AM liquibase.changelog
INFO: Custom SQL executed
Oct 08, 2026 8:55:05 AM liquibase.changelog
INFO: Sequence sample_storage_movement_seq created
Oct 08, 2026 8:55:05 AM liquibase.changelog
INFO: ChangeSet liquibase/3.3.x.x/002-create-assignment-tables.xml::storage-007-create-sample-storage-movement-table::sample-storage-feature ran successfully in 17ms
Running Changeset: liquibase/3.3.x.x/003-create-indexes.xml::storage-008-create-hierarchy-indexes::sample-storage-feature
Oct 08, 2026 8:55:05 AM liquibase.changelog
INFO: Index idx_device_parent_room created
Oct 08, 2026 8:55:05 AM liquibase.changelog
INFO: Index idx_shelf_parent_device created
Oct 08, 2026 8:55:05 AM liquibase.changelog
INFO: Index idx_rack_parent_shelf created
Oct 08, 2026 8:55:05 AM liquibase.changelog
INFO: Index idx_box_parent_rack created
Oct 08, 2026 8:55:05 AM liquibase.changelog
INFO: ChangeSet liquibase/3.3.x.x/003-create-indexes.xml::storage-008-create-hierarchy-indexes::sample-storage-feature ran successfully in 8ms
Running Changeset: liquibase/3.3.x.x/003-create-indexes.xml::storage-009-create-fhir-uuid-indexes::sample-storage-feature
Oct 08, 2026 8:55:05 AM liquibase.changelog
INFO: Index idx_room_fhir_uuid created
Oct 08, 2026 8:55:05 AM liquibase.changelog
INFO: Index idx_device_fhir_uuid created
Oct 08, 2026 8:55:05 AM liquibase.changelog
INFO: Index idx_shelf_fhir_uuid created
Oct 08, 2026 8:55:05 AM liquibase.changelog
INFO: Index idx_rack_fhir_uuid created
Oct 08, 2026 8:55:05 AM liquibase.changelog
INFO: Index idx_box_fhir_uuid created
Oct 08, 2026 8:55:05 AM liquibase.changelog
INFO: ChangeSet liquibase/3.3.x.x/003-create-indexes.xml::storage-009-create-fhir-uuid-indexes::sample-storage-feature ran successfully in 4ms
Running Changeset: liquibase/3.3.x.x/003-create-indexes.xml::storage-010-create-active-status-indexes::sample-storage-feature
Oct 08, 2026 8:55:05 AM liquibase.changelog
INFO: Index idx_room_active created
Oct 08, 2026 8:55:05 AM liquibase.changelog
INFO: Index idx_device_active created
Oct 08, 2026 8:55:05 AM liquibase.changelog
INFO: Index idx_shelf_active created
Oct 08, 2026 8:55:05 AM liquibase.changelog
INFO: Index idx_rack_active created
Oct 08, 2026 8:55:05 AM liquibase.changelog
INFO: ChangeSet liquibase/3.3.x.x/003-create-indexes.xml::storage-010-create-active-status-indexes::sample-storage-feature ran successfully in 4ms
Running Changeset: liquibase/3.3.x.x/003-create-indexes.xml::storage-011-create-assignment-indexes::sample-storage-feature
Oct 08, 2026 8:55:05 AM liquibase.changelog
INFO: Index idx_assignment_sample_item created
Oct 08, 2026 8:55:05 AM liquibase.changelog
INFO: Index idx_assignment_location created
Oct 08, 2026 8:55:05 AM liquibase.changelog
INFO: ChangeSet liquibase/3.3.x.x/003-create-indexes.xml::storage-011-create-assignment-indexes::sample-storage-feature ran successfully in 4ms
Running Changeset: liquibase/3.3.x.x/003-create-indexes.xml::storage-012-create-movement-indexes::sample-storage-feature
Oct 08, 2026 8:55:05 AM liquibase.changelog
INFO: Index idx_movement_sample_item created
Oct 08, 2026 8:55:05 AM liquibase.changelog
INFO: Index idx_movement_date created
Oct 08, 2026 8:55:05 AM liquibase.changelog
INFO: ChangeSet liquibase/3.3.x.x/003-create-indexes.xml::storage-012-create-movement-indexes::sample-storage-feature ran successfully in 4ms
Running Changeset: liquibase/3.3.x.x/005-add-storage-menu-item.xml::storage-menu-item-1::pmanko
Oct 08, 2026 8:55:05 AM liquibase.changelog
INFO: New row inserted into menu
Oct 08, 2026 8:55:05 AM liquibase.changelog
INFO: ChangeSet liquibase/3.3.x.x/005-add-storage-menu-item.xml::storage-menu-item-1::pmanko ran successfully in 1ms
Running Changeset: liquibase/3.3.x.x/006-add-storage-menu-localization.xml::storage-menu-localization-1::pmanko
Oct 08, 2026 8:55:05 AM liquibase.changelog
INFO: Custom SQL executed
Oct 08, 2026 8:55:05 AM liquibase.changelog
INFO: ChangeSet liquibase/3.3.x.x/006-add-storage-menu-localization.xml::storage-menu-localization-1::pmanko ran successfully in 2ms
Running Changeset: liquibase/3.3.x.x/008-add-short-code-columns.xml::storage-008-add-short-code-to-device::sample-storage-feature
Oct 08, 2026 8:55:05 AM liquibase.changelog
INFO: Columns short_code(VARCHAR(10)) added to storage_device
Oct 08, 2026 8:55:05 AM liquibase.changelog
INFO: ChangeSet liquibase/3.3.x.x/008-add-short-code-columns.xml::storage-008-add-short-code-to-device::sample-storage-feature ran successfully in 2ms
Running Changeset: liquibase/3.3.x.x/008-add-short-code-columns.xml::storage-008a-make-device-short-code-required::sample-storage-feature
Oct 08, 2026 8:55:05 AM liquibase.changelog
INFO: Custom SQL executed
Oct 08, 2026 8:55:05 AM liquibase.changelog
INFO: Unique constraint added to storage_device(parent_room_id, short_code)
Oct 08, 2026 8:55:05 AM liquibase.changelog
INFO: NOT NULL constraint has been added to storage_device.short_code
Oct 08, 2026 8:55:05 AM liquibase.changelog
INFO: ChangeSet liquibase/3.3.x.x/008-add-short-code-columns.xml::storage-008a-make-device-short-code-required::sample-storage-feature ran successfully in 5ms
Running Changeset: liquibase/3.3.x.x/008-add-short-code-columns.xml::storage-009-add-short-code-to-shelf::sample-storage-feature
Oct 08, 2026 8:55:05 AM liquibase.changelog
INFO: Columns short_code(VARCHAR(10)) added to storage_shelf
Oct 08, 2026 8:55:05 AM liquibase.changelog
INFO: ChangeSet liquibase/3.3.x.x/008-add-short-code-columns.xml::storage-009-add-short-code-to-shelf::sample-storage-feature ran successfully in 2ms
Running Changeset: liquibase/3.3.x.x/008-add-short-code-columns.xml::storage-009a-make-shelf-short-code-required::sample-storage-feature
Oct 08, 2026 8:55:05 AM liquibase.changelog
INFO: Custom SQL executed
Oct 08, 2026 8:55:05 AM liquibase.changelog
INFO: Unique constraint added to storage_shelf(parent_device_id, short_code)
Oct 08, 2026 8:55:05 AM liquibase.changelog
INFO: NOT NULL constraint has been added to storage_shelf.short_code
Oct 08, 2026 8:55:05 AM liquibase.changelog
INFO: ChangeSet liquibase/3.3.x.x/008-add-short-code-columns.xml::storage-009a-make-shelf-short-code-required::sample-storage-feature ran successfully in 4ms
Running Changeset: liquibase/3.3.x.x/008-add-short-code-columns.xml::storage-010-add-short-code-to-rack::sample-storage-feature
Oct 08, 2026 8:55:05 AM liquibase.changelog
INFO: Marking ChangeSet: liquibase/3.3.x.x/008-add-short-code-columns.xml::storage-010-add-short-code-to-rack::sample-storage-feature ran despite precondition failure due to onFail='MARK_RAN': 
          liquibase/base-changelog.xml : Not precondition failed

Running Changeset: liquibase/3.3.x.x/008-add-short-code-columns.xml::storage-010a-make-rack-short-code-required::sample-storage-feature
Oct 08, 2026 8:55:05 AM liquibase.changelog
INFO: Custom SQL executed
Oct 08, 2026 8:55:05 AM liquibase.changelog
INFO: Unique constraint added to storage_rack(parent_shelf_id, short_code)
Oct 08, 2026 8:55:05 AM liquibase.changelog
INFO: NOT NULL constraint has been added to storage_rack.short_code
Oct 08, 2026 8:55:05 AM liquibase.changelog
INFO: ChangeSet liquibase/3.3.x.x/008-add-short-code-columns.xml::storage-010a-make-rack-short-code-required::sample-storage-feature ran successfully in 5ms
Running Changeset: liquibase/3.3.x.x/009-create-print-history-table.xml::storage-011-create-print-history-table::sample-storage-feature
Oct 08, 2026 8:55:05 AM liquibase.changelog
INFO: Table storage_location_print_history created
Oct 08, 2026 8:55:05 AM liquibase.changelog
INFO: Custom SQL executed
Oct 08, 2026 8:55:05 AM liquibase.changelog
INFO: Index idx_print_history_location created
Oct 08, 2026 8:55:05 AM liquibase.changelog
INFO: Index idx_print_history_date created
Oct 08, 2026 8:55:05 AM liquibase.changelog
INFO: ChangeSet liquibase/3.3.x.x/009-create-print-history-table.xml::storage-011-create-print-history-table::sample-storage-feature ran successfully in 15ms
Running Changeset: liquibase/3.3.x.x/010-remove-odoo-site-information.xml::1::mherman22
Oct 08, 2026 8:55:05 AM liquibase.changelog
INFO: Data deleted from site_information
Oct 08, 2026 8:55:05 AM liquibase.changelog
INFO: ChangeSet liquibase/3.3.x.x/010-remove-odoo-site-information.xml::1::mherman22 ran successfully in 2ms
Running Changeset: liquibase/3.3.x.x/011-optimize-test-normalized-description.xml::test-011-enable-unaccent-extension::performance-optimization
Oct 08, 2026 8:55:05 AM liquibase.changelog
INFO: Custom SQL executed
Oct 08, 2026 8:55:05 AM liquibase.changelog
INFO: ChangeSet liquibase/3.3.x.x/011-optimize-test-normalized-description.xml::test-011-enable-unaccent-extension::performance-optimization ran successfully in 2ms
Running Changeset: liquibase/3.3.x.x/011-optimize-test-normalized-description.xml::test-011-add-normalized-description-column::performance-optimization
Oct 08, 2026 8:55:05 AM liquibase.changelog
INFO: Columns normalized_description(VARCHAR(255)) added to test
Oct 08, 2026 8:55:05 AM liquibase.changelog
INFO: ChangeSet liquibase/3.3.x.x/011-optimize-test-normalized-description.xml::test-011-add-normalized-description-column::performance-optimization ran successfully in 2ms
Running Changeset: liquibase/3.3.x.x/011-optimize-test-normalized-description.xml::test-011-populate-normalized-description::performance-optimization
Oct 08, 2026 8:55:05 AM liquibase.changelog
INFO: Custom SQL executed
Oct 08, 2026 8:55:05 AM liquibase.changelog
INFO: ChangeSet liquibase/3.3.x.x/011-optimize-test-normalized-description.xml::test-011-populate-normalized-description::performance-optimization ran successfully in 5ms
Running Changeset: liquibase/3.3.x.x/011-optimize-test-normalized-description.xml::test-011-create-normalized-description-index::performance-optimization
Oct 08, 2026 8:55:05 AM liquibase.changelog
INFO: Index idx_test_normalized_description created
Oct 08, 2026 8:55:05 AM liquibase.changelog
INFO: ChangeSet liquibase/3.3.x.x/011-optimize-test-normalized-description.xml::test-011-create-normalized-description-index::performance-optimization ran successfully in 3ms
Running Changeset: liquibase/3.3.x.x/011-optimize-test-normalized-description.xml::test-011-create-normalized-description-trigger::performance-optimization
Oct 08, 2026 8:55:05 AM liquibase.changelog
INFO: Custom SQL executed
Oct 08, 2026 8:55:05 AM liquibase.changelog
INFO: Custom SQL executed
Oct 08, 2026 8:55:05 AM liquibase.changelog
INFO: Custom SQL executed
Oct 08, 2026 8:55:05 AM liquibase.changelog
INFO: ChangeSet liquibase/3.3.x.x/011-optimize-test-normalized-description.xml::test-011-create-normalized-description-trigger::performance-optimization ran successfully in 2ms
Running Changeset: liquibase/3.3.x.x/011-make-short-code-optional.xml::storage-010b-make-device-short-code-optional::sample-storage-feature
Oct 08, 2026 8:55:05 AM liquibase.changelog
INFO: Null constraint dropped from storage_device.short_code
Oct 08, 2026 8:55:05 AM liquibase.changelog
INFO: Custom SQL executed
Oct 08, 2026 8:55:05 AM liquibase.changelog
INFO: ChangeSet liquibase/3.3.x.x/011-make-short-code-optional.xml::storage-010b-make-device-short-code-optional::sample-storage-feature ran successfully in 4ms
Running Changeset: liquibase/3.3.x.x/011-make-short-code-optional.xml::storage-010b-make-shelf-short-code-optional::sample-storage-feature
Oct 08, 2026 8:55:05 AM liquibase.changelog
INFO: Null constraint dropped from storage_shelf.short_code
Oct 08, 2026 8:55:05 AM liquibase.changelog
INFO: Custom SQL executed
Oct 08, 2026 8:55:05 AM liquibase.changelog
INFO: ChangeSet liquibase/3.3.x.x/011-make-short-code-optional.xml::storage-010b-make-shelf-short-code-optional::sample-storage-feature ran successfully in 3ms
Running Changeset: liquibase/3.3.x.x/011-make-short-code-optional.xml::storage-010b-make-rack-short-code-optional::sample-storage-feature
Oct 08, 2026 8:55:05 AM liquibase.changelog
INFO: Null constraint dropped from storage_rack.short_code
Oct 08, 2026 8:55:05 AM liquibase.changelog
INFO: Custom SQL executed
Oct 08, 2026 8:55:05 AM liquibase.changelog
INFO: ChangeSet liquibase/3.3.x.x/011-make-short-code-optional.xml::storage-010b-make-rack-short-code-optional::sample-storage-feature ran successfully in 3ms
Running Changeset: liquibase/3.3.x.x/012-update-code-column-length.xml::storage-011-update-room-code-length::sample-storage-feature
Oct 08, 2026 8:55:05 AM liquibase.changelog
INFO: storage_room.code datatype was changed to VARCHAR(10)
Oct 08, 2026 8:55:05 AM liquibase.changelog
INFO: ChangeSet liquibase/3.3.x.x/012-update-code-column-length.xml::storage-011-update-room-code-length::sample-storage-feature ran successfully in 4ms
Running Changeset: liquibase/3.3.x.x/012-update-code-column-length.xml::storage-011-update-device-code-length::sample-storage-feature
Oct 08, 2026 8:55:05 AM liquibase.changelog
INFO: storage_device.code datatype was changed to VARCHAR(10)
Oct 08, 2026 8:55:05 AM liquibase.changelog
INFO: ChangeSet liquibase/3.3.x.x/012-update-code-column-length.xml::storage-011-update-device-code-length::sample-storage-feature ran successfully in 4ms
Running Changeset: liquibase/3.3.x.x/012-update-code-column-length.xml::storage-011-add-shelf-code-column::sample-storage-feature
Oct 08, 2026 8:55:05 AM liquibase.changelog
INFO: Columns code(VARCHAR(10)) added to storage_shelf
Oct 08, 2026 8:55:05 AM liquibase.changelog
INFO: Custom SQL executed
Oct 08, 2026 8:55:05 AM liquibase.changelog
INFO: NOT NULL constraint has been added to storage_shelf.code
Oct 08, 2026 8:55:05 AM liquibase.changelog
INFO: ChangeSet liquibase/3.3.x.x/012-update-code-column-length.xml::storage-011-add-shelf-code-column::sample-storage-feature ran successfully in 3ms
Running Changeset: liquibase/3.3.x.x/012-update-code-column-length.xml::storage-011-add-rack-code-column::sample-storage-feature
Oct 08, 2026 8:55:05 AM liquibase.changelog
INFO: Columns code(VARCHAR(10)) added to storage_rack
Oct 08, 2026 8:55:05 AM liquibase.changelog
INFO: Custom SQL executed
Oct 08, 2026 8:55:05 AM liquibase.changelog
INFO: NOT NULL constraint has been added to storage_rack.code
Oct 08, 2026 8:55:05 AM liquibase.changelog
INFO: ChangeSet liquibase/3.3.x.x/012-update-code-column-length.xml::storage-011-add-rack-code-column::sample-storage-feature ran successfully in 4ms
Running Changeset: liquibase/3.3.x.x/013-remove-short-code-columns.xml::storage-012-remove-device-short-code::sample-storage-feature
Oct 08, 2026 8:55:05 AM liquibase.changelog
INFO: Custom SQL executed
Oct 08, 2026 8:55:05 AM liquibase.changelog
INFO: Column storage_device.short_code dropped
Oct 08, 2026 8:55:05 AM liquibase.changelog
INFO: ChangeSet liquibase/3.3.x.x/013-remove-short-code-columns.xml::storage-012-remove-device-short-code::sample-storage-feature ran successfully in 2ms
Running Changeset: liquibase/3.3.x.x/013-remove-short-code-columns.xml::storage-012-remove-shelf-short-code::sample-storage-feature
Oct 08, 2026 8:55:05 AM liquibase.changelog
INFO: Custom SQL executed
Oct 08, 2026 8:55:05 AM liquibase.changelog
INFO: Column storage_shelf.short_code dropped
Oct 08, 2026 8:55:05 AM liquibase.changelog
INFO: ChangeSet liquibase/3.3.x.x/013-remove-short-code-columns.xml::storage-012-remove-shelf-short-code::sample-storage-feature ran successfully in 2ms
Running Changeset: liquibase/3.3.x.x/013-remove-short-code-columns.xml::storage-012-remove-rack-short-code::sample-storage-feature
Oct 08, 2026 8:55:05 AM liquibase.changelog
INFO: Custom SQL executed
Oct 08, 2026 8:55:05 AM liquibase.changelog
INFO: Column storage_rack.short_code dropped
Oct 08, 2026 8:55:05 AM liquibase.changelog
INFO: ChangeSet liquibase/3.3.x.x/013-remove-short-code-columns.xml::storage-012-remove-rack-short-code::sample-storage-feature ran successfully in 2ms
Running Changeset: liquibase/3.3.x.x/014-rename-print-history-short-code-to-location-code.xml::storage-013-rename-print-history-short-code-to-location-code::sample-storage-feature
Oct 08, 2026 8:55:05 AM liquibase.changelog
INFO: Column storage_location_print_history.short_code renamed to location_code
Oct 08, 2026 8:55:05 AM liquibase.changelog
INFO: ChangeSet liquibase/3.3.x.x/014-rename-print-history-short-code-to-location-code.xml::storage-013-rename-print-history-short-code-to-location-code::sample-storage-feature ran successfully in 1ms
Running Changeset: liquibase/3.3.x.x/015-add-sample-disposed-status.xml::add-sample-disposed-status::ogc-73
Oct 08, 2026 8:55:05 AM liquibase.changelog
INFO: Marking ChangeSet: liquibase/3.3.x.x/015-add-sample-disposed-status.xml::add-sample-disposed-status::ogc-73 ran despite precondition failure due to onFail='MARK_RAN': 
          liquibase/base-changelog.xml : SQL Precondition failed.  Expected '0' got '1'

Running Changeset: liquibase/3.3.x.x/016-inventory-management-system.xml::inventory-001-backup-old-data::mherman22
Oct 08, 2026 8:55:05 AM liquibase.changelog
INFO: Custom SQL executed
Oct 08, 2026 8:55:05 AM liquibase.changelog
INFO: Custom SQL executed
Oct 08, 2026 8:55:05 AM liquibase.changelog
INFO: Custom SQL executed
Oct 08, 2026 8:55:05 AM liquibase.changelog
INFO: ChangeSet liquibase/3.3.x.x/016-inventory-management-system.xml::inventory-001-backup-old-data::mherman22 ran successfully in 5ms
Running Changeset: liquibase/3.3.x.x/016-inventory-management-system.xml::inventory-002-drop-old-tables::mherman22
Oct 08, 2026 8:55:05 AM liquibase.changelog
INFO: Custom SQL executed
Oct 08, 2026 8:55:05 AM liquibase.changelog
INFO: Custom SQL executed
Oct 08, 2026 8:55:05 AM liquibase.changelog
INFO: Custom SQL executed
Oct 08, 2026 8:55:05 AM liquibase.changelog
INFO: Custom SQL executed
Oct 08, 2026 8:55:05 AM liquibase.changelog
INFO: Custom SQL executed
Oct 08, 2026 8:55:05 AM liquibase.changelog
INFO: Custom SQL executed
Oct 08, 2026 8:55:05 AM liquibase.changelog
INFO: ChangeSet liquibase/3.3.x.x/016-inventory-management-system.xml::inventory-002-drop-old-tables::mherman22 ran successfully in 7ms
Running Changeset: liquibase/3.3.x.x/016-inventory-management-system.xml::inventory-003-create-inventory-item-table::mherman22
Oct 08, 2026 8:55:05 AM liquibase.changelog
INFO: Table inventory_item created
Oct 08, 2026 8:55:05 AM liquibase.changelog
INFO: Custom SQL executed
Oct 08, 2026 8:55:05 AM liquibase.changelog
INFO: Custom SQL executed
Oct 08, 2026 8:55:05 AM liquibase.changelog
INFO: Custom SQL executed
Oct 08, 2026 8:55:05 AM liquibase.changelog
INFO: Custom SQL executed
Oct 08, 2026 8:55:05 AM liquibase.changelog
INFO: Sequence inventory_item_seq created
Oct 08, 2026 8:55:05 AM liquibase.changelog
INFO: Index idx_inventory_item_type created
Oct 08, 2026 8:55:05 AM liquibase.changelog
INFO: Index idx_inventory_item_category created
Oct 08, 2026 8:55:05 AM liquibase.changelog
INFO: Index idx_inventory_item_active created
Oct 08, 2026 8:55:05 AM liquibase.changelog
INFO: ChangeSet liquibase/3.3.x.x/016-inventory-management-system.xml::inventory-003-create-inventory-item-table::mherman22 ran successfully in 18ms
Running Changeset: liquibase/3.3.x.x/016-inventory-management-system.xml::inventory-004-create-storage-location-table::mherman22
Oct 08, 2026 8:55:05 AM liquibase.changelog
INFO: Table inventory_storage_location created
Oct 08, 2026 8:55:05 AM liquibase.changelog
INFO: Custom SQL executed
Oct 08, 2026 8:55:05 AM liquibase.changelog
INFO: Index idx_storage_location_type created
Oct 08, 2026 8:55:05 AM liquibase.changelog
INFO: Index idx_storage_location_parent created
Oct 08, 2026 8:55:05 AM liquibase.changelog
INFO: Index idx_storage_location_active created
Oct 08, 2026 8:55:05 AM liquibase.changelog
INFO: Sequence inventory_storage_location_seq created
Oct 08, 2026 8:55:05 AM liquibase.changelog
INFO: ChangeSet liquibase/3.3.x.x/016-inventory-management-system.xml::inventory-004-create-storage-location-table::mherman22 ran successfully in 16ms
Running Changeset: liquibase/3.3.x.x/016-inventory-management-system.xml::inventory-005-create-lot-table::mherman22
Oct 08, 2026 8:55:05 AM liquibase.changelog
INFO: Table inventory_lot created
Oct 08, 2026 8:55:05 AM liquibase.changelog
INFO: Custom SQL executed
Oct 08, 2026 8:55:05 AM liquibase.changelog
INFO: Custom SQL executed
Oct 08, 2026 8:55:05 AM liquibase.changelog
INFO: Custom SQL executed
Oct 08, 2026 8:55:05 AM liquibase.changelog
INFO: Index idx_lot_inventory_item created
Oct 08, 2026 8:55:05 AM liquibase.changelog
INFO: Index idx_lot_storage_location created
Oct 08, 2026 8:55:05 AM liquibase.changelog
INFO: Index idx_lot_status created
Oct 08, 2026 8:55:05 AM liquibase.changelog
INFO: Index idx_lot_qc_status created
Oct 08, 2026 8:55:05 AM liquibase.changelog
INFO: Index idx_lot_expiration created
Oct 08, 2026 8:55:05 AM liquibase.changelog
INFO: Index idx_lot_number created
Oct 08, 2026 8:55:05 AM liquibase.changelog
INFO: Sequence inventory_lot_seq created
Oct 08, 2026 8:55:05 AM liquibase.changelog
INFO: ChangeSet liquibase/3.3.x.x/016-inventory-management-system.xml::inventory-005-create-lot-table::mherman22 ran successfully in 19ms
Running Changeset: liquibase/3.3.x.x/016-inventory-management-system.xml::inventory-006-create-transaction-table::mherman22
Oct 08, 2026 8:55:05 AM liquibase.changelog
INFO: Table inventory_transaction created
Oct 08, 2026 8:55:05 AM liquibase.changelog
INFO: Custom SQL executed
Oct 08, 2026 8:55:05 AM liquibase.changelog
INFO: Custom SQL executed
Oct 08, 2026 8:55:05 AM liquibase.changelog
INFO: Index idx_transaction_lot created
Oct 08, 2026 8:55:05 AM liquibase.changelog
INFO: Index idx_transaction_type created
Oct 08, 2026 8:55:05 AM liquibase.changelog
INFO: Index idx_transaction_date created
Oct 08, 2026 8:55:05 AM liquibase.changelog
INFO: Index idx_transaction_reference created
Oct 08, 2026 8:55:05 AM liquibase.changelog
INFO: Sequence inventory_transaction_seq created
Oct 08, 2026 8:55:05 AM liquibase.changelog
INFO: ChangeSet liquibase/3.3.x.x/016-inventory-management-system.xml::inventory-006-create-transaction-table::mherman22 ran successfully in 16ms
Running Changeset: liquibase/3.3.x.x/016-inventory-management-system.xml::inventory-007-create-usage-table::mherman22
Oct 08, 2026 8:55:05 AM liquibase.changelog
INFO: Table inventory_usage created
Oct 08, 2026 8:55:05 AM liquibase.changelog
INFO: Custom SQL executed
Oct 08, 2026 8:55:05 AM liquibase.changelog
INFO: Index idx_usage_inventory_item created
Oct 08, 2026 8:55:05 AM liquibase.changelog
INFO: Index idx_usage_lot created
Oct 08, 2026 8:55:05 AM liquibase.changelog
INFO: Index idx_usage_date created
Oct 08, 2026 8:55:05 AM liquibase.changelog
INFO: Index idx_usage_test_result created
Oct 08, 2026 8:55:05 AM liquibase.changelog
INFO: Index idx_usage_analysis created
Oct 08, 2026 8:55:05 AM liquibase.changelog
INFO: Sequence inventory_usage_seq created
Oct 08, 2026 8:55:05 AM liquibase.changelog
INFO: ChangeSet liquibase/3.3.x.x/016-inventory-management-system.xml::inventory-007-create-usage-table::mherman22 ran successfully in 15ms
Running Changeset: liquibase/3.3.x.x/016-inventory-management-system.xml::inventory-008-migrate-old-hiv-kit-data::mherman22
Oct 08, 2026 8:55:05 AM liquibase.changelog
INFO: Custom SQL executed
Oct 08, 2026 8:55:05 AM liquibase.changelog
INFO: Custom SQL executed
Oct 08, 2026 8:55:05 AM liquibase.changelog
INFO: Custom SQL executed
Oct 08, 2026 8:55:05 AM liquibase.changelog
INFO: ChangeSet liquibase/3.3.x.x/016-inventory-management-system.xml::inventory-008-migrate-old-hiv-kit-data::mherman22 ran successfully in 4ms
Running Changeset: liquibase/3.3.x.x/016-inventory-management-system.xml::inventory-009-add-inventory-menu-item::mherman22
Oct 08, 2026 8:55:05 AM liquibase.changelog
INFO: New row inserted into menu
Oct 08, 2026 8:55:05 AM liquibase.changelog
INFO: ChangeSet liquibase/3.3.x.x/016-inventory-management-system.xml::inventory-009-add-inventory-menu-item::mherman22 ran successfully in 1ms
Running Changeset: liquibase/3.3.x.x/016-inventory-management-system.xml::inventory-010-add-inventory-management-submenu::mherman22
Oct 08, 2026 8:55:05 AM liquibase.changelog
INFO: New row inserted into menu
Oct 08, 2026 8:55:05 AM liquibase.changelog
INFO: ChangeSet liquibase/3.3.x.x/016-inventory-management-system.xml::inventory-010-add-inventory-management-submenu::mherman22 ran successfully in 1ms
Running Changeset: liquibase/3.3.x.x/017-inventory-add-last-updated.xml::inventory-add-last-updated-001::mherman22
Oct 08, 2026 8:55:05 AM liquibase.changelog
INFO: Columns last_updated(TIMESTAMP) added to inventory_item
Oct 08, 2026 8:55:05 AM liquibase.changelog
INFO: ChangeSet liquibase/3.3.x.x/017-inventory-add-last-updated.xml::inventory-add-last-updated-001::mherman22 ran successfully in 1ms
Running Changeset: liquibase/3.3.x.x/017-inventory-add-last-updated.xml::inventory-add-last-updated-002::mherman22
Oct 08, 2026 8:55:05 AM liquibase.changelog
INFO: Columns last_updated(TIMESTAMP) added to inventory_storage_location
Oct 08, 2026 8:55:05 AM liquibase.changelog
INFO: ChangeSet liquibase/3.3.x.x/017-inventory-add-last-updated.xml::inventory-add-last-updated-002::mherman22 ran successfully in 2ms
Running Changeset: liquibase/3.3.x.x/017-inventory-add-last-updated.xml::inventory-add-last-updated-003::mherman22
Oct 08, 2026 8:55:05 AM liquibase.changelog
INFO: Columns last_updated(TIMESTAMP) added to inventory_lot
Oct 08, 2026 8:55:05 AM liquibase.changelog
INFO: ChangeSet liquibase/3.3.x.x/017-inventory-add-last-updated.xml::inventory-add-last-updated-003::mherman22 ran successfully in 2ms
Running Changeset: liquibase/3.3.x.x/017-inventory-add-last-updated.xml::inventory-add-last-updated-004::mherman22
Oct 08, 2026 8:55:05 AM liquibase.changelog
INFO: Columns last_updated(TIMESTAMP) added to inventory_transaction
Oct 08, 2026 8:55:05 AM liquibase.changelog
INFO: ChangeSet liquibase/3.3.x.x/017-inventory-add-last-updated.xml::inventory-add-last-updated-004::mherman22 ran successfully in 1ms
Running Changeset: liquibase/3.3.x.x/017-inventory-add-last-updated.xml::inventory-add-last-updated-005::mherman22
Oct 08, 2026 8:55:05 AM liquibase.changelog
INFO: Columns last_updated(TIMESTAMP) added to inventory_usage
Oct 08, 2026 8:55:05 AM liquibase.changelog
INFO: ChangeSet liquibase/3.3.x.x/017-inventory-add-last-updated.xml::inventory-add-last-updated-005::mherman22 ran successfully in 2ms
Running Changeset: liquibase/3.3.x.x/018-allow-null-location-for-disposed.xml::storage-016-allow-null-location-for-disposed::ogc-144
Oct 08, 2026 8:55:05 AM liquibase.changelog
INFO: Null constraint dropped from sample_storage_assignment.location_id
Oct 08, 2026 8:55:05 AM liquibase.changelog
INFO: Null constraint dropped from sample_storage_assignment.location_type
Oct 08, 2026 8:55:05 AM liquibase.changelog
INFO: Custom SQL executed
Oct 08, 2026 8:55:05 AM liquibase.changelog
INFO: Custom SQL executed
Oct 08, 2026 8:55:05 AM liquibase.changelog
INFO: ChangeSet liquibase/3.3.x.x/018-allow-null-location-for-disposed.xml::storage-016-allow-null-location-for-disposed::ogc-144 ran successfully in 2ms
Running Changeset: liquibase/3.3.x.x/019-fix-assignment-location-type-check.xml::storage-019-fix-assignment-location-type-check::openelisglobal-ai-agent
Oct 08, 2026 8:55:05 AM liquibase.changelog
INFO: Custom SQL executed
Oct 08, 2026 8:55:05 AM liquibase.changelog
INFO: Custom SQL executed
Oct 08, 2026 8:55:05 AM liquibase.changelog
INFO: ChangeSet liquibase/3.3.x.x/019-fix-assignment-location-type-check.xml::storage-019-fix-assignment-location-type-check::openelisglobal-ai-agent ran successfully in 2ms
Running Changeset: liquibase/3.3.x.x/020-storage-box-use-code-not-short-code.xml::storage-020-storage-box-use-code-not-short-code::openelisglobal-ai-agent
Oct 08, 2026 8:55:05 AM liquibase.changelog
INFO: Columns code(VARCHAR(10)) added to storage_box
Oct 08, 2026 8:55:05 AM liquibase.changelog
INFO: Custom SQL executed
Oct 08, 2026 8:55:05 AM liquibase.changelog
INFO: NOT NULL constraint has been added to storage_box.code
Oct 08, 2026 8:55:05 AM liquibase.changelog
INFO: Unique constraint added to storage_box(parent_rack_id, code)
Oct 08, 2026 8:55:05 AM liquibase.changelog
INFO: Column storage_box.short_code dropped
Oct 08, 2026 8:55:05 AM liquibase.changelog
INFO: ChangeSet liquibase/3.3.x.x/020-storage-box-use-code-not-short-code.xml::storage-020-storage-box-use-code-not-short-code::openelisglobal-ai-agent ran successfully in 14ms
Running Changeset: liquibase/3.3.x.x/021-add-patient-merge-menu-item.xml::patient-merge-menu-item-1::claude
Oct 08, 2026 8:55:05 AM liquibase.changelog
INFO: New row inserted into menu
Oct 08, 2026 8:55:05 AM liquibase.changelog
INFO: ChangeSet liquibase/3.3.x.x/021-add-patient-merge-menu-item.xml::patient-merge-menu-item-1::claude ran successfully in 4ms
Running Changeset: liquibase/3.3.x.x/022-add-patient-merge-menu-localization.xml::patient-merge-menu-localization-1::claude
Oct 08, 2026 8:55:05 AM liquibase.changelog
INFO: Custom SQL executed
Oct 08, 2026 8:55:05 AM liquibase.changelog
INFO: ChangeSet liquibase/3.3.x.x/022-add-patient-merge-menu-localization.xml::patient-merge-menu-localization-1::claude ran successfully in 3ms
Running Changeset: liquibase/3.3.x.x/028-create-report-definition-table.xml::reporting-001-create-report-definition-table::Agaba-derrick
Oct 08, 2026 8:55:05 AM liquibase.changelog
INFO: Table report_definition created
Oct 08, 2026 8:55:05 AM liquibase.changelog
INFO: Index idx_report_def_category created
Oct 08, 2026 8:55:05 AM liquibase.changelog
INFO: Index idx_report_def_created_by created
Oct 08, 2026 8:55:05 AM liquibase.changelog
INFO: Index idx_report_def_is_active created
Oct 08, 2026 8:55:05 AM liquibase.changelog
INFO: Index idx_report_def_last_updated created
Oct 08, 2026 8:55:05 AM liquibase.changelog
INFO: ChangeSet liquibase/3.3.x.x/028-create-report-definition-table.xml::reporting-001-create-report-definition-table::Agaba-derrick ran successfully in 24ms
Running Changeset: liquibase/3.3.x.x/028-create-report-definition-table.xml::reporting-002-add-report-type::Agaba_derrick
Oct 08, 2026 8:55:05 AM liquibase.changelog
INFO: Columns report_type(VARCHAR(50)) added to report_definition
Oct 08, 2026 8:55:05 AM liquibase.changelog
INFO: Index idx_report_def_report_type created
Oct 08, 2026 8:55:05 AM liquibase.changelog
INFO: ChangeSet liquibase/3.3.x.x/028-create-report-definition-table.xml::reporting-002-add-report-type::Agaba_derrick ran successfully in 3ms
Running Changeset: liquibase/3.3.x.x/028-create-report-definition-table.xml::reporting-002-add-is-public::Agaba_derrick
Oct 08, 2026 8:55:05 AM liquibase.changelog
INFO: Columns is_public(BOOLEAN) added to report_definition
Oct 08, 2026 8:55:05 AM liquibase.changelog
INFO: ChangeSet liquibase/3.3.x.x/028-create-report-definition-table.xml::reporting-002-add-is-public::Agaba_derrick ran successfully in 2ms
Running Changeset: liquibase/3.3.x.x/028-create-report-definition-table.xml::reporting-003-seed-default-patient-report::Agaba_derrick
Oct 08, 2026 8:55:05 AM liquibase.changelog
INFO: New row inserted into report_definition
Oct 08, 2026 8:55:05 AM liquibase.changelog
INFO: ChangeSet liquibase/3.3.x.x/028-create-report-definition-table.xml::reporting-003-seed-default-patient-report::Agaba_derrick ran successfully in 2ms
Running Changeset: liquibase/3.3.x.x/023-storage-device-connectivity.xml::storage-ogc68-001-add-device-connectivity-columns::dev-team
Oct 08, 2026 8:55:05 AM liquibase.changelog
INFO: Columns ip_address(VARCHAR(45)),port(INTEGER),communication_protocol(VARCHAR(20)) added to storage_device
Oct 08, 2026 8:55:05 AM liquibase.changelog
INFO: ChangeSet liquibase/3.3.x.x/023-storage-device-connectivity.xml::storage-ogc68-001-add-device-connectivity-columns::dev-team ran successfully in 2ms
Running Changeset: liquibase/3.3.x.x/023-storage-device-connectivity.xml::storage-ogc68-002-add-port-check-constraint::dev-team
Oct 08, 2026 8:55:05 AM liquibase.changelog
INFO: Custom SQL executed
Oct 08, 2026 8:55:05 AM liquibase.changelog
INFO: ChangeSet liquibase/3.3.x.x/023-storage-device-connectivity.xml::storage-ogc68-002-add-port-check-constraint::dev-team ran successfully in 3ms
Running Changeset: liquibase/3.3.x.x/024-freezer-monitoring-schema.xml::create-freezer-table::mherman22
Oct 08, 2026 8:55:05 AM liquibase.changelog
INFO: Sequence freezer_seq created
Oct 08, 2026 8:55:05 AM liquibase.changelog
INFO: Table freezer created
Oct 08, 2026 8:55:05 AM liquibase.changelog
INFO: Index idx_freezer_name created
Oct 08, 2026 8:55:05 AM liquibase.changelog
INFO: ChangeSet liquibase/3.3.x.x/024-freezer-monitoring-schema.xml::create-freezer-table::mherman22 ran successfully in 18ms
Running Changeset: liquibase/3.3.x.x/024-freezer-monitoring-schema.xml::create-threshold-profile-table::mherman22
Oct 08, 2026 8:55:05 AM liquibase.changelog
INFO: Sequence threshold_profile_seq created
Oct 08, 2026 8:55:05 AM liquibase.changelog
INFO: Table threshold_profile created
Oct 08, 2026 8:55:05 AM liquibase.changelog
INFO: Foreign key constraint added to threshold_profile (created_by)
Oct 08, 2026 8:55:05 AM liquibase.changelog
INFO: ChangeSet liquibase/3.3.x.x/024-freezer-monitoring-schema.xml::create-threshold-profile-table::mherman22 ran successfully in 19ms
Running Changeset: liquibase/3.3.x.x/024-freezer-monitoring-schema.xml::create-freezer-threshold-profile-table::mherman22
Oct 08, 2026 8:55:05 AM liquibase.changelog
INFO: Sequence freezer_threshold_profile_seq created
Oct 08, 2026 8:55:05 AM liquibase.changelog
INFO: Table freezer_threshold_profile created
Oct 08, 2026 8:55:05 AM liquibase.changelog
INFO: Foreign key constraint added to freezer_threshold_profile (freezer_id)
Oct 08, 2026 8:55:05 AM liquibase.changelog
INFO: Foreign key constraint added to freezer_threshold_profile (threshold_profile_id)
Oct 08, 2026 8:55:05 AM liquibase.changelog
INFO: ChangeSet liquibase/3.3.x.x/024-freezer-monitoring-schema.xml::create-freezer-threshold-profile-table::mherman22 ran successfully in 19ms
Running Changeset: liquibase/3.3.x.x/024-freezer-monitoring-schema.xml::create-freezer-reading-table::mherman22
Oct 08, 2026 8:55:05 AM liquibase.changelog
INFO: Sequence freezer_reading_seq created
Oct 08, 2026 8:55:05 AM liquibase.changelog
INFO: Table freezer_reading created
Oct 08, 2026 8:55:05 AM liquibase.changelog
INFO: Foreign key constraint added to freezer_reading (freezer_id)
Oct 08, 2026 8:55:05 AM liquibase.changelog
INFO: Index idx_freezer_reading_name_time created
Oct 08, 2026 8:55:05 AM liquibase.changelog
INFO: Index idx_freezer_reading_status created
Oct 08, 2026 8:55:05 AM liquibase.changelog
INFO: ChangeSet liquibase/3.3.x.x/024-freezer-monitoring-schema.xml::create-freezer-reading-table::mherman22 ran successfully in 15ms
Running Changeset: liquibase/3.3.x.x/024-freezer-monitoring-schema.xml::add-freezer-storage-device-fk::mherman22
Oct 08, 2026 8:55:05 AM liquibase.changelog
INFO: Columns storage_device_id(INTEGER) added to freezer
Oct 08, 2026 8:55:05 AM liquibase.changelog
INFO: Foreign key constraint added to freezer (storage_device_id)
Oct 08, 2026 8:55:05 AM liquibase.changelog
INFO: Index idx_freezer_storage_device created
Oct 08, 2026 8:55:05 AM liquibase.changelog
INFO: ChangeSet liquibase/3.3.x.x/024-freezer-monitoring-schema.xml::add-freezer-storage-device-fk::mherman22 ran successfully in 4ms
Running Changeset: liquibase/3.3.x.x/024-freezer-monitoring-schema.xml::add-unique-constraint-freezer-storage-device::mherman22
Oct 08, 2026 8:55:05 AM liquibase.changelog
INFO: Unique constraint added to freezer(storage_device_id)
Oct 08, 2026 8:55:05 AM liquibase.changelog
INFO: ChangeSet liquibase/3.3.x.x/024-freezer-monitoring-schema.xml::add-unique-constraint-freezer-storage-device::mherman22 ran successfully in 2ms
Running Changeset: liquibase/3.3.x.x/024-freezer-monitoring-schema.xml::add-freezer-system-config-site-information::mherman22
Oct 08, 2026 8:55:05 AM liquibase.changelog
INFO: New row inserted into site_information
Oct 08, 2026 8:55:05 AM liquibase.changelog
INFO: New row inserted into site_information
Oct 08, 2026 8:55:05 AM liquibase.changelog
INFO: ChangeSet liquibase/3.3.x.x/024-freezer-monitoring-schema.xml::add-freezer-system-config-site-information::mherman22 ran successfully in 2ms
Running Changeset: liquibase/3.3.x.x/024-freezer-monitoring-schema.xml::add-freezer-monitoring-menu-item::mherman22
Oct 08, 2026 8:55:05 AM liquibase.changelog
INFO: New row inserted into menu
Oct 08, 2026 8:55:05 AM liquibase.changelog
INFO: ChangeSet liquibase/3.3.x.x/024-freezer-monitoring-schema.xml::add-freezer-monitoring-menu-item::mherman22 ran successfully in 1ms
Running Changeset: liquibase/3.3.x.x/024-freezer-monitoring-schema.xml::reorganize-storage-menu-1::mherman22
Oct 08, 2026 8:55:05 AM liquibase.changelog
INFO: Data updated in menu
Oct 08, 2026 8:55:05 AM liquibase.changelog
INFO: ChangeSet liquibase/3.3.x.x/024-freezer-monitoring-schema.xml::reorganize-storage-menu-1::mherman22 ran successfully in 1ms
Running Changeset: liquibase/3.3.x.x/024-freezer-monitoring-schema.xml::reorganize-storage-menu-2::mherman22
Oct 08, 2026 8:55:05 AM liquibase.changelog
INFO: New row inserted into menu
Oct 08, 2026 8:55:05 AM liquibase.changelog
INFO: ChangeSet liquibase/3.3.x.x/024-freezer-monitoring-schema.xml::reorganize-storage-menu-2::mherman22 ran successfully in 1ms
Running Changeset: liquibase/3.3.x.x/024-freezer-monitoring-schema.xml::reorganize-storage-menu-3::mherman22
Oct 08, 2026 8:55:05 AM liquibase.changelog
INFO: Data updated in menu
Oct 08, 2026 8:55:05 AM liquibase.changelog
INFO: ChangeSet liquibase/3.3.x.x/024-freezer-monitoring-schema.xml::reorganize-storage-menu-3::mherman22 ran successfully in 1ms
Running Changeset: liquibase/3.3.x.x/024-freezer-monitoring-schema.xml::create-corrective-action-system::mherman22
Oct 08, 2026 8:55:05 AM liquibase.changelog
INFO: Sequence corrective_action_seq created
Oct 08, 2026 8:55:05 AM liquibase.changelog
INFO: Table corrective_action created
Oct 08, 2026 8:55:05 AM liquibase.changelog
INFO: Foreign key constraint added to corrective_action (freezer_id)
Oct 08, 2026 8:55:05 AM liquibase.changelog
INFO: Foreign key constraint added to corrective_action (created_by)
Oct 08, 2026 8:55:05 AM liquibase.changelog
INFO: Foreign key constraint added to corrective_action (updated_by)
Oct 08, 2026 8:55:05 AM liquibase.changelog
INFO: Custom SQL executed
Oct 08, 2026 8:55:05 AM liquibase.changelog
INFO: Custom SQL executed
Oct 08, 2026 8:55:05 AM liquibase.changelog
INFO: Index idx_corrective_action_freezer created
Oct 08, 2026 8:55:05 AM liquibase.changelog
INFO: Index idx_corrective_action_status created
Oct 08, 2026 8:55:05 AM liquibase.changelog
INFO: Index idx_corrective_action_created_at created
Oct 08, 2026 8:55:05 AM liquibase.changelog
INFO: Index idx_corrective_action_edited created
Oct 08, 2026 8:55:05 AM liquibase.changelog
INFO: Index idx_corrective_action_freezer_created created
Oct 08, 2026 8:55:05 AM liquibase.changelog
INFO: ChangeSet liquibase/3.3.x.x/024-freezer-monitoring-schema.xml::create-corrective-action-system::mherman22 ran successfully in 19ms
Running Changeset: liquibase/3.3.x.x/024-freezer-monitoring-schema.xml::create-alert-table::mherman22
Oct 08, 2026 8:55:05 AM liquibase.changelog
INFO: Sequence alert_seq created
Oct 08, 2026 8:55:05 AM liquibase.changelog
INFO: Table alert created
Oct 08, 2026 8:55:05 AM liquibase.changelog
INFO: Foreign key constraint added to alert (acknowledged_by)
Oct 08, 2026 8:55:05 AM liquibase.changelog
INFO: Foreign key constraint added to alert (resolved_by)
Oct 08, 2026 8:55:05 AM liquibase.changelog
INFO: Custom SQL executed
Oct 08, 2026 8:55:05 AM liquibase.changelog
INFO: Index idx_alert_entity created
Oct 08, 2026 8:55:05 AM liquibase.changelog
INFO: Index idx_alert_type created
Oct 08, 2026 8:55:05 AM liquibase.changelog
INFO: Index idx_alert_status created
Oct 08, 2026 8:55:05 AM liquibase.changelog
INFO: Index idx_alert_severity created
Oct 08, 2026 8:55:05 AM liquibase.changelog
INFO: Index idx_alert_start_time created
Oct 08, 2026 8:55:05 AM liquibase.changelog
INFO: Index idx_alert_status_severity created
Oct 08, 2026 8:55:05 AM liquibase.changelog
INFO: ChangeSet liquibase/3.3.x.x/024-freezer-monitoring-schema.xml::create-alert-table::mherman22 ran successfully in 20ms
Running Changeset: liquibase/3.3.x.x/029-add-storage-subnav-items.xml::update-storage-management-no-action::navbar-extraction
Oct 08, 2026 8:55:05 AM liquibase.changelog
INFO: Data updated in menu
Oct 08, 2026 8:55:05 AM liquibase.changelog
INFO: ChangeSet liquibase/3.3.x.x/029-add-storage-subnav-items.xml::update-storage-management-no-action::navbar-extraction ran successfully in 1ms
Running Changeset: liquibase/3.3.x.x/029-add-storage-subnav-items.xml::add-storage-samples-menu::navbar-extraction
Oct 08, 2026 8:55:05 AM liquibase.changelog
INFO: New row inserted into menu
Oct 08, 2026 8:55:05 AM liquibase.changelog
INFO: ChangeSet liquibase/3.3.x.x/029-add-storage-subnav-items.xml::add-storage-samples-menu::navbar-extraction ran successfully in 2ms
Running Changeset: liquibase/3.3.x.x/029-add-storage-subnav-items.xml::add-storage-rooms-menu::navbar-extraction
Oct 08, 2026 8:55:05 AM liquibase.changelog
INFO: New row inserted into menu
Oct 08, 2026 8:55:05 AM liquibase.changelog
INFO: ChangeSet liquibase/3.3.x.x/029-add-storage-subnav-items.xml::add-storage-rooms-menu::navbar-extraction ran successfully in 1ms
Running Changeset: liquibase/3.3.x.x/029-add-storage-subnav-items.xml::add-storage-devices-menu::navbar-extraction
Oct 08, 2026 8:55:05 AM liquibase.changelog
INFO: New row inserted into menu
Oct 08, 2026 8:55:05 AM liquibase.changelog
INFO: ChangeSet liquibase/3.3.x.x/029-add-storage-subnav-items.xml::add-storage-devices-menu::navbar-extraction ran successfully in 2ms
Running Changeset: liquibase/3.3.x.x/029-add-storage-subnav-items.xml::add-storage-shelves-menu::navbar-extraction
Oct 08, 2026 8:55:05 AM liquibase.changelog
INFO: New row inserted into menu
Oct 08, 2026 8:55:05 AM liquibase.changelog
INFO: ChangeSet liquibase/3.3.x.x/029-add-storage-subnav-items.xml::add-storage-shelves-menu::navbar-extraction ran successfully in 1ms
Running Changeset: liquibase/3.3.x.x/029-add-storage-subnav-items.xml::add-storage-racks-menu::navbar-extraction
Oct 08, 2026 8:55:05 AM liquibase.changelog
INFO: New row inserted into menu
Oct 08, 2026 8:55:05 AM liquibase.changelog
INFO: ChangeSet liquibase/3.3.x.x/029-add-storage-subnav-items.xml::add-storage-racks-menu::navbar-extraction ran successfully in 1ms
Running Changeset: liquibase/3.3.x.x/029-add-storage-subnav-items.xml::add-storage-boxes-menu::navbar-extraction
Oct 08, 2026 8:55:05 AM liquibase.changelog
INFO: New row inserted into menu
Oct 08, 2026 8:55:05 AM liquibase.changelog
INFO: ChangeSet liquibase/3.3.x.x/029-add-storage-subnav-items.xml::add-storage-boxes-menu::navbar-extraction ran successfully in 1ms
Running Changeset: liquibase/3.3.x.x/029-add-storage-subnav-items.xml::update-freezer-monitoring-no-action::navbar-extraction
Oct 08, 2026 8:55:05 AM liquibase.changelog
INFO: Data updated in menu
Oct 08, 2026 8:55:05 AM liquibase.changelog
INFO: ChangeSet liquibase/3.3.x.x/029-add-storage-subnav-items.xml::update-freezer-monitoring-no-action::navbar-extraction ran successfully in 2ms
Running Changeset: liquibase/3.3.x.x/029-add-storage-subnav-items.xml::add-freezer-dashboard-menu::navbar-extraction
Oct 08, 2026 8:55:05 AM liquibase.changelog
INFO: New row inserted into menu
Oct 08, 2026 8:55:05 AM liquibase.changelog
INFO: ChangeSet liquibase/3.3.x.x/029-add-storage-subnav-items.xml::add-freezer-dashboard-menu::navbar-extraction ran successfully in 2ms
Running Changeset: liquibase/3.3.x.x/029-add-storage-subnav-items.xml::add-freezer-corrective-menu::navbar-extraction
Oct 08, 2026 8:55:05 AM liquibase.changelog
INFO: New row inserted into menu
Oct 08, 2026 8:55:05 AM liquibase.changelog
INFO: ChangeSet liquibase/3.3.x.x/029-add-storage-subnav-items.xml::add-freezer-corrective-menu::navbar-extraction ran successfully in 1ms
Running Changeset: liquibase/3.3.x.x/029-add-storage-subnav-items.xml::add-freezer-trends-menu::navbar-extraction
Oct 08, 2026 8:55:05 AM liquibase.changelog
INFO: New row inserted into menu
Oct 08, 2026 8:55:05 AM liquibase.changelog
INFO: ChangeSet liquibase/3.3.x.x/029-add-storage-subnav-items.xml::add-freezer-trends-menu::navbar-extraction ran successfully in 1ms
Running Changeset: liquibase/3.3.x.x/029-add-storage-subnav-items.xml::add-freezer-reports-menu::navbar-extraction
Oct 08, 2026 8:55:05 AM liquibase.changelog
INFO: New row inserted into menu
Oct 08, 2026 8:55:05 AM liquibase.changelog
INFO: ChangeSet liquibase/3.3.x.x/029-add-storage-subnav-items.xml::add-freezer-reports-menu::navbar-extraction ran successfully in 2ms
Running Changeset: liquibase/3.3.x.x/029-add-storage-subnav-items.xml::add-freezer-settings-menu::navbar-extraction
Oct 08, 2026 8:55:05 AM liquibase.changelog
INFO: New row inserted into menu
Oct 08, 2026 8:55:05 AM liquibase.changelog
INFO: ChangeSet liquibase/3.3.x.x/029-add-storage-subnav-items.xml::add-freezer-settings-menu::navbar-extraction ran successfully in 1ms
Running Changeset: liquibase/3.3.x.x/generic-program-menu.xml::create-generic-program-menu-option::elia
Oct 08, 2026 8:55:05 AM liquibase.changelog
INFO: New row inserted into menu
Oct 08, 2026 8:55:05 AM liquibase.changelog
INFO: ChangeSet liquibase/3.3.x.x/generic-program-menu.xml::create-generic-program-menu-option::elia ran successfully in 1ms
Running Changeset: liquibase/3.3.x.x/025-register-freezer-audit-trail.xml::register-freezer-audit-trail::mherman22
Oct 08, 2026 8:55:05 AM liquibase.changelog
INFO: New row inserted into reference_tables
Oct 08, 2026 8:55:05 AM liquibase.changelog
INFO: New row inserted into reference_tables
Oct 08, 2026 8:55:05 AM liquibase.changelog
INFO: New row inserted into reference_tables
Oct 08, 2026 8:55:05 AM liquibase.changelog
INFO: ChangeSet liquibase/3.3.x.x/025-register-freezer-audit-trail.xml::register-freezer-audit-trail::mherman22 ran successfully in 3ms
Running Changeset: liquibase/3.3.x.x/026-patient-merge-create-audit-table.xml::patient-merge-001-create-audit-table::patient-merge-backend
Oct 08, 2026 8:55:05 AM liquibase.changelog
INFO: Table patient_merge_audit created
Oct 08, 2026 8:55:05 AM liquibase.changelog
INFO: Foreign key constraint added to patient_merge_audit (primary_patient_id)
Oct 08, 2026 8:55:05 AM liquibase.changelog
INFO: Foreign key constraint added to patient_merge_audit (merged_patient_id)
Oct 08, 2026 8:55:05 AM liquibase.changelog
INFO: Foreign key constraint added to patient_merge_audit (performed_by_user_id)
Oct 08, 2026 8:55:05 AM liquibase.changelog
INFO: Foreign key constraint added to patient_merge_audit (sys_user_id)
Oct 08, 2026 8:55:05 AM liquibase.changelog
INFO: Index idx_pma_primary_patient created
Oct 08, 2026 8:55:05 AM liquibase.changelog
INFO: Index idx_pma_merged_patient created
Oct 08, 2026 8:55:05 AM liquibase.changelog
INFO: Index idx_pma_merge_date created
Oct 08, 2026 8:55:05 AM liquibase.changelog
INFO: Index idx_pma_performed_by created
Oct 08, 2026 8:55:05 AM liquibase.changelog
INFO: Custom SQL executed
Oct 08, 2026 8:55:05 AM liquibase.changelog
INFO: ChangeSet liquibase/3.3.x.x/026-patient-merge-create-audit-table.xml::patient-merge-001-create-audit-table::patient-merge-backend ran successfully in 17ms
Running Changeset: liquibase/3.3.x.x/027-patient-merge-alter-patient-table.xml::patient-merge-002-alter-patient-table::patient-merge-backend
Oct 08, 2026 8:55:05 AM liquibase.changelog
INFO: Columns merged_into_patient_id(BIGINT) added to patient
Oct 08, 2026 8:55:05 AM liquibase.changelog
INFO: Columns is_merged(BOOLEAN) added to patient
Oct 08, 2026 8:55:05 AM liquibase.changelog
INFO: Columns merge_date(TIMESTAMP) added to patient
Oct 08, 2026 8:55:05 AM liquibase.changelog
INFO: Foreign key constraint added to patient (merged_into_patient_id)
Oct 08, 2026 8:55:05 AM liquibase.changelog
INFO: Index idx_patient_is_merged created
Oct 08, 2026 8:55:05 AM liquibase.changelog
INFO: Index idx_patient_merged_into created
Oct 08, 2026 8:55:05 AM liquibase.changelog
INFO: Custom SQL executed
Oct 08, 2026 8:55:05 AM liquibase.changelog
INFO: ChangeSet liquibase/3.3.x.x/027-patient-merge-alter-patient-table.xml::patient-merge-002-alter-patient-table::patient-merge-backend ran successfully in 5ms
Running Changeset: liquibase/3.3.x.x/028-create-site-branding-table.xml::028-create-site-branding-table::openelis
Oct 08, 2026 8:55:05 AM liquibase.changelog
INFO: Sequence site_branding_seq created
Oct 08, 2026 8:55:05 AM liquibase.changelog
INFO: Table site_branding created
Oct 08, 2026 8:55:05 AM liquibase.changelog
INFO: ChangeSet liquibase/3.3.x.x/028-create-site-branding-table.xml::028-create-site-branding-table::openelis ran successfully in 18ms
Running Changeset: liquibase/3.3.x.x/eqa-001-create-eqa-program-tables.xml::eqa-001-create-eqa-program-table::eqa-module-feature
Oct 08, 2026 8:55:05 AM liquibase.changelog
INFO: Table eqa_program created
Oct 08, 2026 8:55:05 AM liquibase.changelog
INFO: Sequence eqa_program_seq created
Oct 08, 2026 8:55:05 AM liquibase.changelog
INFO: ChangeSet liquibase/3.3.x.x/eqa-001-create-eqa-program-tables.xml::eqa-001-create-eqa-program-table::eqa-module-feature ran successfully in 12ms
Running Changeset: liquibase/3.3.x.x/eqa-001-create-eqa-program-tables.xml::eqa-002-create-eqa-program-test-table::eqa-module-feature
Oct 08, 2026 8:55:05 AM liquibase.changelog
INFO: Table eqa_program_test created
Oct 08, 2026 8:55:05 AM liquibase.changelog
INFO: Unique constraint added to eqa_program_test(eqa_program_id, test_id)
Oct 08, 2026 8:55:05 AM liquibase.changelog
INFO: Sequence eqa_program_test_seq created
Oct 08, 2026 8:55:05 AM liquibase.changelog
INFO: ChangeSet liquibase/3.3.x.x/eqa-001-create-eqa-program-tables.xml::eqa-002-create-eqa-program-test-table::eqa-module-feature ran successfully in 20ms
Running Changeset: liquibase/3.3.x.x/eqa-002-create-eqa-distribution-tables.xml::eqa-003-create-eqa-distribution-table::eqa-module-feature
Oct 08, 2026 8:55:05 AM liquibase.changelog
INFO: Table eqa_distribution created
Oct 08, 2026 8:55:05 AM liquibase.changelog
INFO: Index idx_eqa_dist_program created
Oct 08, 2026 8:55:05 AM liquibase.changelog
INFO: Index idx_eqa_dist_status created
Oct 08, 2026 8:55:05 AM liquibase.changelog
INFO: Sequence eqa_distribution_seq created
Oct 08, 2026 8:55:05 AM liquibase.changelog
INFO: ChangeSet liquibase/3.3.x.x/eqa-002-create-eqa-distribution-tables.xml::eqa-003-create-eqa-distribution-table::eqa-module-feature ran successfully in 15ms
Running Changeset: liquibase/3.3.x.x/eqa-003-create-sample-eqa-table.xml::eqa-004-create-sample-eqa-table::eqa-module-feature
Oct 08, 2026 8:55:05 AM liquibase.changelog
INFO: Table sample_eqa created
Oct 08, 2026 8:55:05 AM liquibase.changelog
INFO: Index idx_sample_eqa_sample_id created
Oct 08, 2026 8:55:05 AM liquibase.changelog
INFO: Index idx_sample_eqa_program_id created
Oct 08, 2026 8:55:05 AM liquibase.changelog
INFO: Index idx_sample_eqa_deadline created
Oct 08, 2026 8:55:05 AM liquibase.changelog
INFO: Index idx_sample_eqa_is_eqa created
Oct 08, 2026 8:55:05 AM liquibase.changelog
INFO: Sequence sample_eqa_seq created
Oct 08, 2026 8:55:05 AM liquibase.changelog
INFO: ChangeSet liquibase/3.3.x.x/eqa-003-create-sample-eqa-table.xml::eqa-004-create-sample-eqa-table::eqa-module-feature ran successfully in 16ms
Running Changeset: liquibase/3.3.x.x/eqa-004-create-eqa-result-table.xml::eqa-005-create-eqa-result-table::eqa-module-feature
Oct 08, 2026 8:55:05 AM liquibase.changelog
INFO: Table eqa_result created
Oct 08, 2026 8:55:05 AM liquibase.changelog
INFO: Unique constraint added to eqa_result(eqa_distribution_id, participant_organization_id, test_id)
Oct 08, 2026 8:55:05 AM liquibase.changelog
INFO: Index idx_eqa_result_distribution created
Oct 08, 2026 8:55:05 AM liquibase.changelog
INFO: Index idx_eqa_result_participant created
Oct 08, 2026 8:55:05 AM liquibase.changelog
INFO: Sequence eqa_result_seq created
Oct 08, 2026 8:55:05 AM liquibase.changelog
INFO: ChangeSet liquibase/3.3.x.x/eqa-004-create-eqa-result-table.xml::eqa-005-create-eqa-result-table::eqa-module-feature ran successfully in 17ms
Running Changeset: liquibase/3.3.x.x/eqa-006-add-result-audit-columns.xml::eqa-006-add-result-audit-columns::eqa-module-feature
Oct 08, 2026 8:55:05 AM liquibase.changelog
INFO: Columns previous_result_value(DECIMAL(15,5)),previous_submission_date(TIMESTAMP),previous_submission_method(VARCHAR(20)),modified_by_user_id(numeric(10,0)) added to eqa_result
Oct 08, 2026 8:55:05 AM liquibase.changelog
INFO: ChangeSet liquibase/3.3.x.x/eqa-006-add-result-audit-columns.xml::eqa-006-add-result-audit-columns::eqa-module-feature ran successfully in 4ms
Running Changeset: liquibase/3.3.x.x/eqa-007-add-eqa-menu-items.xml::eqa-007-01::eqa-module
Oct 08, 2026 8:55:05 AM liquibase.changelog
INFO: New row inserted into menu
Oct 08, 2026 8:55:05 AM liquibase.changelog
INFO: ChangeSet liquibase/3.3.x.x/eqa-007-add-eqa-menu-items.xml::eqa-007-01::eqa-module ran successfully in 2ms
Running Changeset: liquibase/3.3.x.x/eqa-007-add-eqa-menu-items.xml::eqa-007-02::eqa-module
Oct 08, 2026 8:55:05 AM liquibase.changelog
INFO: New row inserted into menu
Oct 08, 2026 8:55:05 AM liquibase.changelog
INFO: ChangeSet liquibase/3.3.x.x/eqa-007-add-eqa-menu-items.xml::eqa-007-02::eqa-module ran successfully in 1ms
Running Changeset: liquibase/3.3.x.x/eqa-007-add-eqa-menu-items.xml::eqa-007-03::eqa-module
Oct 08, 2026 8:55:05 AM liquibase.changelog
INFO: New row inserted into menu
Oct 08, 2026 8:55:05 AM liquibase.changelog
INFO: ChangeSet liquibase/3.3.x.x/eqa-007-add-eqa-menu-items.xml::eqa-007-03::eqa-module ran successfully in 1ms
Running Changeset: liquibase/3.3.x.x/eqa-007-add-eqa-menu-items.xml::eqa-007-04::eqa-module
Oct 08, 2026 8:55:05 AM liquibase.changelog
INFO: New row inserted into menu
Oct 08, 2026 8:55:05 AM liquibase.changelog
INFO: ChangeSet liquibase/3.3.x.x/eqa-007-add-eqa-menu-items.xml::eqa-007-04::eqa-module ran successfully in 1ms
Running Changeset: liquibase/3.3.x.x/eqa-007-add-eqa-menu-items.xml::eqa-007-05::eqa-module
Oct 08, 2026 8:55:05 AM liquibase.changelog
INFO: Custom SQL executed
Oct 08, 2026 8:55:05 AM liquibase.changelog
INFO: ChangeSet liquibase/3.3.x.x/eqa-007-add-eqa-menu-items.xml::eqa-007-05::eqa-module ran successfully in 1ms
Running Changeset: liquibase/3.3.x.x/eqa-007-add-eqa-menu-items.xml::eqa-007-06::eqa-module
Oct 08, 2026 8:55:05 AM liquibase.changelog
INFO: New row inserted into system_module
Oct 08, 2026 8:55:05 AM liquibase.changelog
INFO: ChangeSet liquibase/3.3.x.x/eqa-007-add-eqa-menu-items.xml::eqa-007-06::eqa-module ran successfully in 1ms
Running Changeset: liquibase/3.3.x.x/eqa-007-add-eqa-menu-items.xml::eqa-007-07::eqa-module
Oct 08, 2026 8:55:05 AM liquibase.changelog
INFO: New row inserted into system_module_url
Oct 08, 2026 8:55:05 AM liquibase.changelog
INFO: New row inserted into system_module_url
Oct 08, 2026 8:55:05 AM liquibase.changelog
INFO: New row inserted into system_module_url
Oct 08, 2026 8:55:05 AM liquibase.changelog
INFO: New row inserted into system_module_url
Oct 08, 2026 8:55:05 AM liquibase.changelog
INFO: New row inserted into system_module_url
Oct 08, 2026 8:55:05 AM liquibase.changelog
INFO: New row inserted into system_module_url
Oct 08, 2026 8:55:05 AM liquibase.changelog
INFO: ChangeSet liquibase/3.3.x.x/eqa-007-add-eqa-menu-items.xml::eqa-007-07::eqa-module ran successfully in 3ms
Running Changeset: liquibase/3.3.x.x/eqa-007-add-eqa-menu-items.xml::eqa-007-08::eqa-module
Oct 08, 2026 8:55:05 AM liquibase.changelog
INFO: New row inserted into system_role_module
Oct 08, 2026 8:55:05 AM liquibase.changelog
INFO: ChangeSet liquibase/3.3.x.x/eqa-007-add-eqa-menu-items.xml::eqa-007-08::eqa-module ran successfully in 2ms
Running Changeset: liquibase/3.3.x.x/eqa-007-add-eqa-menu-items.xml::eqa-007-09::eqa-module
Oct 08, 2026 8:55:05 AM liquibase.changelog
INFO: New row inserted into system_role_module
Oct 08, 2026 8:55:05 AM liquibase.changelog
INFO: ChangeSet liquibase/3.3.x.x/eqa-007-add-eqa-menu-items.xml::eqa-007-09::eqa-module ran successfully in 1ms
Running Changeset: liquibase/3.3.x.x/eqa-007-add-eqa-menu-items.xml::eqa-007-10::eqa-module
Oct 08, 2026 8:55:05 AM liquibase.changelog
INFO: New row inserted into system_role_module
Oct 08, 2026 8:55:05 AM liquibase.changelog
INFO: ChangeSet liquibase/3.3.x.x/eqa-007-add-eqa-menu-items.xml::eqa-007-10::eqa-module ran successfully in 2ms
Running Changeset: liquibase/3.3.x.x/eqa-007-add-eqa-menu-items.xml::eqa-007-11::eqa-module
Oct 08, 2026 8:55:05 AM liquibase.changelog
INFO: Custom SQL executed
Oct 08, 2026 8:55:05 AM liquibase.changelog
INFO: ChangeSet liquibase/3.3.x.x/eqa-007-add-eqa-menu-items.xml::eqa-007-11::eqa-module ran successfully in 3ms
Running Changeset: liquibase/3.3.x.x/eqa-008-add-program-admin-columns.xml::eqa-008-add-program-admin-columns::eqa-module-feature
Oct 08, 2026 8:55:05 AM liquibase.changelog
INFO: Columns organization_id(numeric(10,0)),test_section_id(numeric(10,0)),frequency(VARCHAR(50)) added to eqa_program
Oct 08, 2026 8:55:05 AM liquibase.changelog
INFO: ChangeSet liquibase/3.3.x.x/eqa-008-add-program-admin-columns.xml::eqa-008-add-program-admin-columns::eqa-module-feature ran successfully in 4ms
Running Changeset: liquibase/3.3.x.x/eqa-009-create-enrollment-tables.xml::eqa-009-01-sequences::eqa-module
Oct 08, 2026 8:55:05 AM liquibase.changelog
INFO: Sequence eqa_enrollment_seq created
Oct 08, 2026 8:55:05 AM liquibase.changelog
INFO: Sequence eqa_lab_enroll_seq created
Oct 08, 2026 8:55:05 AM liquibase.changelog
INFO: Sequence eqa_lab_unit_map_seq created
Oct 08, 2026 8:55:05 AM liquibase.changelog
INFO: Sequence eqa_lab_test_map_seq created
Oct 08, 2026 8:55:05 AM liquibase.changelog
INFO: ChangeSet liquibase/3.3.x.x/eqa-009-create-enrollment-tables.xml::eqa-009-01-sequences::eqa-module ran successfully in 14ms
Running Changeset: liquibase/3.3.x.x/eqa-009-create-enrollment-tables.xml::eqa-009-02-program-enrollment::eqa-module
Oct 08, 2026 8:55:05 AM liquibase.changelog
INFO: Table eqa_program_enrollment created
Oct 08, 2026 8:55:05 AM liquibase.changelog
INFO: ChangeSet liquibase/3.3.x.x/eqa-009-create-enrollment-tables.xml::eqa-009-02-program-enrollment::eqa-module ran successfully in 16ms
Running Changeset: liquibase/3.3.x.x/eqa-009-create-enrollment-tables.xml::eqa-009-03-enrollment-unique-idx::eqa-module
Oct 08, 2026 8:55:05 AM liquibase.changelog
INFO: Custom SQL executed
Oct 08, 2026 8:55:05 AM liquibase.changelog
INFO: ChangeSet liquibase/3.3.x.x/eqa-009-create-enrollment-tables.xml::eqa-009-03-enrollment-unique-idx::eqa-module ran successfully in 3ms
Running Changeset: liquibase/3.3.x.x/eqa-009-create-enrollment-tables.xml::eqa-009-04-lab-program-enrollment::eqa-module
Oct 08, 2026 8:55:05 AM liquibase.changelog
INFO: Table eqa_lab_program_enrollment created
Oct 08, 2026 8:55:05 AM liquibase.changelog
INFO: ChangeSet liquibase/3.3.x.x/eqa-009-create-enrollment-tables.xml::eqa-009-04-lab-program-enrollment::eqa-module ran successfully in 16ms
Running Changeset: liquibase/3.3.x.x/eqa-009-create-enrollment-tables.xml::eqa-009-05-lab-enrollment-lab-unit::eqa-module
Oct 08, 2026 8:55:05 AM liquibase.changelog
INFO: Table eqa_lab_enrollment_lab_unit created
Oct 08, 2026 8:55:05 AM liquibase.changelog
INFO: Unique constraint added to eqa_lab_enrollment_lab_unit(enrollment_id, test_section_id)
Oct 08, 2026 8:55:05 AM liquibase.changelog
INFO: ChangeSet liquibase/3.3.x.x/eqa-009-create-enrollment-tables.xml::eqa-009-05-lab-enrollment-lab-unit::eqa-module ran successfully in 17ms
Running Changeset: liquibase/3.3.x.x/eqa-009-create-enrollment-tables.xml::eqa-009-06-lab-enrollment-test-map::eqa-module
Oct 08, 2026 8:55:05 AM liquibase.changelog
INFO: Table eqa_lab_enrollment_test_map created
Oct 08, 2026 8:55:05 AM liquibase.changelog
INFO: Custom SQL executed
Oct 08, 2026 8:55:05 AM liquibase.changelog
INFO: ChangeSet liquibase/3.3.x.x/eqa-009-create-enrollment-tables.xml::eqa-009-06-lab-enrollment-test-map::eqa-module ran successfully in 15ms
Running Changeset: liquibase/3.3.x.x/eqa-010-restructure-menu.xml::eqa-010-01::eqa-module
Oct 08, 2026 8:55:05 AM liquibase.changelog
INFO: Data updated in menu
Oct 08, 2026 8:55:05 AM liquibase.changelog
INFO: ChangeSet liquibase/3.3.x.x/eqa-010-restructure-menu.xml::eqa-010-01::eqa-module ran successfully in 2ms
Running Changeset: liquibase/3.3.x.x/eqa-010-restructure-menu.xml::eqa-010-02::eqa-module
Oct 08, 2026 8:55:05 AM liquibase.changelog
INFO: Data updated in menu
Oct 08, 2026 8:55:05 AM liquibase.changelog
INFO: ChangeSet liquibase/3.3.x.x/eqa-010-restructure-menu.xml::eqa-010-02::eqa-module ran successfully in 2ms
Running Changeset: liquibase/3.3.x.x/eqa-010-restructure-menu.xml::eqa-010-03::eqa-module
Oct 08, 2026 8:55:05 AM liquibase.changelog
INFO: New row inserted into menu
Oct 08, 2026 8:55:05 AM liquibase.changelog
INFO: ChangeSet liquibase/3.3.x.x/eqa-010-restructure-menu.xml::eqa-010-03::eqa-module ran successfully in 2ms
Running Changeset: liquibase/3.3.x.x/eqa-010-restructure-menu.xml::eqa-010-04::eqa-module
Oct 08, 2026 8:55:05 AM liquibase.changelog
INFO: New row inserted into menu
Oct 08, 2026 8:55:05 AM liquibase.changelog
INFO: ChangeSet liquibase/3.3.x.x/eqa-010-restructure-menu.xml::eqa-010-04::eqa-module ran successfully in 2ms
Running Changeset: liquibase/3.3.x.x/eqa-010-restructure-menu.xml::eqa-010-05::eqa-module
Oct 08, 2026 8:55:05 AM liquibase.changelog
INFO: New row inserted into menu
Oct 08, 2026 8:55:05 AM liquibase.changelog
INFO: ChangeSet liquibase/3.3.x.x/eqa-010-restructure-menu.xml::eqa-010-05::eqa-module ran successfully in 1ms
Running Changeset: liquibase/3.3.x.x/eqa-010-restructure-menu.xml::eqa-010-06::eqa-module
Oct 08, 2026 8:55:05 AM liquibase.changelog
INFO: New row inserted into menu
Oct 08, 2026 8:55:05 AM liquibase.changelog
INFO: ChangeSet liquibase/3.3.x.x/eqa-010-restructure-menu.xml::eqa-010-06::eqa-module ran successfully in 1ms
Running Changeset: liquibase/3.3.x.x/eqa-010-restructure-menu.xml::eqa-010-07::eqa-module
Oct 08, 2026 8:55:05 AM liquibase.changelog
INFO: New row inserted into menu
Oct 08, 2026 8:55:05 AM liquibase.changelog
INFO: ChangeSet liquibase/3.3.x.x/eqa-010-restructure-menu.xml::eqa-010-07::eqa-module ran successfully in 2ms
Running Changeset: liquibase/3.3.x.x/eqa-010-restructure-menu.xml::eqa-010-08::eqa-module
Oct 08, 2026 8:55:05 AM liquibase.changelog
INFO: New row inserted into menu
Oct 08, 2026 8:55:05 AM liquibase.changelog
INFO: ChangeSet liquibase/3.3.x.x/eqa-010-restructure-menu.xml::eqa-010-08::eqa-module ran successfully in 3ms
Running Changeset: liquibase/3.3.x.x/eqa-010-restructure-menu.xml::eqa-010-09::eqa-module
Oct 08, 2026 8:55:05 AM liquibase.changelog
INFO: New row inserted into menu
Oct 08, 2026 8:55:05 AM liquibase.changelog
INFO: ChangeSet liquibase/3.3.x.x/eqa-010-restructure-menu.xml::eqa-010-09::eqa-module ran successfully in 3ms
Running Changeset: liquibase/3.3.x.x/eqa-010-restructure-menu.xml::eqa-010-10::eqa-module
Oct 08, 2026 8:55:05 AM liquibase.changelog
INFO: New row inserted into menu
Oct 08, 2026 8:55:05 AM liquibase.changelog
INFO: ChangeSet liquibase/3.3.x.x/eqa-010-restructure-menu.xml::eqa-010-10::eqa-module ran successfully in 2ms
Running Changeset: liquibase/3.3.x.x/eqa-010-restructure-menu.xml::eqa-010-11::eqa-module
Oct 08, 2026 8:55:05 AM liquibase.changelog
INFO: New row inserted into menu
Oct 08, 2026 8:55:05 AM liquibase.changelog
INFO: ChangeSet liquibase/3.3.x.x/eqa-010-restructure-menu.xml::eqa-010-11::eqa-module ran successfully in 2ms
Running Changeset: liquibase/3.3.x.x/eqa-010-restructure-menu.xml::eqa-010-12::eqa-module
Oct 08, 2026 8:55:05 AM liquibase.changelog
INFO: New row inserted into system_module_url
Oct 08, 2026 8:55:05 AM liquibase.changelog
INFO: New row inserted into system_module_url
Oct 08, 2026 8:55:05 AM liquibase.changelog
INFO: New row inserted into system_module_url
Oct 08, 2026 8:55:05 AM liquibase.changelog
INFO: New row inserted into system_module_url
Oct 08, 2026 8:55:05 AM liquibase.changelog
INFO: ChangeSet liquibase/3.3.x.x/eqa-010-restructure-menu.xml::eqa-010-12::eqa-module ran successfully in 4ms
Running Changeset: liquibase/3.3.x.x/eqa-010-restructure-menu.xml::eqa-010-13::eqa-module
Oct 08, 2026 8:55:05 AM liquibase.changelog
INFO: Custom SQL executed
Oct 08, 2026 8:55:05 AM liquibase.changelog
INFO: ChangeSet liquibase/3.3.x.x/eqa-010-restructure-menu.xml::eqa-010-13::eqa-module ran successfully in 2ms
Running Changeset: liquibase/3.3.x.x/eqa-011-add-enrollment-program-name.xml::eqa-011-01-add-program-name-column::mozzy11
Oct 08, 2026 8:55:05 AM liquibase.changelog
INFO: Columns program_name(VARCHAR(255)) added to eqa_lab_program_enrollment
Oct 08, 2026 8:55:05 AM liquibase.changelog
INFO: ChangeSet liquibase/3.3.x.x/eqa-011-add-enrollment-program-name.xml::eqa-011-01-add-program-name-column::mozzy11 ran successfully in 2ms
Running Changeset: liquibase/3.3.x.x/eqa-011-add-enrollment-program-name.xml::eqa-011-02-drop-eqa-program-fk::mozzy11
Oct 08, 2026 8:55:06 AM liquibase.changelog
INFO: Marking ChangeSet: liquibase/3.3.x.x/eqa-011-add-enrollment-program-name.xml::eqa-011-02-drop-eqa-program-fk::mozzy11 ran despite precondition failure due to onFail='MARK_RAN': 
          liquibase/base-changelog.xml : Foreign Key clinlims.fk_lab_enroll_eqa_program does not exist

Running Changeset: liquibase/3.3.x.x/eqa-011-add-enrollment-program-name.xml::eqa-011-03-drop-eqa-program-id-column::mozzy11
Oct 08, 2026 8:55:06 AM liquibase.changelog
INFO: Column eqa_lab_program_enrollment.eqa_program_id dropped
Oct 08, 2026 8:55:06 AM liquibase.changelog
INFO: ChangeSet liquibase/3.3.x.x/eqa-011-add-enrollment-program-name.xml::eqa-011-03-drop-eqa-program-id-column::mozzy11 ran successfully in 2ms
Running Changeset: liquibase/3.3.x.x/eqa-011-add-enrollment-program-name.xml::eqa-011-04-add-enrollment-id-to-sample-eqa::mozzy11
Oct 08, 2026 8:55:06 AM liquibase.changelog
INFO: Columns eqa_enrollment_id(numeric(10,0)) added to sample_eqa
Oct 08, 2026 8:55:06 AM liquibase.changelog
INFO: ChangeSet liquibase/3.3.x.x/eqa-011-add-enrollment-program-name.xml::eqa-011-04-add-enrollment-id-to-sample-eqa::mozzy11 ran successfully in 2ms
Running Changeset: liquibase/3.3.x.x/eqa-011-add-enrollment-program-name.xml::eqa-011-05-add-provider-to-eqa-program::mozzy11
Oct 08, 2026 8:55:06 AM liquibase.changelog
INFO: Columns provider(VARCHAR(255)) added to eqa_program
Oct 08, 2026 8:55:06 AM liquibase.changelog
INFO: ChangeSet liquibase/3.3.x.x/eqa-011-add-enrollment-program-name.xml::eqa-011-05-add-provider-to-eqa-program::mozzy11 ran successfully in 2ms
Running Changeset: liquibase/3.3.x.x/029-add-gps-coordinates-to-sample.xml::OGC-300-2026-02-11-1::mherman22
Oct 08, 2026 8:55:06 AM liquibase.changelog
INFO: Columns gps_latitude(DECIMAL(9,6)) added to sample
Oct 08, 2026 8:55:06 AM liquibase.changelog
INFO: Columns gps_longitude(DECIMAL(9,6)) added to sample
Oct 08, 2026 8:55:06 AM liquibase.changelog
INFO: Columns gps_accuracy_meters(INTEGER) added to sample
Oct 08, 2026 8:55:06 AM liquibase.changelog
INFO: Columns gps_capture_method(VARCHAR(10)) added to sample
Oct 08, 2026 8:55:06 AM liquibase.changelog
INFO: Columns gps_capture_timestamp(TIMESTAMP) added to sample
Oct 08, 2026 8:55:06 AM liquibase.changelog
INFO: Custom SQL executed
Oct 08, 2026 8:55:06 AM liquibase.changelog
INFO: Custom SQL executed
Oct 08, 2026 8:55:06 AM liquibase.changelog
INFO: Custom SQL executed
Oct 08, 2026 8:55:06 AM liquibase.changelog
INFO: Custom SQL executed
Oct 08, 2026 8:55:06 AM liquibase.changelog
INFO: Custom SQL executed
Oct 08, 2026 8:55:06 AM liquibase.changelog
INFO: Index idx_sample_gps_coordinates created
Oct 08, 2026 8:55:06 AM liquibase.changelog
INFO: Index idx_sample_gps_capture_method created
Oct 08, 2026 8:55:06 AM liquibase.changelog
INFO: ChangeSet liquibase/3.3.x.x/029-add-gps-coordinates-to-sample.xml::OGC-300-2026-02-11-1::mherman22 ran successfully in 10ms
Running Changeset: liquibase/3.3.x.x/029-add-gps-coordinates-to-sample.xml::OGC-300-2026-02-11-2::mherman22
Oct 08, 2026 8:55:06 AM liquibase.changelog
INFO: New row inserted into site_information
Oct 08, 2026 8:55:06 AM liquibase.changelog
INFO: ChangeSet liquibase/3.3.x.x/029-add-gps-coordinates-to-sample.xml::OGC-300-2026-02-11-2::mherman22 ran successfully in 1ms
Running Changeset: liquibase/3.3.x.x/029-add-gps-coordinates-to-sample.xml::OGC-300-2026-02-11-3::mherman22
Oct 08, 2026 8:55:06 AM liquibase.changelog
INFO: New row inserted into site_information
Oct 08, 2026 8:55:06 AM liquibase.changelog
INFO: ChangeSet liquibase/3.3.x.x/029-add-gps-coordinates-to-sample.xml::OGC-300-2026-02-11-3::mherman22 ran successfully in 1ms
Running Changeset: liquibase/3.3.x.x/029-add-gps-coordinates-to-sample.xml::OGC-300-2026-02-11-4::mherman22
Oct 08, 2026 8:55:06 AM liquibase.changelog
INFO: New row inserted into site_information
Oct 08, 2026 8:55:06 AM liquibase.changelog
INFO: ChangeSet liquibase/3.3.x.x/029-add-gps-coordinates-to-sample.xml::OGC-300-2026-02-11-4::mherman22 ran successfully in 1ms
Running Changeset: liquibase/3.3.x.x/030-add-address-hierarchy-config.xml::1::openelis
Oct 08, 2026 8:55:06 AM liquibase.changelog
INFO: New row inserted into site_information
Oct 08, 2026 8:55:06 AM liquibase.changelog
INFO: ChangeSet liquibase/3.3.x.x/030-add-address-hierarchy-config.xml::1::openelis ran successfully in 1ms
Running Changeset: liquibase/3.3.x.x/barcode_expansion.xml::1::csteele
Oct 08, 2026 8:55:06 AM liquibase.changelog
INFO: New row inserted into site_information_domain
Oct 08, 2026 8:55:06 AM liquibase.changelog
INFO: ChangeSet liquibase/3.3.x.x/barcode_expansion.xml::1::csteele ran successfully in 2ms
Running Changeset: liquibase/3.3.x.x/barcode_expansion.xml::2::csteele
Oct 08, 2026 8:55:06 AM liquibase.changelog
INFO: Data updated in site_information
Oct 08, 2026 8:55:06 AM liquibase.changelog
INFO: ChangeSet liquibase/3.3.x.x/barcode_expansion.xml::2::csteele ran successfully in 1ms
Running Changeset: liquibase/3.3.x.x/barcode_expansion.xml::3::csteele
Oct 08, 2026 8:55:06 AM liquibase.changelog
INFO: Data updated in site_information
Oct 08, 2026 8:55:06 AM liquibase.changelog
INFO: Data updated in site_information
Oct 08, 2026 8:55:06 AM liquibase.changelog
INFO: Data updated in site_information
Oct 08, 2026 8:55:06 AM liquibase.changelog
INFO: Data updated in site_information
Oct 08, 2026 8:55:06 AM liquibase.changelog
INFO: ChangeSet liquibase/3.3.x.x/barcode_expansion.xml::3::csteele ran successfully in 3ms
Running Changeset: liquibase/3.3.x.x/028-barcode-info-tables.xml::barcode-info-001-sample-barcode-info::ogc-284
Oct 08, 2026 8:55:06 AM liquibase.changelog
INFO: Sequence sample_barcode_info_seq created
Oct 08, 2026 8:55:06 AM liquibase.changelog
INFO: Table sample_barcode_info created
Oct 08, 2026 8:55:06 AM liquibase.changelog
INFO: Index idx_sample_barcode_info_sample_id created
Oct 08, 2026 8:55:06 AM liquibase.changelog
INFO: ChangeSet liquibase/3.3.x.x/028-barcode-info-tables.xml::barcode-info-001-sample-barcode-info::ogc-284 ran successfully in 18ms
Running Changeset: liquibase/3.3.x.x/028-barcode-info-tables.xml::barcode-info-002-sample-item-barcode-info::ogc-284
Oct 08, 2026 8:55:06 AM liquibase.changelog
INFO: Sequence sample_item_barcode_info_seq created
Oct 08, 2026 8:55:06 AM liquibase.changelog
INFO: Table sample_item_barcode_info created
Oct 08, 2026 8:55:06 AM liquibase.changelog
INFO: Index idx_sample_item_barcode_info_sample_item_id created
Oct 08, 2026 8:55:06 AM liquibase.changelog
INFO: ChangeSet liquibase/3.3.x.x/028-barcode-info-tables.xml::barcode-info-002-sample-item-barcode-info::ogc-284 ran successfully in 17ms
Running Changeset: liquibase/3.3.x.x/028-barcode-info-tables.xml::barcode-info-003-printed-order-count::ogc-284
Oct 08, 2026 8:55:06 AM liquibase.changelog
INFO: Columns printed_order_count(INTEGER) added to sample_barcode_info
Oct 08, 2026 8:55:06 AM liquibase.changelog
INFO: ChangeSet liquibase/3.3.x.x/028-barcode-info-tables.xml::barcode-info-003-printed-order-count::ogc-284 ran successfully in 3ms
Running Changeset: liquibase/3.3.x.x/028-barcode-info-tables.xml::barcode-info-004-printed-item-counts::ogc-284
Oct 08, 2026 8:55:06 AM liquibase.changelog
INFO: Columns printed_specimen_count(INTEGER) added to sample_item_barcode_info
Oct 08, 2026 8:55:06 AM liquibase.changelog
INFO: Columns printed_block_count(INTEGER) added to sample_item_barcode_info
Oct 08, 2026 8:55:06 AM liquibase.changelog
INFO: Columns printed_slide_count(INTEGER) added to sample_item_barcode_info
Oct 08, 2026 8:55:06 AM liquibase.changelog
INFO: Columns printed_freezer_count(INTEGER) added to sample_item_barcode_info
Oct 08, 2026 8:55:06 AM liquibase.changelog
INFO: ChangeSet liquibase/3.3.x.x/028-barcode-info-tables.xml::barcode-info-004-printed-item-counts::ogc-284 ran successfully in 4ms
Running Changeset: liquibase/3.3.x.x/029-label-preset-tables.xml::label-preset-001-label-preset::ogc-285
Oct 08, 2026 8:55:06 AM liquibase.changelog
INFO: Sequence label_preset_seq created
Oct 08, 2026 8:55:06 AM liquibase.changelog
INFO: Table label_preset created
Oct 08, 2026 8:55:06 AM liquibase.changelog
INFO: Custom SQL executed
Oct 08, 2026 8:55:06 AM liquibase.changelog
INFO: Index idx_label_preset_active created
Oct 08, 2026 8:55:06 AM liquibase.changelog
INFO: Index idx_label_preset_system created
Oct 08, 2026 8:55:06 AM liquibase.changelog
INFO: ChangeSet liquibase/3.3.x.x/029-label-preset-tables.xml::label-preset-001-label-preset::ogc-285 ran successfully in 17ms
Running Changeset: liquibase/3.3.x.x/029-label-preset-tables.xml::label-preset-002-label-preset-field::ogc-285
Oct 08, 2026 8:55:06 AM liquibase.changelog
INFO: Sequence label_preset_field_seq created
Oct 08, 2026 8:55:06 AM liquibase.changelog
INFO: Table label_preset_field created
Oct 08, 2026 8:55:06 AM liquibase.changelog
INFO: Unique constraint added to label_preset_field(preset_id, display_order)
Oct 08, 2026 8:55:06 AM liquibase.changelog
INFO: Unique constraint added to label_preset_field(preset_id, field_key)
Oct 08, 2026 8:55:06 AM liquibase.changelog
INFO: Custom SQL executed
Oct 08, 2026 8:55:06 AM liquibase.changelog
INFO: Index idx_label_preset_field_preset created
Oct 08, 2026 8:55:06 AM liquibase.changelog
INFO: ChangeSet liquibase/3.3.x.x/029-label-preset-tables.xml::label-preset-002-label-preset-field::ogc-285 ran successfully in 23ms
Running Changeset: liquibase/3.3.x.x/029-label-preset-tables.xml::label-preset-003-test-label-config::ogc-285
Oct 08, 2026 8:55:06 AM liquibase.changelog
INFO: Sequence test_label_config_seq created
Oct 08, 2026 8:55:06 AM liquibase.changelog
INFO: Table test_label_config created
Oct 08, 2026 8:55:06 AM liquibase.changelog
INFO: Index idx_test_label_config_test_id created
Oct 08, 2026 8:55:06 AM liquibase.changelog
INFO: ChangeSet liquibase/3.3.x.x/029-label-preset-tables.xml::label-preset-003-test-label-config::ogc-285 ran successfully in 15ms
Running Changeset: liquibase/3.3.x.x/029-label-preset-tables.xml::label-preset-004-test-label-preset-link::ogc-285
Oct 08, 2026 8:55:06 AM liquibase.changelog
INFO: Sequence test_label_preset_link_seq created
Oct 08, 2026 8:55:06 AM liquibase.changelog
INFO: Table test_label_preset_link created
Oct 08, 2026 8:55:06 AM liquibase.changelog
INFO: Unique constraint added to test_label_preset_link(test_id, preset_id)
Oct 08, 2026 8:55:06 AM liquibase.changelog
INFO: Custom SQL executed
Oct 08, 2026 8:55:06 AM liquibase.changelog
INFO: Index idx_test_label_preset_link_test created
Oct 08, 2026 8:55:06 AM liquibase.changelog
INFO: Index idx_test_label_preset_link_preset created
Oct 08, 2026 8:55:06 AM liquibase.changelog
INFO: ChangeSet liquibase/3.3.x.x/029-label-preset-tables.xml::label-preset-004-test-label-preset-link::ogc-285 ran successfully in 17ms
Running Changeset: liquibase/3.3.x.x/029-label-preset-tables.xml::label-preset-005-order-label-request::ogc-285
Oct 08, 2026 8:55:06 AM liquibase.changelog
INFO: Sequence order_label_request_seq created
Oct 08, 2026 8:55:06 AM liquibase.changelog
INFO: Table order_label_request created
Oct 08, 2026 8:55:06 AM liquibase.changelog
INFO: Custom SQL executed
Oct 08, 2026 8:55:06 AM liquibase.changelog
INFO: Index idx_order_label_request_parent_sample created
Oct 08, 2026 8:55:06 AM liquibase.changelog
INFO: Index idx_order_label_request_sample_item created
Oct 08, 2026 8:55:06 AM liquibase.changelog
INFO: Index idx_order_label_request_preset created
Oct 08, 2026 8:55:06 AM liquibase.changelog
INFO: ChangeSet liquibase/3.3.x.x/029-label-preset-tables.xml::label-preset-005-order-label-request::ogc-285 ran successfully in 16ms
Running Changeset: liquibase/3.3.x.x/030-seed-system-presets.xml::label-preset-seed-001-system-presets::ogc-285
Oct 08, 2026 8:55:06 AM liquibase.changelog
INFO: Custom SQL executed
Oct 08, 2026 8:55:06 AM liquibase.changelog
INFO: Custom SQL executed
Oct 08, 2026 8:55:06 AM liquibase.changelog
INFO: ChangeSet liquibase/3.3.x.x/030-seed-system-presets.xml::label-preset-seed-001-system-presets::ogc-285 ran successfully in 5ms
Running Changeset: liquibase/3.3.x.x/031-seed-system-preset-fields.xml::label-preset-seed-002-system-preset-fields::ogc-285
Oct 08, 2026 8:55:06 AM liquibase.changelog
INFO: Custom SQL executed
Oct 08, 2026 8:55:06 AM liquibase.changelog
INFO: ChangeSet liquibase/3.3.x.x/031-seed-system-preset-fields.xml::label-preset-seed-002-system-preset-fields::ogc-285 ran successfully in 2ms
Running Changeset: liquibase/3.3.x.x/032-label-preset-is-universal.xml::label-preset-is-universal-001::ogc-285
Oct 08, 2026 8:55:06 AM liquibase.changelog
INFO: Columns is_universal(BOOLEAN) added to label_preset
Oct 08, 2026 8:55:06 AM liquibase.changelog
INFO: Custom SQL executed
Oct 08, 2026 8:55:06 AM liquibase.changelog
INFO: ChangeSet liquibase/3.3.x.x/032-label-preset-is-universal.xml::label-preset-is-universal-001::ogc-285 ran successfully in 2ms
Running Changeset: liquibase/3.3.x.x/032-label-preset-is-universal.xml::label-preset-is-universal-002::ogc-285
Oct 08, 2026 8:55:06 AM liquibase.changelog
INFO: Custom SQL executed
Oct 08, 2026 8:55:06 AM liquibase.changelog
INFO: ChangeSet liquibase/3.3.x.x/032-label-preset-is-universal.xml::label-preset-is-universal-002::ogc-285 ran successfully in 1ms
Running Changeset: liquibase/3.3.x.x/031-add-training-installation-config.xml::031-training-installation-1::oe
Oct 08, 2026 8:55:06 AM liquibase.changelog
INFO: Marking ChangeSet: liquibase/3.3.x.x/031-add-training-installation-config.xml::031-training-installation-1::oe ran despite precondition failure due to onFail='MARK_RAN': 
          liquibase/base-changelog.xml : SQL Precondition failed.  Expected '0' got '1'

Running Changeset: liquibase/3.3.x.x/031-create-sample-qa-checklist-table.xml::create-qa-checklist-dictionary-category::reagan-meant
Oct 08, 2026 8:55:06 AM liquibase.changelog
INFO: New row inserted into dictionary_category
Oct 08, 2026 8:55:06 AM liquibase.changelog
INFO: ChangeSet liquibase/3.3.x.x/031-create-sample-qa-checklist-table.xml::create-qa-checklist-dictionary-category::reagan-meant ran successfully in 1ms
Running Changeset: liquibase/3.3.x.x/031-create-sample-qa-checklist-table.xml::create-sample-qa-checklist-table::reagan-meant
Oct 08, 2026 8:55:06 AM liquibase.changelog
INFO: Table sample_qa_checklist created
Oct 08, 2026 8:55:06 AM liquibase.changelog
INFO: Sequence sample_qa_checklist_seq created
Oct 08, 2026 8:55:06 AM liquibase.changelog
INFO: Index idx_qa_checklist_sample_id created
Oct 08, 2026 8:55:06 AM liquibase.changelog
INFO: ChangeSet liquibase/3.3.x.x/031-create-sample-qa-checklist-table.xml::create-sample-qa-checklist-table::reagan-meant ran successfully in 15ms
Running Changeset: liquibase/3.3.x.x/033-allow-null-patient-in-observation-history.xml::20260402-001::reagan-meant
Oct 08, 2026 8:55:06 AM liquibase.changelog
INFO: Null constraint dropped from observation_history.patient_id
Oct 08, 2026 8:55:06 AM liquibase.changelog
INFO: ChangeSet liquibase/3.3.x.x/033-allow-null-patient-in-observation-history.xml::20260402-001::reagan-meant ran successfully in 1ms
Running Changeset: liquibase/3.3.x.x/034-create-sample-type-request-table.xml::034-create-sample-type-request-table::reagan-meant
Oct 08, 2026 8:55:06 AM liquibase.changelog
INFO: Sequence sample_type_request_seq created
Oct 08, 2026 8:55:06 AM liquibase.changelog
INFO: Table sample_type_request created
Oct 08, 2026 8:55:06 AM liquibase.changelog
INFO: Foreign key constraint added to sample_type_request (sample_id)
Oct 08, 2026 8:55:06 AM liquibase.changelog
INFO: Foreign key constraint added to sample_type_request (type_of_sample_id)
Oct 08, 2026 8:55:06 AM liquibase.changelog
INFO: Foreign key constraint added to sample_type_request (unit_of_measure_id)
Oct 08, 2026 8:55:06 AM liquibase.changelog
INFO: Foreign key constraint added to sample_type_request (sample_item_id)
Oct 08, 2026 8:55:06 AM liquibase.changelog
INFO: Index idx_sample_type_request_sample_id created
Oct 08, 2026 8:55:06 AM liquibase.changelog
INFO: Index idx_sample_type_request_status created
Oct 08, 2026 8:55:06 AM liquibase.changelog
INFO: ChangeSet liquibase/3.3.x.x/034-create-sample-type-request-table.xml::034-create-sample-type-request-table::reagan-meant ran successfully in 18ms
Running Changeset: liquibase/3.3.x.x/035-widen-site-information-name.xml::OGC-264-widen-site-information-name::OGC
Oct 08, 2026 8:55:06 AM liquibase.changelog
INFO: site_information.name datatype was changed to VARCHAR(60)
Oct 08, 2026 8:55:06 AM liquibase.changelog
INFO: ChangeSet liquibase/3.3.x.x/035-widen-site-information-name.xml::OGC-264-widen-site-information-name::OGC ran successfully in 2ms
Running Changeset: liquibase/3.3.x.x/036-pathology-stage-enablement-flags.xml::OGC-264-pathology-stage-flag-decalcification::OGC
Oct 08, 2026 8:55:06 AM liquibase.changelog
INFO: New row inserted into site_information
Oct 08, 2026 8:55:06 AM liquibase.changelog
INFO: ChangeSet liquibase/3.3.x.x/036-pathology-stage-enablement-flags.xml::OGC-264-pathology-stage-flag-decalcification::OGC ran successfully in 1ms
Running Changeset: liquibase/3.3.x.x/036-pathology-stage-enablement-flags.xml::OGC-264-pathology-stage-flag-processing::OGC
Oct 08, 2026 8:55:06 AM liquibase.changelog
INFO: New row inserted into site_information
Oct 08, 2026 8:55:06 AM liquibase.changelog
INFO: ChangeSet liquibase/3.3.x.x/036-pathology-stage-enablement-flags.xml::OGC-264-pathology-stage-flag-processing::OGC ran successfully in 2ms
Running Changeset: liquibase/3.3.x.x/036-pathology-stage-enablement-flags.xml::OGC-264-pathology-stage-flag-embedding::OGC
Oct 08, 2026 8:55:06 AM liquibase.changelog
INFO: New row inserted into site_information
Oct 08, 2026 8:55:06 AM liquibase.changelog
INFO: ChangeSet liquibase/3.3.x.x/036-pathology-stage-enablement-flags.xml::OGC-264-pathology-stage-flag-embedding::OGC ran successfully in 1ms
Running Changeset: liquibase/3.3.x.x/036-pathology-stage-enablement-flags.xml::OGC-264-pathology-stage-flag-microtomy::OGC
Oct 08, 2026 8:55:06 AM liquibase.changelog
INFO: New row inserted into site_information
Oct 08, 2026 8:55:06 AM liquibase.changelog
INFO: ChangeSet liquibase/3.3.x.x/036-pathology-stage-enablement-flags.xml::OGC-264-pathology-stage-flag-microtomy::OGC ran successfully in 2ms
Running Changeset: liquibase/3.3.x.x/036-pathology-stage-enablement-flags.xml::OGC-264-pathology-stage-flag-staining::OGC
Oct 08, 2026 8:55:06 AM liquibase.changelog
INFO: New row inserted into site_information
Oct 08, 2026 8:55:06 AM liquibase.changelog
INFO: ChangeSet liquibase/3.3.x.x/036-pathology-stage-enablement-flags.xml::OGC-264-pathology-stage-flag-staining::OGC ran successfully in 2ms
Running Changeset: liquibase/3.3.x.x/036-pathology-stage-enablement-flags.xml::OGC-264-pathology-stage-flag-coverslipping::OGC
Oct 08, 2026 8:55:06 AM liquibase.changelog
INFO: New row inserted into site_information
Oct 08, 2026 8:55:06 AM liquibase.changelog
INFO: ChangeSet liquibase/3.3.x.x/036-pathology-stage-enablement-flags.xml::OGC-264-pathology-stage-flag-coverslipping::OGC ran successfully in 1ms
Running Changeset: liquibase/3.3.x.x/036-pathology-stage-enablement-flags.xml::OGC-264-pathology-stage-flag-under-review::OGC
Oct 08, 2026 8:55:06 AM liquibase.changelog
INFO: New row inserted into site_information
Oct 08, 2026 8:55:06 AM liquibase.changelog
INFO: ChangeSet liquibase/3.3.x.x/036-pathology-stage-enablement-flags.xml::OGC-264-pathology-stage-flag-under-review::OGC ran successfully in 1ms
Running Changeset: liquibase/3.3.x.x/037-pathology-stage-flag-descriptions.xml::OGC-264-pathology-stage-flag-descriptions::OGC
Oct 08, 2026 8:55:06 AM liquibase.changelog
INFO: Data updated in site_information
Oct 08, 2026 8:55:06 AM liquibase.changelog
INFO: Data updated in site_information
Oct 08, 2026 8:55:06 AM liquibase.changelog
INFO: Data updated in site_information
Oct 08, 2026 8:55:06 AM liquibase.changelog
INFO: Data updated in site_information
Oct 08, 2026 8:55:06 AM liquibase.changelog
INFO: Data updated in site_information
Oct 08, 2026 8:55:06 AM liquibase.changelog
INFO: Data updated in site_information
Oct 08, 2026 8:55:06 AM liquibase.changelog
INFO: Data updated in site_information
Oct 08, 2026 8:55:06 AM liquibase.changelog
INFO: ChangeSet liquibase/3.3.x.x/037-pathology-stage-flag-descriptions.xml::OGC-264-pathology-stage-flag-descriptions::OGC ran successfully in 3ms
Running Changeset: liquibase/3.4.x.x/001-create-standalone-tables.xml::011-001-01-create-analyzer-type-table::madagascar-analyzer-integration
Oct 08, 2026 8:55:06 AM liquibase.changelog
INFO: Table analyzer_type created
Oct 08, 2026 8:55:06 AM liquibase.changelog
INFO: ChangeSet liquibase/3.4.x.x/001-create-standalone-tables.xml::011-001-01-create-analyzer-type-table::madagascar-analyzer-integration ran successfully in 13ms
Running Changeset: liquibase/3.4.x.x/001-create-standalone-tables.xml::011-001-02-create-analyzer-type-sequence::madagascar-analyzer-integration
Oct 08, 2026 8:55:06 AM liquibase.changelog
INFO: Sequence analyzer_type_seq created
Oct 08, 2026 8:55:06 AM liquibase.changelog
INFO: ChangeSet liquibase/3.4.x.x/001-create-standalone-tables.xml::011-001-02-create-analyzer-type-sequence::madagascar-analyzer-integration ran successfully in 10ms
Running Changeset: liquibase/3.4.x.x/001-create-standalone-tables.xml::011-001-03-create-custom-field-type-table::madagascar-analyzer-integration
Oct 08, 2026 8:55:06 AM liquibase.changelog
INFO: Table custom_field_type created
Oct 08, 2026 8:55:06 AM liquibase.changelog
INFO: ChangeSet liquibase/3.4.x.x/001-create-standalone-tables.xml::011-001-03-create-custom-field-type-table::madagascar-analyzer-integration ran successfully in 14ms
Running Changeset: liquibase/3.4.x.x/002-modify-analyzer-table.xml::011-002-01-standardize-lastupdated-columns::madagascar-analyzer-integration
Oct 08, 2026 8:55:06 AM liquibase.changelog
INFO: Column analyzer.lastupdated renamed to last_updated
Oct 08, 2026 8:55:06 AM liquibase.changelog
INFO: Column analyzer_test_map.lastupdated renamed to last_updated
Oct 08, 2026 8:55:06 AM liquibase.changelog
INFO: Column ANALYZER_RESULTS.LASTUPDATED renamed to last_updated
Oct 08, 2026 8:55:06 AM liquibase.changelog
INFO: ChangeSet liquibase/3.4.x.x/002-modify-analyzer-table.xml::011-002-01-standardize-lastupdated-columns::madagascar-analyzer-integration ran successfully in 3ms
Running Changeset: liquibase/3.4.x.x/002-modify-analyzer-table.xml::011-002-02-widen-name-and-add-structural-columns::madagascar-analyzer-integration
Oct 08, 2026 8:55:06 AM liquibase.changelog
INFO: Columns analyzer_type_id(NUMERIC(10,0)) added to analyzer
Oct 08, 2026 8:55:06 AM liquibase.changelog
INFO: Foreign key constraint added to analyzer (analyzer_type_id)
Oct 08, 2026 8:55:06 AM liquibase.changelog
INFO: ChangeSet liquibase/3.4.x.x/002-modify-analyzer-table.xml::011-002-02-widen-name-and-add-structural-columns::madagascar-analyzer-integration ran successfully in 4ms
Running Changeset: liquibase/3.4.x.x/002-modify-analyzer-table.xml::011-002-03-add-config-columns-to-analyzer::madagascar-analyzer-integration
Oct 08, 2026 8:55:06 AM liquibase.changelog
INFO: Columns ip_address(VARCHAR(15)),port(INTEGER),protocol_version(VARCHAR(20)),test_unit_ids(TEXT),status(VARCHAR(20)),identifier_pattern(VARCHAR(255)),last_activated_date(TIMESTAMP) added to analyzer
Oct 08, 2026 8:55:06 AM liquibase.changelog
INFO: ChangeSet liquibase/3.4.x.x/002-modify-analyzer-table.xml::011-002-03-add-config-columns-to-analyzer::madagascar-analyzer-integration ran successfully in 6ms
Running Changeset: liquibase/3.4.x.x/003-create-field-tables.xml::011-003-01-create-analyzer-field-table::madagascar-analyzer-integration
Oct 08, 2026 8:55:06 AM liquibase.changelog
INFO: Table analyzer_field created
Oct 08, 2026 8:55:06 AM liquibase.changelog
INFO: Custom SQL executed
Oct 08, 2026 8:55:06 AM liquibase.changelog
INFO: ChangeSet liquibase/3.4.x.x/003-create-field-tables.xml::011-003-01-create-analyzer-field-table::madagascar-analyzer-integration ran successfully in 16ms
Running Changeset: liquibase/3.4.x.x/003-create-field-tables.xml::011-003-02-create-analyzer-field-mapping-table::madagascar-analyzer-integration
Oct 08, 2026 8:55:06 AM liquibase.changelog
INFO: Table analyzer_field_mapping created
Oct 08, 2026 8:55:06 AM liquibase.changelog
INFO: Custom SQL executed
Oct 08, 2026 8:55:06 AM liquibase.changelog
INFO: Custom SQL executed
Oct 08, 2026 8:55:06 AM liquibase.changelog
INFO: ChangeSet liquibase/3.4.x.x/003-create-field-tables.xml::011-003-02-create-analyzer-field-mapping-table::madagascar-analyzer-integration ran successfully in 17ms
Running Changeset: liquibase/3.4.x.x/004-create-result-mapping-tables.xml::011-004-01-create-qualitative-result-mapping-table::madagascar-analyzer-integration
Oct 08, 2026 8:55:06 AM liquibase.changelog
INFO: Table qualitative_result_mapping created
Oct 08, 2026 8:55:06 AM liquibase.changelog
INFO: Unique constraint added to qualitative_result_mapping(analyzer_field_id, analyzer_value)
Oct 08, 2026 8:55:06 AM liquibase.changelog
INFO: ChangeSet liquibase/3.4.x.x/004-create-result-mapping-tables.xml::011-004-01-create-qualitative-result-mapping-table::madagascar-analyzer-integration ran successfully in 15ms
Running Changeset: liquibase/3.4.x.x/004-create-result-mapping-tables.xml::011-004-02-create-unit-mapping-table::madagascar-analyzer-integration
Oct 08, 2026 8:55:06 AM liquibase.changelog
INFO: Table unit_mapping created
Oct 08, 2026 8:55:06 AM liquibase.changelog
INFO: Unique constraint added to unit_mapping(analyzer_field_id, analyzer_unit)
Oct 08, 2026 8:55:06 AM liquibase.changelog
INFO: ChangeSet liquibase/3.4.x.x/004-create-result-mapping-tables.xml::011-004-02-create-unit-mapping-table::madagascar-analyzer-integration ran successfully in 14ms
Running Changeset: liquibase/3.4.x.x/005-create-support-tables.xml::011-005-01-create-analyzer-error-table::madagascar-analyzer-integration
Oct 08, 2026 8:55:06 AM liquibase.changelog
INFO: Table analyzer_error created
Oct 08, 2026 8:55:06 AM liquibase.changelog
INFO: Custom SQL executed
Oct 08, 2026 8:55:06 AM liquibase.changelog
INFO: Custom SQL executed
Oct 08, 2026 8:55:06 AM liquibase.changelog
INFO: Custom SQL executed
Oct 08, 2026 8:55:06 AM liquibase.changelog
INFO: ChangeSet liquibase/3.4.x.x/005-create-support-tables.xml::011-005-01-create-analyzer-error-table::madagascar-analyzer-integration ran successfully in 16ms
Running Changeset: liquibase/3.4.x.x/005-create-support-tables.xml::011-005-02-create-validation-rule-configuration-table::madagascar-analyzer-integration
Oct 08, 2026 8:55:06 AM liquibase.changelog
INFO: Table validation_rule_configuration created
Oct 08, 2026 8:55:06 AM liquibase.changelog
INFO: Custom SQL executed
Oct 08, 2026 8:55:06 AM liquibase.changelog
INFO: ChangeSet liquibase/3.4.x.x/005-create-support-tables.xml::011-005-02-create-validation-rule-configuration-table::madagascar-analyzer-integration ran successfully in 16ms
Running Changeset: liquibase/3.4.x.x/005-create-support-tables.xml::011-005-03-create-serial-port-configuration-table::madagascar-analyzer-integration
Oct 08, 2026 8:55:06 AM liquibase.changelog
INFO: Table serial_port_configuration created
Oct 08, 2026 8:55:06 AM liquibase.changelog
INFO: ChangeSet liquibase/3.4.x.x/005-create-support-tables.xml::011-005-03-create-serial-port-configuration-table::madagascar-analyzer-integration ran successfully in 14ms
Running Changeset: liquibase/3.4.x.x/005-create-support-tables.xml::011-005-04-create-file-import-configuration-table::madagascar-analyzer-integration
Oct 08, 2026 8:55:06 AM liquibase.changelog
INFO: Table file_import_configuration created
Oct 08, 2026 8:55:06 AM liquibase.changelog
INFO: ChangeSet liquibase/3.4.x.x/005-create-support-tables.xml::011-005-04-create-file-import-configuration-table::madagascar-analyzer-integration ran successfully in 15ms
Running Changeset: liquibase/3.4.x.x/006-create-indexes.xml::011-006-01-create-all-indexes::madagascar-analyzer-integration
Oct 08, 2026 8:55:06 AM liquibase.changelog
INFO: Index idx_analyzer_field_analyzer_id created
Oct 08, 2026 8:55:06 AM liquibase.changelog
INFO: Index idx_analyzer_field_is_active created
Oct 08, 2026 8:55:06 AM liquibase.changelog
INFO: Index idx_field_mapping_analyzer_field_id created
Oct 08, 2026 8:55:06 AM liquibase.changelog
INFO: Index idx_field_mapping_is_active created
Oct 08, 2026 8:55:06 AM liquibase.changelog
INFO: Index idx_field_mapping_openelis_field created
Oct 08, 2026 8:55:06 AM liquibase.changelog
INFO: Index idx_analyzer_field_mapping_analyzer_id created
Oct 08, 2026 8:55:06 AM liquibase.changelog
INFO: Index idx_qualitative_mapping_analyzer_field_id created
Oct 08, 2026 8:55:06 AM liquibase.changelog
INFO: Index idx_unit_mapping_analyzer_field_id created
Oct 08, 2026 8:55:06 AM liquibase.changelog
INFO: Index idx_analyzer_error_analyzer_id created
Oct 08, 2026 8:55:06 AM liquibase.changelog
INFO: Index idx_analyzer_error_status created
Oct 08, 2026 8:55:06 AM liquibase.changelog
INFO: Index idx_analyzer_error_error_type created
Oct 08, 2026 8:55:06 AM liquibase.changelog
INFO: Index idx_analyzer_error_last_updated created
Oct 08, 2026 8:55:06 AM liquibase.changelog
INFO: Index idx_analyzer_error_severity created
Oct 08, 2026 8:55:06 AM liquibase.changelog
INFO: Index idx_validation_rule_custom_field_type_id created
Oct 08, 2026 8:55:06 AM liquibase.changelog
INFO: Index idx_serial_port_config_analyzer created
Oct 08, 2026 8:55:06 AM liquibase.changelog
INFO: Index idx_serial_port_config_active created
Oct 08, 2026 8:55:06 AM liquibase.changelog
INFO: Index idx_file_import_config_analyzer created
Oct 08, 2026 8:55:06 AM liquibase.changelog
INFO: ChangeSet liquibase/3.4.x.x/006-create-indexes.xml::011-006-01-create-all-indexes::madagascar-analyzer-integration ran successfully in 67ms
Running Changeset: liquibase/3.4.x.x/007-insert-seed-data.xml::011-007-01-add-menu-items-parent::madagascar-analyzer-integration
Oct 08, 2026 8:55:06 AM liquibase.changelog
INFO: New row inserted into menu
Oct 08, 2026 8:55:06 AM liquibase.changelog
INFO: ChangeSet liquibase/3.4.x.x/007-insert-seed-data.xml::011-007-01-add-menu-items-parent::madagascar-analyzer-integration ran successfully in 1ms
Running Changeset: liquibase/3.4.x.x/007-insert-seed-data.xml::011-007-02-add-menu-items-list::madagascar-analyzer-integration
Oct 08, 2026 8:55:06 AM liquibase.changelog
INFO: New row inserted into menu
Oct 08, 2026 8:55:06 AM liquibase.changelog
INFO: ChangeSet liquibase/3.4.x.x/007-insert-seed-data.xml::011-007-02-add-menu-items-list::madagascar-analyzer-integration ran successfully in 1ms
Running Changeset: liquibase/3.4.x.x/007-insert-seed-data.xml::011-007-03-add-menu-items-errors::madagascar-analyzer-integration
Oct 08, 2026 8:55:06 AM liquibase.changelog
INFO: New row inserted into menu
Oct 08, 2026 8:55:06 AM liquibase.changelog
INFO: ChangeSet liquibase/3.4.x.x/007-insert-seed-data.xml::011-007-03-add-menu-items-errors::madagascar-analyzer-integration ran successfully in 1ms
Running Changeset: liquibase/3.4.x.x/007-insert-seed-data.xml::011-007-05-add-menu-items-types::madagascar-analyzer-integration
Oct 08, 2026 8:55:06 AM liquibase.changelog
INFO: New row inserted into menu
Oct 08, 2026 8:55:06 AM liquibase.changelog
INFO: ChangeSet liquibase/3.4.x.x/007-insert-seed-data.xml::011-007-05-add-menu-items-types::madagascar-analyzer-integration ran successfully in 3ms
Running Changeset: liquibase/3.4.x.x/007-insert-seed-data.xml::011-007-04-add-query-timeout-config::madagascar-analyzer-integration
Oct 08, 2026 8:55:06 AM liquibase.changelog
INFO: Marking ChangeSet: liquibase/3.4.x.x/007-insert-seed-data.xml::011-007-04-add-query-timeout-config::madagascar-analyzer-integration ran despite precondition failure due to onFail='MARK_RAN': 
          liquibase/base-changelog.xml : Table clinlims.system_configuration does not exist

Running Changeset: liquibase/3.4.x.x/007-insert-seed-data.xml::011-007-05-add-query-rate-limit-config::madagascar-analyzer-integration
Oct 08, 2026 8:55:06 AM liquibase.changelog
INFO: Marking ChangeSet: liquibase/3.4.x.x/007-insert-seed-data.xml::011-007-05-add-query-rate-limit-config::madagascar-analyzer-integration ran despite precondition failure due to onFail='MARK_RAN': 
          liquibase/base-changelog.xml : Table clinlims.system_configuration does not exist

Running Changeset: liquibase/3.4.x.x/007-insert-seed-data.xml::011-007-06-add-max-fields-config::madagascar-analyzer-integration
Oct 08, 2026 8:55:06 AM liquibase.changelog
INFO: Marking ChangeSet: liquibase/3.4.x.x/007-insert-seed-data.xml::011-007-06-add-max-fields-config::madagascar-analyzer-integration ran despite precondition failure due to onFail='MARK_RAN': 
          liquibase/base-changelog.xml : Table clinlims.system_configuration does not exist

Running Changeset: liquibase/3.4.x.x/008-normalize-protocol-version-enum.xml::011-008-01-normalize-protocol-version-enum::madagascar-analyzer-integration
Oct 08, 2026 8:55:06 AM liquibase.changelog
INFO: Data updated in analyzer
Oct 08, 2026 8:55:06 AM liquibase.changelog
INFO: Data updated in analyzer
Oct 08, 2026 8:55:06 AM liquibase.changelog
INFO: Data updated in analyzer
Oct 08, 2026 8:55:06 AM liquibase.changelog
INFO: Data updated in analyzer
Oct 08, 2026 8:55:06 AM liquibase.changelog
INFO: Default value added to analyzer.protocol_version
Oct 08, 2026 8:55:06 AM liquibase.changelog
INFO: ChangeSet liquibase/3.4.x.x/008-normalize-protocol-version-enum.xml::011-008-01-normalize-protocol-version-enum::madagascar-analyzer-integration ran successfully in 4ms
Running Changeset: liquibase/3.4.x.x/009-decouple-test-mappings.xml::011-009-01-add-analyzer-type-id-column::madagascar-analyzer-integration
Oct 08, 2026 8:55:06 AM liquibase.changelog
INFO: Columns analyzer_type_id(NUMERIC(10,0)) added to analyzer_test_map
Oct 08, 2026 8:55:06 AM liquibase.changelog
INFO: ChangeSet liquibase/3.4.x.x/009-decouple-test-mappings.xml::011-009-01-add-analyzer-type-id-column::madagascar-analyzer-integration ran successfully in 1ms
Running Changeset: liquibase/3.4.x.x/009-decouple-test-mappings.xml::011-009-02-populate-analyzer-type-id::madagascar-analyzer-integration
Oct 08, 2026 8:55:06 AM liquibase.changelog
INFO: Custom SQL executed
Oct 08, 2026 8:55:06 AM liquibase.changelog
INFO: ChangeSet liquibase/3.4.x.x/009-decouple-test-mappings.xml::011-009-02-populate-analyzer-type-id::madagascar-analyzer-integration ran successfully in 1ms
Running Changeset: liquibase/3.4.x.x/009-decouple-test-mappings.xml::011-009-03-drop-old-pk-and-fk::madagascar-analyzer-integration
Oct 08, 2026 8:55:06 AM liquibase.changelog
INFO: Primary key dropped from analyzer_test_map
Oct 08, 2026 8:55:06 AM liquibase.changelog
INFO: Foreign key analyzer_test_map_analyzer_fk dropped
Oct 08, 2026 8:55:06 AM liquibase.changelog
INFO: Null constraint dropped from analyzer_test_map.analyzer_id
Oct 08, 2026 8:55:06 AM liquibase.changelog
INFO: ChangeSet liquibase/3.4.x.x/009-decouple-test-mappings.xml::011-009-03-drop-old-pk-and-fk::madagascar-analyzer-integration ran successfully in 5ms
Running Changeset: liquibase/3.4.x.x/009-decouple-test-mappings.xml::011-009-04-deduplicate-mappings::madagascar-analyzer-integration
Oct 08, 2026 8:55:06 AM liquibase.changelog
INFO: Custom SQL executed
Oct 08, 2026 8:55:06 AM liquibase.changelog
INFO: ChangeSet liquibase/3.4.x.x/009-decouple-test-mappings.xml::011-009-04-deduplicate-mappings::madagascar-analyzer-integration ran successfully in 2ms
Running Changeset: liquibase/3.4.x.x/009-decouple-test-mappings.xml::011-009-05-create-new-pk::madagascar-analyzer-integration
Oct 08, 2026 8:55:06 AM liquibase.changelog
INFO: NOT NULL constraint has been added to analyzer_test_map.analyzer_type_id
Oct 08, 2026 8:55:06 AM liquibase.changelog
INFO: Primary key added to analyzer_test_map (analyzer_type_id, analyzer_test_name)
Oct 08, 2026 8:55:06 AM liquibase.changelog
INFO: Foreign key constraint added to analyzer_test_map (analyzer_type_id)
Oct 08, 2026 8:55:06 AM liquibase.changelog
INFO: ChangeSet liquibase/3.4.x.x/009-decouple-test-mappings.xml::011-009-05-create-new-pk::madagascar-analyzer-integration ran successfully in 3ms
Running Changeset: liquibase/3.4.x.x/009-decouple-test-mappings.xml::011-009-06-delete-phantom-analyzer-rows::madagascar-analyzer-integration
Oct 08, 2026 8:55:06 AM liquibase.changelog
INFO: Custom SQL executed
Oct 08, 2026 8:55:06 AM liquibase.changelog
INFO: ChangeSet liquibase/3.4.x.x/009-decouple-test-mappings.xml::011-009-06-delete-phantom-analyzer-rows::madagascar-analyzer-integration ran successfully in 1ms
Running Changeset: liquibase/3.4.x.x/010-create-analyzer-plugin-config.xml::012-010-01-create-analyzer-plugin-config::generic-astm-plugin-profiles
Oct 08, 2026 8:55:06 AM liquibase.changelog
INFO: Table analyzer_plugin_config created
Oct 08, 2026 8:55:06 AM liquibase.changelog
INFO: Foreign key constraint added to analyzer_plugin_config (analyzer_id)
Oct 08, 2026 8:55:06 AM liquibase.changelog
INFO: ChangeSet liquibase/3.4.x.x/010-create-analyzer-plugin-config.xml::012-010-01-create-analyzer-plugin-config::generic-astm-plugin-profiles ran successfully in 14ms
Running Changeset: liquibase/3.4.x.x/011-create-analyzer-pending-code.xml::012-011-01-create-analyzer-pending-code::generic-astm-plugin-profiles
Oct 08, 2026 8:55:06 AM liquibase.changelog
INFO: Table analyzer_pending_code created
Oct 08, 2026 8:55:06 AM liquibase.changelog
INFO: Foreign key constraint added to analyzer_pending_code (analyzer_id)
Oct 08, 2026 8:55:06 AM liquibase.changelog
INFO: Index idx_analyzer_pending_code_analyzer_status created
Oct 08, 2026 8:55:06 AM liquibase.changelog
INFO: Index idx_analyzer_pending_code_unique_name created
Oct 08, 2026 8:55:06 AM liquibase.changelog
INFO: ChangeSet liquibase/3.4.x.x/011-create-analyzer-pending-code.xml::012-011-01-create-analyzer-pending-code::generic-astm-plugin-profiles ran successfully in 15ms
Running Changeset: liquibase/3.4.x.x/012-add-organization-type-hierarchy-level.xml::add-hierarchy-level-column::reagan-meant
Oct 08, 2026 8:55:06 AM liquibase.changelog
INFO: Columns hierarchy_level(INTEGER) added to organization_type
Oct 08, 2026 8:55:06 AM liquibase.changelog
INFO: ChangeSet liquibase/3.4.x.x/012-add-organization-type-hierarchy-level.xml::add-hierarchy-level-column::reagan-meant ran successfully in 2ms
Running Changeset: liquibase/3.4.x.x/014-sample-collection-workflow-menus.xml::nav-001-create-order-workflow-parent::reagan-meant
Oct 08, 2026 8:55:06 AM liquibase.changelog
INFO: New row inserted into menu
Oct 08, 2026 8:55:06 AM liquibase.changelog
INFO: ChangeSet liquibase/3.4.x.x/014-sample-collection-workflow-menus.xml::nav-001-create-order-workflow-parent::reagan-meant ran successfully in 1ms
Running Changeset: liquibase/3.4.x.x/014-sample-collection-workflow-menus.xml::nav-001a-clear-parent-action-url::reagan-meant
Oct 08, 2026 8:55:06 AM liquibase.changelog
INFO: Data updated in menu
Oct 08, 2026 8:55:06 AM liquibase.changelog
INFO: ChangeSet liquibase/3.4.x.x/014-sample-collection-workflow-menus.xml::nav-001a-clear-parent-action-url::reagan-meant ran successfully in 2ms
Running Changeset: liquibase/3.4.x.x/014-sample-collection-workflow-menus.xml::nav-001b-create-order-dashboard-menu::reagan-meant
Oct 08, 2026 8:55:06 AM liquibase.changelog
INFO: New row inserted into menu
Oct 08, 2026 8:55:06 AM liquibase.changelog
INFO: ChangeSet liquibase/3.4.x.x/014-sample-collection-workflow-menus.xml::nav-001b-create-order-dashboard-menu::reagan-meant ran successfully in 2ms
Running Changeset: liquibase/3.4.x.x/014-sample-collection-workflow-menus.xml::nav-002-create-order-enter-menu::reagan-meant
Oct 08, 2026 8:55:06 AM liquibase.changelog
INFO: New row inserted into menu
Oct 08, 2026 8:55:06 AM liquibase.changelog
INFO: ChangeSet liquibase/3.4.x.x/014-sample-collection-workflow-menus.xml::nav-002-create-order-enter-menu::reagan-meant ran successfully in 2ms
Running Changeset: liquibase/3.4.x.x/014-sample-collection-workflow-menus.xml::nav-003-create-order-collect-menu::reagan-meant
Oct 08, 2026 8:55:06 AM liquibase.changelog
INFO: New row inserted into menu
Oct 08, 2026 8:55:06 AM liquibase.changelog
INFO: ChangeSet liquibase/3.4.x.x/014-sample-collection-workflow-menus.xml::nav-003-create-order-collect-menu::reagan-meant ran successfully in 2ms
Running Changeset: liquibase/3.4.x.x/014-sample-collection-workflow-menus.xml::nav-004-create-order-label-menu::reagan-meant
Oct 08, 2026 8:55:06 AM liquibase.changelog
INFO: New row inserted into menu
Oct 08, 2026 8:55:06 AM liquibase.changelog
INFO: ChangeSet liquibase/3.4.x.x/014-sample-collection-workflow-menus.xml::nav-004-create-order-label-menu::reagan-meant ran successfully in 2ms
Running Changeset: liquibase/3.4.x.x/014-sample-collection-workflow-menus.xml::nav-005-create-order-qa-menu::reagan-meant
Oct 08, 2026 8:55:06 AM liquibase.changelog
INFO: New row inserted into menu
Oct 08, 2026 8:55:06 AM liquibase.changelog
INFO: ChangeSet liquibase/3.4.x.x/014-sample-collection-workflow-menus.xml::nav-005-create-order-qa-menu::reagan-meant ran successfully in 2ms
Running Changeset: liquibase/3.4.x.x/015-add-sample-collection-uoms.xml::3.4.0.0-add-uom-type-column::reagan-meant
Oct 08, 2026 8:55:06 AM liquibase.changelog
INFO: Columns uom_type(VARCHAR(20)) added to unit_of_measure
Oct 08, 2026 8:55:06 AM liquibase.changelog
INFO: ChangeSet liquibase/3.4.x.x/015-add-sample-collection-uoms.xml::3.4.0.0-add-uom-type-column::reagan-meant ran successfully in 2ms
Running Changeset: liquibase/3.4.x.x/015-add-sample-collection-uoms.xml::3.4.0.0-set-existing-uoms-to-result::reagan-meant
Oct 08, 2026 8:55:06 AM liquibase.changelog
INFO: Data updated in unit_of_measure
Oct 08, 2026 8:55:06 AM liquibase.changelog
INFO: ChangeSet liquibase/3.4.x.x/015-add-sample-collection-uoms.xml::3.4.0.0-set-existing-uoms-to-result::reagan-meant ran successfully in 1ms
Running Changeset: liquibase/3.4.x.x/015-add-sample-collection-uoms.xml::3.4.0.0-add-sample-collection-uoms::reagan-meant
Oct 08, 2026 8:55:06 AM liquibase.changelog
INFO: New row inserted into unit_of_measure
Oct 08, 2026 8:55:06 AM liquibase.changelog
INFO: New row inserted into unit_of_measure
Oct 08, 2026 8:55:06 AM liquibase.changelog
INFO: New row inserted into unit_of_measure
Oct 08, 2026 8:55:06 AM liquibase.changelog
INFO: New row inserted into unit_of_measure
Oct 08, 2026 8:55:06 AM liquibase.changelog
INFO: ChangeSet liquibase/3.4.x.x/015-add-sample-collection-uoms.xml::3.4.0.0-add-sample-collection-uoms::reagan-meant ran successfully in 3ms
Running Changeset: liquibase/3.4.x.x/016-add-collection-conditions-column.xml::3.4.0.0-add-collection-conditions-to-sample-item::reagan-meant
Oct 08, 2026 8:55:06 AM liquibase.changelog
INFO: Columns collection_conditions(VARCHAR(255)) added to sample_item
Oct 08, 2026 8:55:06 AM liquibase.changelog
INFO: ChangeSet liquibase/3.4.x.x/016-add-collection-conditions-column.xml::3.4.0.0-add-collection-conditions-to-sample-item::reagan-meant ran successfully in 2ms
Running Changeset: liquibase/3.4.x.x/017-add-received-date-to-sample-item.xml::20260320-001::reagan-meant
Oct 08, 2026 8:55:06 AM liquibase.changelog
INFO: Columns received_date(TIMESTAMP WITH TIME ZONE) added to sample_item
Oct 08, 2026 8:55:06 AM liquibase.changelog
INFO: ChangeSet liquibase/3.4.x.x/017-add-received-date-to-sample-item.xml::20260320-001::reagan-meant ran successfully in 2ms
Running Changeset: liquibase/3.4.x.x/018-uom-type-mapping-table.xml::3.4.0.0-create-uom-type-map-table::reagan-meant
Oct 08, 2026 8:55:06 AM liquibase.changelog
INFO: Sequence uom_type_map_seq created
Oct 08, 2026 8:55:06 AM liquibase.changelog
INFO: Table uom_type_map created
Oct 08, 2026 8:55:06 AM liquibase.changelog
INFO: Foreign key constraint added to uom_type_map (uom_id)
Oct 08, 2026 8:55:06 AM liquibase.changelog
INFO: Unique constraint added to uom_type_map(uom_id, uom_type)
Oct 08, 2026 8:55:06 AM liquibase.changelog
INFO: ChangeSet liquibase/3.4.x.x/018-uom-type-mapping-table.xml::3.4.0.0-create-uom-type-map-table::reagan-meant ran successfully in 16ms
Running Changeset: liquibase/3.4.x.x/018-uom-type-mapping-table.xml::3.4.0.0-add-ml-uom::reagan-meant
Oct 08, 2026 8:55:06 AM liquibase.changelog
INFO: Marking ChangeSet: liquibase/3.4.x.x/018-uom-type-mapping-table.xml::3.4.0.0-add-ml-uom::reagan-meant ran despite precondition failure due to onFail='MARK_RAN': 
          liquibase/base-changelog.xml : SQL Precondition failed.  Expected '0' got '1'

Running Changeset: liquibase/3.4.x.x/018-uom-type-mapping-table.xml::3.4.0.0-map-ml-to-sample-collection::reagan-meant
Oct 08, 2026 8:55:06 AM liquibase.changelog
INFO: Custom SQL executed
Oct 08, 2026 8:55:06 AM liquibase.changelog
INFO: ChangeSet liquibase/3.4.x.x/018-uom-type-mapping-table.xml::3.4.0.0-map-ml-to-sample-collection::reagan-meant ran successfully in 2ms
Running Changeset: liquibase/3.4.x.x/018-uom-type-mapping-table.xml::3.4.0.0-add-ul-uom::reagan-meant
Oct 08, 2026 8:55:06 AM liquibase.changelog
INFO: Marking ChangeSet: liquibase/3.4.x.x/018-uom-type-mapping-table.xml::3.4.0.0-add-ul-uom::reagan-meant ran despite precondition failure due to onFail='MARK_RAN': 
          liquibase/base-changelog.xml : SQL Precondition failed.  Expected '0' got '1'

Running Changeset: liquibase/3.4.x.x/018-uom-type-mapping-table.xml::3.4.0.0-map-ul-to-sample-collection::reagan-meant
Oct 08, 2026 8:55:06 AM liquibase.changelog
INFO: Custom SQL executed
Oct 08, 2026 8:55:06 AM liquibase.changelog
INFO: ChangeSet liquibase/3.4.x.x/018-uom-type-mapping-table.xml::3.4.0.0-map-ul-to-sample-collection::reagan-meant ran successfully in 1ms
Running Changeset: liquibase/3.4.x.x/018-uom-type-mapping-table.xml::3.4.0.0-add-tubes-uom::reagan-meant
Oct 08, 2026 8:55:06 AM liquibase.changelog
INFO: Marking ChangeSet: liquibase/3.4.x.x/018-uom-type-mapping-table.xml::3.4.0.0-add-tubes-uom::reagan-meant ran despite precondition failure due to onFail='MARK_RAN': 
          liquibase/base-changelog.xml : SQL Precondition failed.  Expected '0' got '1'

Running Changeset: liquibase/3.4.x.x/018-uom-type-mapping-table.xml::3.4.0.0-map-tubes-to-sample-collection::reagan-meant
Oct 08, 2026 8:55:06 AM liquibase.changelog
INFO: Custom SQL executed
Oct 08, 2026 8:55:06 AM liquibase.changelog
INFO: ChangeSet liquibase/3.4.x.x/018-uom-type-mapping-table.xml::3.4.0.0-map-tubes-to-sample-collection::reagan-meant ran successfully in 2ms
Running Changeset: liquibase/3.4.x.x/018-uom-type-mapping-table.xml::3.4.0.0-add-slides-uom::reagan-meant
Oct 08, 2026 8:55:06 AM liquibase.changelog
INFO: Marking ChangeSet: liquibase/3.4.x.x/018-uom-type-mapping-table.xml::3.4.0.0-add-slides-uom::reagan-meant ran despite precondition failure due to onFail='MARK_RAN': 
          liquibase/base-changelog.xml : SQL Precondition failed.  Expected '0' got '1'

Running Changeset: liquibase/3.4.x.x/018-uom-type-mapping-table.xml::3.4.0.0-map-slides-to-sample-collection::reagan-meant
Oct 08, 2026 8:55:06 AM liquibase.changelog
INFO: Custom SQL executed
Oct 08, 2026 8:55:06 AM liquibase.changelog
INFO: ChangeSet liquibase/3.4.x.x/018-uom-type-mapping-table.xml::3.4.0.0-map-slides-to-sample-collection::reagan-meant ran successfully in 2ms
Running Changeset: liquibase/3.4.x.x/019-add-organization-type-allow-free-text.xml::3.4.0.0-add-allow-free-text-to-organization-type::reagan-meant
Oct 08, 2026 8:55:06 AM liquibase.changelog
INFO: Columns allow_free_text(BOOLEAN) added to organization_type
Oct 08, 2026 8:55:06 AM liquibase.changelog
INFO: ChangeSet liquibase/3.4.x.x/019-add-organization-type-allow-free-text.xml::3.4.0.0-add-allow-free-text-to-organization-type::reagan-meant ran successfully in 1ms
Running Changeset: liquibase/3.4.x.x/020-vector-surveillance-schema.xml::3.4.0.0-create-vector-trap-type-seq::reagan-meant
Oct 08, 2026 8:55:06 AM liquibase.changelog
INFO: Sequence vector_trap_type_seq created
Oct 08, 2026 8:55:06 AM liquibase.changelog
INFO: ChangeSet liquibase/3.4.x.x/020-vector-surveillance-schema.xml::3.4.0.0-create-vector-trap-type-seq::reagan-meant ran successfully in 10ms
Running Changeset: liquibase/3.4.x.x/020-vector-surveillance-schema.xml::3.4.0.0-create-vector-trap-type-table::reagan-meant
Oct 08, 2026 8:55:06 AM liquibase.changelog
INFO: Table vector_trap_type created
Oct 08, 2026 8:55:06 AM liquibase.changelog
INFO: ChangeSet liquibase/3.4.x.x/020-vector-surveillance-schema.xml::3.4.0.0-create-vector-trap-type-table::reagan-meant ran successfully in 13ms
Running Changeset: liquibase/3.4.x.x/020-vector-surveillance-schema.xml::3.4.0.0-create-vector-trap-type-sample-type-table::reagan-meant
Oct 08, 2026 8:55:06 AM liquibase.changelog
INFO: Table vector_trap_type_sample_type created
Oct 08, 2026 8:55:06 AM liquibase.changelog
INFO: Primary key added to vector_trap_type_sample_type (trap_type_id, sample_type_id)
Oct 08, 2026 8:55:06 AM liquibase.changelog
INFO: Foreign key constraint added to vector_trap_type_sample_type (trap_type_id)
Oct 08, 2026 8:55:06 AM liquibase.changelog
INFO: Foreign key constraint added to vector_trap_type_sample_type (sample_type_id)
Oct 08, 2026 8:55:06 AM liquibase.changelog
INFO: ChangeSet liquibase/3.4.x.x/020-vector-surveillance-schema.xml::3.4.0.0-create-vector-trap-type-sample-type-table::reagan-meant ran successfully in 16ms
Running Changeset: liquibase/3.4.x.x/020-vector-surveillance-schema.xml::3.4.0.0-create-vector-species-seq::reagan-meant
Oct 08, 2026 8:55:06 AM liquibase.changelog
INFO: Sequence vector_species_seq created
Oct 08, 2026 8:55:06 AM liquibase.changelog
INFO: ChangeSet liquibase/3.4.x.x/020-vector-surveillance-schema.xml::3.4.0.0-create-vector-species-seq::reagan-meant ran successfully in 9ms
Running Changeset: liquibase/3.4.x.x/020-vector-surveillance-schema.xml::3.4.0.0-create-vector-species-table::reagan-meant
Oct 08, 2026 8:55:06 AM liquibase.changelog
INFO: Table vector_species created
Oct 08, 2026 8:55:06 AM liquibase.changelog
INFO: ChangeSet liquibase/3.4.x.x/020-vector-surveillance-schema.xml::3.4.0.0-create-vector-species-table::reagan-meant ran successfully in 14ms
Running Changeset: liquibase/3.4.x.x/020-vector-surveillance-schema.xml::3.4.0.0-seed-vector-trap-bg-sentinel::reagan-meant
Oct 08, 2026 8:55:06 AM liquibase.changelog
INFO: Custom SQL executed
Oct 08, 2026 8:55:06 AM liquibase.changelog
INFO: ChangeSet liquibase/3.4.x.x/020-vector-surveillance-schema.xml::3.4.0.0-seed-vector-trap-bg-sentinel::reagan-meant ran successfully in 2ms
Running Changeset: liquibase/3.4.x.x/020-vector-surveillance-schema.xml::3.4.0.0-seed-vector-trap-cdc-light::reagan-meant
Oct 08, 2026 8:55:06 AM liquibase.changelog
INFO: Custom SQL executed
Oct 08, 2026 8:55:06 AM liquibase.changelog
INFO: ChangeSet liquibase/3.4.x.x/020-vector-surveillance-schema.xml::3.4.0.0-seed-vector-trap-cdc-light::reagan-meant ran successfully in 3ms
Running Changeset: liquibase/3.4.x.x/020-vector-surveillance-schema.xml::3.4.0.0-seed-vector-trap-ovitrap::reagan-meant
Oct 08, 2026 8:55:06 AM liquibase.changelog
INFO: Custom SQL executed
Oct 08, 2026 8:55:06 AM liquibase.changelog
INFO: ChangeSet liquibase/3.4.x.x/020-vector-surveillance-schema.xml::3.4.0.0-seed-vector-trap-ovitrap::reagan-meant ran successfully in 1ms
Running Changeset: liquibase/3.4.x.x/021-vector-sample-domain.xml::3.4.0.0-add-vector-sample-domain::reagan-meant
Oct 08, 2026 8:55:06 AM liquibase.changelog
INFO: New row inserted into sample_domain
Oct 08, 2026 8:55:06 AM liquibase.changelog
INFO: ChangeSet liquibase/3.4.x.x/021-vector-sample-domain.xml::3.4.0.0-add-vector-sample-domain::reagan-meant ran successfully in 1ms
Running Changeset: liquibase/3.4.x.x/022-vector-observation-types.xml::3.4.0.0-add-vec-workflow-type::reagan-meant
Oct 08, 2026 8:55:06 AM liquibase.changelog
INFO: New row inserted into observation_history_type
Oct 08, 2026 8:55:06 AM liquibase.changelog
INFO: ChangeSet liquibase/3.4.x.x/022-vector-observation-types.xml::3.4.0.0-add-vec-workflow-type::reagan-meant ran successfully in 2ms
Running Changeset: liquibase/3.4.x.x/022-vector-observation-types.xml::3.4.0.0-add-vec-sample-type-id::reagan-meant
Oct 08, 2026 8:55:06 AM liquibase.changelog
INFO: New row inserted into observation_history_type
Oct 08, 2026 8:55:06 AM liquibase.changelog
INFO: ChangeSet liquibase/3.4.x.x/022-vector-observation-types.xml::3.4.0.0-add-vec-sample-type-id::reagan-meant ran successfully in 1ms
Running Changeset: liquibase/3.4.x.x/022-vector-observation-types.xml::3.4.0.0-add-vec-species-id::reagan-meant
Oct 08, 2026 8:55:06 AM liquibase.changelog
INFO: New row inserted into observation_history_type
Oct 08, 2026 8:55:06 AM liquibase.changelog
INFO: ChangeSet liquibase/3.4.x.x/022-vector-observation-types.xml::3.4.0.0-add-vec-species-id::reagan-meant ran successfully in 1ms
Running Changeset: liquibase/3.4.x.x/022-vector-observation-types.xml::3.4.0.0-add-vec-lifecycle-stage::reagan-meant
Oct 08, 2026 8:55:06 AM liquibase.changelog
INFO: New row inserted into observation_history_type
Oct 08, 2026 8:55:06 AM liquibase.changelog
INFO: ChangeSet liquibase/3.4.x.x/022-vector-observation-types.xml::3.4.0.0-add-vec-lifecycle-stage::reagan-meant ran successfully in 1ms
Running Changeset: liquibase/3.4.x.x/022-vector-observation-types.xml::3.4.0.0-add-vec-trap-type-id::reagan-meant
Oct 08, 2026 8:55:06 AM liquibase.changelog
INFO: New row inserted into observation_history_type
Oct 08, 2026 8:55:06 AM liquibase.changelog
INFO: ChangeSet liquibase/3.4.x.x/022-vector-observation-types.xml::3.4.0.0-add-vec-trap-type-id::reagan-meant ran successfully in 2ms
Running Changeset: liquibase/3.4.x.x/022-vector-observation-types.xml::3.4.0.0-add-vec-pooling-method::reagan-meant
Oct 08, 2026 8:55:06 AM liquibase.changelog
INFO: New row inserted into observation_history_type
Oct 08, 2026 8:55:06 AM liquibase.changelog
INFO: ChangeSet liquibase/3.4.x.x/022-vector-observation-types.xml::3.4.0.0-add-vec-pooling-method::reagan-meant ran successfully in 2ms
Running Changeset: liquibase/3.4.x.x/022-vector-observation-types.xml::3.4.0.0-add-vec-pool-count::reagan-meant
Oct 08, 2026 8:55:06 AM liquibase.changelog
INFO: New row inserted into observation_history_type
Oct 08, 2026 8:55:06 AM liquibase.changelog
INFO: ChangeSet liquibase/3.4.x.x/022-vector-observation-types.xml::3.4.0.0-add-vec-pool-count::reagan-meant ran successfully in 1ms
Running Changeset: liquibase/3.4.x.x/022-vector-observation-types.xml::3.4.0.0-add-vec-samples-per-pool::reagan-meant
Oct 08, 2026 8:55:06 AM liquibase.changelog
INFO: New row inserted into observation_history_type
Oct 08, 2026 8:55:06 AM liquibase.changelog
INFO: ChangeSet liquibase/3.4.x.x/022-vector-observation-types.xml::3.4.0.0-add-vec-samples-per-pool::reagan-meant ran successfully in 1ms
Running Changeset: liquibase/3.4.x.x/022-vector-observation-types.xml::3.4.0.0-add-vec-pathogens-of-interest::reagan-meant
Oct 08, 2026 8:55:06 AM liquibase.changelog
INFO: New row inserted into observation_history_type
Oct 08, 2026 8:55:06 AM liquibase.changelog
INFO: ChangeSet liquibase/3.4.x.x/022-vector-observation-types.xml::3.4.0.0-add-vec-pathogens-of-interest::reagan-meant ran successfully in 1ms
Running Changeset: liquibase/3.4.x.x/022-vector-observation-types.xml::3.4.0.0-add-vec-collection-site-id::reagan-meant
Oct 08, 2026 8:55:06 AM liquibase.changelog
INFO: New row inserted into observation_history_type
Oct 08, 2026 8:55:06 AM liquibase.changelog
INFO: ChangeSet liquibase/3.4.x.x/022-vector-observation-types.xml::3.4.0.0-add-vec-collection-site-id::reagan-meant ran successfully in 1ms
Running Changeset: liquibase/3.4.x.x/022-vector-observation-types.xml::3.4.0.0-add-vec-collection-site-name::reagan-meant
Oct 08, 2026 8:55:06 AM liquibase.changelog
INFO: New row inserted into observation_history_type
Oct 08, 2026 8:55:06 AM liquibase.changelog
INFO: ChangeSet liquibase/3.4.x.x/022-vector-observation-types.xml::3.4.0.0-add-vec-collection-site-name::reagan-meant ran successfully in 1ms
Running Changeset: liquibase/3.4.x.x/022-vector-observation-types.xml::3.4.0.0-add-vec-gps-latitude::reagan-meant
Oct 08, 2026 8:55:06 AM liquibase.changelog
INFO: New row inserted into observation_history_type
Oct 08, 2026 8:55:06 AM liquibase.changelog
INFO: ChangeSet liquibase/3.4.x.x/022-vector-observation-types.xml::3.4.0.0-add-vec-gps-latitude::reagan-meant ran successfully in 1ms
Running Changeset: liquibase/3.4.x.x/022-vector-observation-types.xml::3.4.0.0-add-vec-gps-longitude::reagan-meant
Oct 08, 2026 8:55:06 AM liquibase.changelog
INFO: New row inserted into observation_history_type
Oct 08, 2026 8:55:06 AM liquibase.changelog
INFO: ChangeSet liquibase/3.4.x.x/022-vector-observation-types.xml::3.4.0.0-add-vec-gps-longitude::reagan-meant ran successfully in 1ms
Running Changeset: liquibase/3.4.x.x/022-vector-observation-types.xml::3.4.0.0-add-vec-time-of-day::reagan-meant
Oct 08, 2026 8:55:06 AM liquibase.changelog
INFO: New row inserted into observation_history_type
Oct 08, 2026 8:55:06 AM liquibase.changelog
INFO: ChangeSet liquibase/3.4.x.x/022-vector-observation-types.xml::3.4.0.0-add-vec-time-of-day::reagan-meant ran successfully in 1ms
Running Changeset: liquibase/3.4.x.x/022-vector-observation-types.xml::3.4.0.0-add-vec-resting-context::reagan-meant
Oct 08, 2026 8:55:06 AM liquibase.changelog
INFO: New row inserted into observation_history_type
Oct 08, 2026 8:55:06 AM liquibase.changelog
INFO: ChangeSet liquibase/3.4.x.x/022-vector-observation-types.xml::3.4.0.0-add-vec-resting-context::reagan-meant ran successfully in 1ms
Running Changeset: liquibase/3.4.x.x/022-vector-observation-types.xml::3.4.0.0-add-vec-human-biting-catch::reagan-meant
Oct 08, 2026 8:55:06 AM liquibase.changelog
INFO: New row inserted into observation_history_type
Oct 08, 2026 8:55:06 AM liquibase.changelog
INFO: ChangeSet liquibase/3.4.x.x/022-vector-observation-types.xml::3.4.0.0-add-vec-human-biting-catch::reagan-meant ran successfully in 1ms
Running Changeset: liquibase/3.4.x.x/022-vector-observation-types.xml::3.4.0.0-add-vec-collection-notes::reagan-meant
Oct 08, 2026 8:55:06 AM liquibase.changelog
INFO: New row inserted into observation_history_type
Oct 08, 2026 8:55:06 AM liquibase.changelog
INFO: ChangeSet liquibase/3.4.x.x/022-vector-observation-types.xml::3.4.0.0-add-vec-collection-notes::reagan-meant ran successfully in 1ms
Running Changeset: liquibase/3.4.x.x/023-vector-dictionary-entries.xml::3.4.0.0-vector-species-pathogen-category-col::reagan-meant
Oct 08, 2026 8:55:06 AM liquibase.changelog
INFO: Columns pathogen_category_id(NUMERIC(10,0)) added to vector_species
Oct 08, 2026 8:55:06 AM liquibase.changelog
INFO: Foreign key constraint added to vector_species (pathogen_category_id)
Oct 08, 2026 8:55:06 AM liquibase.changelog
INFO: ChangeSet liquibase/3.4.x.x/023-vector-dictionary-entries.xml::3.4.0.0-vector-species-pathogen-category-col::reagan-meant ran successfully in 3ms
Running Changeset: liquibase/3.4.x.x/023-vector-dictionary-entries.xml::3.4.0.0-vector-species-lifecycle-category-col::reagan-meant
Oct 08, 2026 8:55:06 AM liquibase.changelog
INFO: Columns lifecycle_category_id(NUMERIC(10,0)) added to vector_species
Oct 08, 2026 8:55:06 AM liquibase.changelog
INFO: Foreign key constraint added to vector_species (lifecycle_category_id)
Oct 08, 2026 8:55:06 AM liquibase.changelog
INFO: ChangeSet liquibase/3.4.x.x/023-vector-dictionary-entries.xml::3.4.0.0-vector-species-lifecycle-category-col::reagan-meant ran successfully in 2ms
Running Changeset: liquibase/3.4.x.x/024-vector-sampling-sites.xml::3.4.0.0-create-vector-sampling-site-seq::reagan-meant
Oct 08, 2026 8:55:06 AM liquibase.changelog
INFO: Sequence vector_sampling_site_seq created
Oct 08, 2026 8:55:06 AM liquibase.changelog
INFO: ChangeSet liquibase/3.4.x.x/024-vector-sampling-sites.xml::3.4.0.0-create-vector-sampling-site-seq::reagan-meant ran successfully in 10ms
Running Changeset: liquibase/3.4.x.x/024-vector-sampling-sites.xml::3.4.0.0-create-vector-sampling-site-table::reagan-meant
Oct 08, 2026 8:55:06 AM liquibase.changelog
INFO: Table vector_sampling_site created
Oct 08, 2026 8:55:06 AM liquibase.changelog
INFO: ChangeSet liquibase/3.4.x.x/024-vector-sampling-sites.xml::3.4.0.0-create-vector-sampling-site-table::reagan-meant ran successfully in 14ms
Running Changeset: liquibase/3.4.x.x/025-split-workflow-menus.xml::nav-015-deactivate-old-order-workflow::reagan-meant
Oct 08, 2026 8:55:06 AM liquibase.changelog
INFO: Data updated in menu
Oct 08, 2026 8:55:06 AM liquibase.changelog
INFO: ChangeSet liquibase/3.4.x.x/025-split-workflow-menus.xml::nav-015-deactivate-old-order-workflow::reagan-meant ran successfully in 2ms
Running Changeset: liquibase/3.4.x.x/025-split-workflow-menus.xml::nav-015-create-add-order-parent::reagan-meant
Oct 08, 2026 8:55:06 AM liquibase.changelog
INFO: New row inserted into menu
Oct 08, 2026 8:55:06 AM liquibase.changelog
INFO: ChangeSet liquibase/3.4.x.x/025-split-workflow-menus.xml::nav-015-create-add-order-parent::reagan-meant ran successfully in 2ms
Running Changeset: liquibase/3.4.x.x/025-split-workflow-menus.xml::nav-015-create-clinical-workflow-parent::reagan-meant
Oct 08, 2026 8:55:06 AM liquibase.changelog
INFO: New row inserted into menu
Oct 08, 2026 8:55:06 AM liquibase.changelog
INFO: ChangeSet liquibase/3.4.x.x/025-split-workflow-menus.xml::nav-015-create-clinical-workflow-parent::reagan-meant ran successfully in 2ms
Running Changeset: liquibase/3.4.x.x/025-split-workflow-menus.xml::nav-015-create-clinical-dashboard::reagan-meant
Oct 08, 2026 8:55:06 AM liquibase.changelog
INFO: New row inserted into menu
Oct 08, 2026 8:55:06 AM liquibase.changelog
INFO: ChangeSet liquibase/3.4.x.x/025-split-workflow-menus.xml::nav-015-create-clinical-dashboard::reagan-meant ran successfully in 2ms
Running Changeset: liquibase/3.4.x.x/025-split-workflow-menus.xml::nav-015-create-clinical-enter::reagan-meant
Oct 08, 2026 8:55:06 AM liquibase.changelog
INFO: New row inserted into menu
Oct 08, 2026 8:55:06 AM liquibase.changelog
INFO: ChangeSet liquibase/3.4.x.x/025-split-workflow-menus.xml::nav-015-create-clinical-enter::reagan-meant ran successfully in 2ms
Running Changeset: liquibase/3.4.x.x/025-split-workflow-menus.xml::nav-015-create-clinical-collect::reagan-meant
Oct 08, 2026 8:55:06 AM liquibase.changelog
INFO: New row inserted into menu
Oct 08, 2026 8:55:06 AM liquibase.changelog
INFO: ChangeSet liquibase/3.4.x.x/025-split-workflow-menus.xml::nav-015-create-clinical-collect::reagan-meant ran successfully in 2ms
Running Changeset: liquibase/3.4.x.x/025-split-workflow-menus.xml::nav-015-create-clinical-label::reagan-meant
Oct 08, 2026 8:55:06 AM liquibase.changelog
INFO: New row inserted into menu
Oct 08, 2026 8:55:06 AM liquibase.changelog
INFO: ChangeSet liquibase/3.4.x.x/025-split-workflow-menus.xml::nav-015-create-clinical-label::reagan-meant ran successfully in 2ms
Running Changeset: liquibase/3.4.x.x/025-split-workflow-menus.xml::nav-015-create-clinical-qa::reagan-meant
Oct 08, 2026 8:55:06 AM liquibase.changelog
INFO: New row inserted into menu
Oct 08, 2026 8:55:06 AM liquibase.changelog
INFO: ChangeSet liquibase/3.4.x.x/025-split-workflow-menus.xml::nav-015-create-clinical-qa::reagan-meant ran successfully in 2ms
Running Changeset: liquibase/3.4.x.x/025-split-workflow-menus.xml::nav-015-create-environmental-workflow-parent::reagan-meant
Oct 08, 2026 8:55:06 AM liquibase.changelog
INFO: New row inserted into menu
Oct 08, 2026 8:55:06 AM liquibase.changelog
INFO: ChangeSet liquibase/3.4.x.x/025-split-workflow-menus.xml::nav-015-create-environmental-workflow-parent::reagan-meant ran successfully in 2ms
Running Changeset: liquibase/3.4.x.x/025-split-workflow-menus.xml::nav-015-create-environmental-dashboard::reagan-meant
Oct 08, 2026 8:55:06 AM liquibase.changelog
INFO: New row inserted into menu
Oct 08, 2026 8:55:06 AM liquibase.changelog
INFO: ChangeSet liquibase/3.4.x.x/025-split-workflow-menus.xml::nav-015-create-environmental-dashboard::reagan-meant ran successfully in 2ms
Running Changeset: liquibase/3.4.x.x/025-split-workflow-menus.xml::nav-015-create-environmental-enter::reagan-meant
Oct 08, 2026 8:55:06 AM liquibase.changelog
INFO: New row inserted into menu
Oct 08, 2026 8:55:06 AM liquibase.changelog
INFO: ChangeSet liquibase/3.4.x.x/025-split-workflow-menus.xml::nav-015-create-environmental-enter::reagan-meant ran successfully in 2ms
Running Changeset: liquibase/3.4.x.x/025-split-workflow-menus.xml::nav-015-create-environmental-collect::reagan-meant
Oct 08, 2026 8:55:06 AM liquibase.changelog
INFO: New row inserted into menu
Oct 08, 2026 8:55:06 AM liquibase.changelog
INFO: ChangeSet liquibase/3.4.x.x/025-split-workflow-menus.xml::nav-015-create-environmental-collect::reagan-meant ran successfully in 2ms
Running Changeset: liquibase/3.4.x.x/025-split-workflow-menus.xml::nav-015-create-environmental-label::reagan-meant
Oct 08, 2026 8:55:06 AM liquibase.changelog
INFO: New row inserted into menu
Oct 08, 2026 8:55:06 AM liquibase.changelog
INFO: ChangeSet liquibase/3.4.x.x/025-split-workflow-menus.xml::nav-015-create-environmental-label::reagan-meant ran successfully in 2ms
Running Changeset: liquibase/3.4.x.x/025-split-workflow-menus.xml::nav-015-create-environmental-qa::reagan-meant
Oct 08, 2026 8:55:06 AM liquibase.changelog
INFO: New row inserted into menu
Oct 08, 2026 8:55:06 AM liquibase.changelog
INFO: ChangeSet liquibase/3.4.x.x/025-split-workflow-menus.xml::nav-015-create-environmental-qa::reagan-meant ran successfully in 2ms
Running Changeset: liquibase/3.4.x.x/025-split-workflow-menus.xml::nav-015-create-vector-workflow-parent::reagan-meant
Oct 08, 2026 8:55:06 AM liquibase.changelog
INFO: New row inserted into menu
Oct 08, 2026 8:55:06 AM liquibase.changelog
INFO: ChangeSet liquibase/3.4.x.x/025-split-workflow-menus.xml::nav-015-create-vector-workflow-parent::reagan-meant ran successfully in 2ms
Running Changeset: liquibase/3.4.x.x/025-split-workflow-menus.xml::nav-015-create-vector-dashboard::reagan-meant
Oct 08, 2026 8:55:06 AM liquibase.changelog
INFO: New row inserted into menu
Oct 08, 2026 8:55:06 AM liquibase.changelog
INFO: ChangeSet liquibase/3.4.x.x/025-split-workflow-menus.xml::nav-015-create-vector-dashboard::reagan-meant ran successfully in 2ms
Running Changeset: liquibase/3.4.x.x/025-split-workflow-menus.xml::nav-015-create-vector-enter::reagan-meant
Oct 08, 2026 8:55:06 AM liquibase.changelog
INFO: New row inserted into menu
Oct 08, 2026 8:55:06 AM liquibase.changelog
INFO: ChangeSet liquibase/3.4.x.x/025-split-workflow-menus.xml::nav-015-create-vector-enter::reagan-meant ran successfully in 1ms
Running Changeset: liquibase/3.4.x.x/025-split-workflow-menus.xml::nav-015-create-vector-label::reagan-meant
Oct 08, 2026 8:55:06 AM liquibase.changelog
INFO: New row inserted into menu
Oct 08, 2026 8:55:06 AM liquibase.changelog
INFO: ChangeSet liquibase/3.4.x.x/025-split-workflow-menus.xml::nav-015-create-vector-label::reagan-meant ran successfully in 2ms
Running Changeset: liquibase/3.4.x.x/025-split-workflow-menus.xml::nav-015-create-vector-qa::reagan-meant
Oct 08, 2026 8:55:06 AM liquibase.changelog
INFO: New row inserted into menu
Oct 08, 2026 8:55:06 AM liquibase.changelog
INFO: ChangeSet liquibase/3.4.x.x/025-split-workflow-menus.xml::nav-015-create-vector-qa::reagan-meant ran successfully in 1ms
Running Changeset: liquibase/3.4.14.x/001-add-file-format-to-file-import-config.xml::014-001-add-file-format-to-file-import-config::openelis
Oct 08, 2026 8:55:06 AM liquibase.changelog
INFO: Columns file_format(VARCHAR(20)) added to file_import_configuration
Oct 08, 2026 8:55:06 AM liquibase.changelog
INFO: ChangeSet liquibase/3.4.14.x/001-add-file-format-to-file-import-config.xml::014-001-add-file-format-to-file-import-config::openelis ran successfully in 2ms
Running Changeset: liquibase/3.4.14.x/002-create-analyzer-file-upload.xml::014-002-create-analyzer-file-upload::openelis
Oct 08, 2026 8:55:06 AM liquibase.changelog
INFO: Table analyzer_file_upload created
Oct 08, 2026 8:55:06 AM liquibase.changelog
INFO: Index idx_analyzer_file_upload_analyzer_id created
Oct 08, 2026 8:55:06 AM liquibase.changelog
INFO: Index idx_analyzer_file_upload_created_at created
Oct 08, 2026 8:55:06 AM liquibase.changelog
INFO: ChangeSet liquibase/3.4.14.x/002-create-analyzer-file-upload.xml::014-002-create-analyzer-file-upload::openelis ran successfully in 17ms
Running Changeset: liquibase/3.4.14.x/003-create-analyzer-run.xml::014-003-create-analyzer-run::openelis
Oct 08, 2026 8:55:07 AM liquibase.changelog
INFO: Table analyzer_run created
Oct 08, 2026 8:55:07 AM liquibase.changelog
INFO: Index idx_analyzer_run_upload_id created
Oct 08, 2026 8:55:07 AM liquibase.changelog
INFO: ChangeSet liquibase/3.4.14.x/003-create-analyzer-run.xml::014-003-create-analyzer-run::openelis ran successfully in 15ms
Running Changeset: liquibase/3.4.14.x/004-fix-analyzer-fk-types-and-cascade.xml::014-004-01-fix-file-upload-fk-type::openelis
Oct 08, 2026 8:55:07 AM liquibase.changelog
INFO: Foreign key fk_analyzer_file_upload_analyzer dropped
Oct 08, 2026 8:55:07 AM liquibase.changelog
INFO: Null constraint dropped from analyzer_file_upload.analyzer_id
Oct 08, 2026 8:55:07 AM liquibase.changelog
INFO: analyzer_file_upload.analyzer_id datatype was changed to NUMERIC(10,0)
Oct 08, 2026 8:55:07 AM liquibase.changelog
INFO: Foreign key constraint added to analyzer_file_upload (analyzer_id)
Oct 08, 2026 8:55:07 AM liquibase.changelog
INFO: ChangeSet liquibase/3.4.14.x/004-fix-analyzer-fk-types-and-cascade.xml::014-004-01-fix-file-upload-fk-type::openelis ran successfully in 4ms
Running Changeset: liquibase/3.4.14.x/004-fix-analyzer-fk-types-and-cascade.xml::014-004-02-fix-notebook-fk-type::openelis
Oct 08, 2026 8:55:07 AM liquibase.changelog
INFO: Foreign key fk_analysers_analyser dropped
Oct 08, 2026 8:55:07 AM liquibase.changelog
INFO: notebook_analysers.analyser_id datatype was changed to NUMERIC(10,0)
Oct 08, 2026 8:55:07 AM liquibase.changelog
INFO: Foreign key constraint added to notebook_analysers (analyser_id)
Oct 08, 2026 8:55:07 AM liquibase.changelog
INFO: ChangeSet liquibase/3.4.14.x/004-fix-analyzer-fk-types-and-cascade.xml::014-004-02-fix-notebook-fk-type::openelis ran successfully in 2ms
Running Changeset: liquibase/3.4.14.x/004-fix-analyzer-fk-types-and-cascade.xml::014-004-03-add-cascade-to-config-fks::openelis
Oct 08, 2026 8:55:07 AM liquibase.changelog
INFO: Custom SQL executed
Oct 08, 2026 8:55:07 AM liquibase.changelog
INFO: ChangeSet liquibase/3.4.14.x/004-fix-analyzer-fk-types-and-cascade.xml::014-004-03-add-cascade-to-config-fks::openelis ran successfully in 9ms
Running Changeset: liquibase/3.4.14.x/004-fix-analyzer-fk-types-and-cascade.xml::014-004-04-cascade-analyzer-field-children::openelis
Oct 08, 2026 8:55:07 AM liquibase.changelog
INFO: Custom SQL executed
Oct 08, 2026 8:55:07 AM liquibase.changelog
INFO: ChangeSet liquibase/3.4.14.x/004-fix-analyzer-fk-types-and-cascade.xml::014-004-04-cascade-analyzer-field-children::openelis ran successfully in 3ms
Running Changeset: liquibase/3.4.14.x/004-fix-analyzer-fk-types-and-cascade.xml::014-004-05-set-null-analyzer-error::openelis
Oct 08, 2026 8:55:07 AM liquibase.changelog
INFO: Foreign key fk_analyzer_error_analyzer dropped
Oct 08, 2026 8:55:07 AM liquibase.changelog
INFO: Null constraint dropped from analyzer_error.analyzer_id
Oct 08, 2026 8:55:07 AM liquibase.changelog
INFO: Foreign key constraint added to analyzer_error (analyzer_id)
Oct 08, 2026 8:55:07 AM liquibase.changelog
INFO: ChangeSet liquibase/3.4.14.x/004-fix-analyzer-fk-types-and-cascade.xml::014-004-05-set-null-analyzer-error::openelis ran successfully in 4ms
Running Changeset: liquibase/3.4.14.x/004-fix-analyzer-fk-types-and-cascade.xml::014-004-06-restrict-analyzer-results::openelis
Oct 08, 2026 8:55:07 AM liquibase.changelog
INFO: Custom SQL executed
Oct 08, 2026 8:55:07 AM liquibase.changelog
INFO: ChangeSet liquibase/3.4.14.x/004-fix-analyzer-fk-types-and-cascade.xml::014-004-06-restrict-analyzer-results::openelis ran successfully in 2ms
Running Changeset: liquibase/3.4.14.x/005-analyzer-communication-mode.xml::013-analyzer-communication-mode::pmanko
Oct 08, 2026 8:55:07 AM liquibase.changelog
INFO: Columns communication_mode(VARCHAR(25)) added to analyzer
Oct 08, 2026 8:55:07 AM liquibase.changelog
INFO: ChangeSet liquibase/3.4.14.x/005-analyzer-communication-mode.xml::013-analyzer-communication-mode::pmanko ran successfully in 2ms
Running Changeset: liquibase/3.4.14.x/006-per-analyzer-test-mappings.xml::013-006-01-resolve-analyzer-id::ogc-492
Oct 08, 2026 8:55:07 AM liquibase.changelog
INFO: Custom SQL executed
Oct 08, 2026 8:55:07 AM liquibase.changelog
INFO: ChangeSet liquibase/3.4.14.x/006-per-analyzer-test-mappings.xml::013-006-01-resolve-analyzer-id::ogc-492 ran successfully in 3ms
Running Changeset: liquibase/3.4.14.x/006-per-analyzer-test-mappings.xml::013-006-02-deduplicate-on-analyzer-id::ogc-492
Oct 08, 2026 8:55:07 AM liquibase.changelog
INFO: Custom SQL executed
Oct 08, 2026 8:55:07 AM liquibase.changelog
INFO: ChangeSet liquibase/3.4.14.x/006-per-analyzer-test-mappings.xml::013-006-02-deduplicate-on-analyzer-id::ogc-492 ran successfully in 1ms
Running Changeset: liquibase/3.4.14.x/006-per-analyzer-test-mappings.xml::013-006-03-drop-type-pk::ogc-492
Oct 08, 2026 8:55:07 AM liquibase.changelog
INFO: Primary key dropped from analyzer_test_map
Oct 08, 2026 8:55:07 AM liquibase.changelog
INFO: Custom SQL executed
Oct 08, 2026 8:55:07 AM liquibase.changelog
INFO: ChangeSet liquibase/3.4.14.x/006-per-analyzer-test-mappings.xml::013-006-03-drop-type-pk::ogc-492 ran successfully in 4ms
Running Changeset: liquibase/3.4.14.x/006-per-analyzer-test-mappings.xml::013-006-04-create-analyzer-pk::ogc-492
Oct 08, 2026 8:55:07 AM liquibase.changelog
INFO: NOT NULL constraint has been added to analyzer_test_map.analyzer_id
Oct 08, 2026 8:55:07 AM liquibase.changelog
INFO: Primary key added to analyzer_test_map (analyzer_id, analyzer_test_name)
Oct 08, 2026 8:55:07 AM liquibase.changelog
INFO: Foreign key constraint added to analyzer_test_map (analyzer_id)
Oct 08, 2026 8:55:07 AM liquibase.changelog
INFO: ChangeSet liquibase/3.4.14.x/006-per-analyzer-test-mappings.xml::013-006-04-create-analyzer-pk::ogc-492 ran successfully in 4ms
Running Changeset: liquibase/3.4.14.x/006-per-analyzer-test-mappings.xml::013-006-05-drop-type-column::ogc-492
Oct 08, 2026 8:55:07 AM liquibase.changelog
INFO: Column analyzer_test_map.analyzer_type_id dropped
Oct 08, 2026 8:55:07 AM liquibase.changelog
INFO: ChangeSet liquibase/3.4.14.x/006-per-analyzer-test-mappings.xml::013-006-05-drop-type-column::ogc-492 ran successfully in 2ms
Running Changeset: liquibase/3.4.14.x/007-unify-analyzer-transport-config.xml::013-007-01-add-file-columns-to-analyzer::ogc-492
Oct 08, 2026 8:55:07 AM liquibase.changelog
INFO: Columns import_directory(VARCHAR(500)),file_pattern(VARCHAR(100)),column_mappings_json(TEXT),file_format(VARCHAR(30)) added to analyzer
Oct 08, 2026 8:55:07 AM liquibase.changelog
INFO: ChangeSet liquibase/3.4.14.x/007-unify-analyzer-transport-config.xml::013-007-01-add-file-columns-to-analyzer::ogc-492 ran successfully in 2ms
Running Changeset: liquibase/3.4.14.x/007-unify-analyzer-transport-config.xml::013-007-02-migrate-file-config-to-analyzer::ogc-492
Oct 08, 2026 8:55:07 AM liquibase.changelog
INFO: Custom SQL executed
Oct 08, 2026 8:55:07 AM liquibase.changelog
INFO: ChangeSet liquibase/3.4.14.x/007-unify-analyzer-transport-config.xml::013-007-02-migrate-file-config-to-analyzer::ogc-492 ran successfully in 2ms
Running Changeset: liquibase/3.4.14.x/008-analyzer-test-map-cascade-delete.xml::008-1-analyzer-test-map-cascade-delete::pmanko
Oct 08, 2026 8:55:07 AM liquibase.changelog
INFO: Foreign key analyzer_test_map_analyzer_fk dropped
Oct 08, 2026 8:55:07 AM liquibase.changelog
INFO: Foreign key constraint added to analyzer_test_map (analyzer_id)
Oct 08, 2026 8:55:07 AM liquibase.changelog
INFO: ChangeSet liquibase/3.4.14.x/008-analyzer-test-map-cascade-delete.xml::008-1-analyzer-test-map-cascade-delete::pmanko ran successfully in 19ms
Running Changeset: liquibase/3.4.14.x/009-analyzer-discovered-source-id.xml::013-009-01::OGC-526
Oct 08, 2026 8:55:07 AM liquibase.changelog
INFO: Columns discovered_source_id(VARCHAR(500)) added to analyzer
Oct 08, 2026 8:55:07 AM liquibase.changelog
INFO: ChangeSet liquibase/3.4.14.x/009-analyzer-discovered-source-id.xml::013-009-01::OGC-526 ran successfully in 1ms
Running Changeset: liquibase/3.4.14.x/009-analyzer-discovered-source-id.xml::013-009-02::OGC-526
Oct 08, 2026 8:55:07 AM liquibase.changelog
INFO: Custom SQL executed
Oct 08, 2026 8:55:07 AM liquibase.changelog
INFO: ChangeSet liquibase/3.4.14.x/009-analyzer-discovered-source-id.xml::013-009-02::OGC-526 ran successfully in 2ms
Running Changeset: liquibase/3.4.14.x/009-analyzer-discovered-source-id.xml::013-009-03::OGC-526
Oct 08, 2026 8:55:07 AM liquibase.changelog
INFO: Index idx_analyzer_discovered_source_id created
Oct 08, 2026 8:55:07 AM liquibase.changelog
INFO: ChangeSet liquibase/3.4.14.x/009-analyzer-discovered-source-id.xml::013-009-03::OGC-526 ran successfully in 1ms
Running Changeset: liquibase/3.4.14.x/010-add-skip-rows-to-file-import-config.xml::010-add-skip-rows-to-file-import-config::pmanko
Oct 08, 2026 8:55:07 AM liquibase.changelog
INFO: Columns skip_rows(INTEGER) added to file_import_configuration
Oct 08, 2026 8:55:07 AM liquibase.changelog
INFO: Data updated in file_import_configuration
Oct 08, 2026 8:55:07 AM liquibase.changelog
INFO: NOT NULL constraint has been added to file_import_configuration.skip_rows
Oct 08, 2026 8:55:07 AM liquibase.changelog
INFO: ChangeSet liquibase/3.4.14.x/010-add-skip-rows-to-file-import-config.xml::010-add-skip-rows-to-file-import-config::pmanko ran successfully in 3ms
Running Changeset: liquibase/3.4.14.x/011-complete-file-config-unification.xml::011-complete-file-config-unification::pmanko
Oct 08, 2026 8:55:07 AM liquibase.changelog
INFO: Columns delimiter(VARCHAR(10)),has_header(BOOLEAN),skip_rows(INTEGER),archive_directory(VARCHAR(500)),error_directory(VARCHAR(500)) added to analyzer
Oct 08, 2026 8:55:07 AM liquibase.changelog
INFO: ChangeSet liquibase/3.4.14.x/011-complete-file-config-unification.xml::011-complete-file-config-unification::pmanko ran successfully in 2ms
Running Changeset: liquibase/3.4.14.x/011-complete-file-config-unification.xml::011-migrate-fic-data-to-analyzer::pmanko
Oct 08, 2026 8:55:07 AM liquibase.changelog
INFO: Custom SQL executed
Oct 08, 2026 8:55:07 AM liquibase.changelog
INFO: ChangeSet liquibase/3.4.14.x/011-complete-file-config-unification.xml::011-migrate-fic-data-to-analyzer::pmanko ran successfully in 1ms
Running Changeset: liquibase/3.4.14.x/012-drop-analyzer-archive-error-directories.xml::012-drop-analyzer-archive-error-directories::pmanko
Oct 08, 2026 8:55:07 AM liquibase.changelog
INFO: Column analyzer.archive_directory dropped
Oct 08, 2026 8:55:07 AM liquibase.changelog
INFO: Column analyzer.error_directory dropped
Oct 08, 2026 8:55:07 AM liquibase.changelog
INFO: ChangeSet liquibase/3.4.14.x/012-drop-analyzer-archive-error-directories.xml::012-drop-analyzer-archive-error-directories::pmanko ran successfully in 1ms
Running Changeset: liquibase/3.4.14.x/014-drop-analyzer-default-test-code.xml::014-drop-analyzer-default-test-code::pmanko
Oct 08, 2026 8:55:07 AM liquibase.changelog
INFO: Marking ChangeSet: liquibase/3.4.14.x/014-drop-analyzer-default-test-code.xml::014-drop-analyzer-default-test-code::pmanko ran despite precondition failure due to onFail='MARK_RAN': 
          liquibase/base-changelog.xml : Column clinlims.analyzer.default_test_code does not exist

Running Changeset: liquibase/3.5.x.x/001-generic-localization-system.xml::3.5.0-001-create-supported-locale-seq::reagan-meant
Oct 08, 2026 8:55:07 AM liquibase.changelog
INFO: Sequence supported_locale_seq created
Oct 08, 2026 8:55:07 AM liquibase.changelog
INFO: ChangeSet liquibase/3.5.x.x/001-generic-localization-system.xml::3.5.0-001-create-supported-locale-seq::reagan-meant ran successfully in 14ms
Running Changeset: liquibase/3.5.x.x/001-generic-localization-system.xml::3.5.0-002-create-localization-value-seq::reagan-meant
Oct 08, 2026 8:55:07 AM liquibase.changelog
INFO: Sequence localization_value_seq created
Oct 08, 2026 8:55:07 AM liquibase.changelog
INFO: ChangeSet liquibase/3.5.x.x/001-generic-localization-system.xml::3.5.0-002-create-localization-value-seq::reagan-meant ran successfully in 12ms
Running Changeset: liquibase/3.5.x.x/001-generic-localization-system.xml::3.5.0-003-create-supported-locale-table::reagan-meant
Oct 08, 2026 8:55:07 AM liquibase.changelog
INFO: Table supported_locale created
Oct 08, 2026 8:55:07 AM liquibase.changelog
INFO: ChangeSet liquibase/3.5.x.x/001-generic-localization-system.xml::3.5.0-003-create-supported-locale-table::reagan-meant ran successfully in 14ms
Running Changeset: liquibase/3.5.x.x/001-generic-localization-system.xml::3.5.0-004-create-localization-value-table::reagan-meant
Oct 08, 2026 8:55:07 AM liquibase.changelog
INFO: Table localization_value created
Oct 08, 2026 8:55:07 AM liquibase.changelog
INFO: Unique constraint added to localization_value(localization_id, locale)
Oct 08, 2026 8:55:07 AM liquibase.changelog
INFO: ChangeSet liquibase/3.5.x.x/001-generic-localization-system.xml::3.5.0-004-create-localization-value-table::reagan-meant ran successfully in 15ms
Running Changeset: liquibase/3.5.x.x/001-generic-localization-system.xml::3.5.0-005-create-localization-value-indexes::reagan-meant
Oct 08, 2026 8:55:07 AM liquibase.changelog
INFO: Index idx_localization_value_locale created
Oct 08, 2026 8:55:07 AM liquibase.changelog
INFO: Index idx_localization_value_localization_id created
Oct 08, 2026 8:55:07 AM liquibase.changelog
INFO: ChangeSet liquibase/3.5.x.x/001-generic-localization-system.xml::3.5.0-005-create-localization-value-indexes::reagan-meant ran successfully in 3ms
Running Changeset: liquibase/3.5.x.x/001-generic-localization-system.xml::3.5.0-006-seed-supported-locales::reagan-meant
Oct 08, 2026 8:55:07 AM liquibase.changelog
INFO: New row inserted into supported_locale
Oct 08, 2026 8:55:07 AM liquibase.changelog
INFO: New row inserted into supported_locale
Oct 08, 2026 8:55:07 AM liquibase.changelog
INFO: ChangeSet liquibase/3.5.x.x/001-generic-localization-system.xml::3.5.0-006-seed-supported-locales::reagan-meant ran successfully in 3ms
Running Changeset: liquibase/3.5.x.x/001-generic-localization-system.xml::3.5.0-007-migrate-english-translations::reagan-meant
Oct 08, 2026 8:55:07 AM liquibase.changelog
INFO: Custom SQL executed
Oct 08, 2026 8:55:07 AM liquibase.changelog
INFO: ChangeSet liquibase/3.5.x.x/001-generic-localization-system.xml::3.5.0-007-migrate-english-translations::reagan-meant ran successfully in 5ms
Running Changeset: liquibase/3.5.x.x/001-generic-localization-system.xml::3.5.0-008-migrate-french-translations::reagan-meant
Oct 08, 2026 8:55:07 AM liquibase.changelog
INFO: Custom SQL executed
Oct 08, 2026 8:55:07 AM liquibase.changelog
INFO: ChangeSet liquibase/3.5.x.x/001-generic-localization-system.xml::3.5.0-008-migrate-french-translations::reagan-meant ran successfully in 4ms
Running Changeset: liquibase/3.5.x.x/001-generic-localization-system.xml::3.5.0-009-add-dictionary-localization::reagan-meant
Oct 08, 2026 8:55:07 AM liquibase.changelog
INFO: Custom SQL executed
Oct 08, 2026 8:55:07 AM liquibase.changelog
INFO: ChangeSet liquibase/3.5.x.x/001-generic-localization-system.xml::3.5.0-009-add-dictionary-localization::reagan-meant ran successfully in 13ms
Running Changeset: liquibase/3.5.x.x/001-generic-localization-system.xml::3.5.0-010-verify-data-migrated::reagan-meant
Oct 08, 2026 8:55:07 AM liquibase.changelog
INFO: Custom SQL executed
Oct 08, 2026 8:55:07 AM liquibase.changelog
INFO: ChangeSet liquibase/3.5.x.x/001-generic-localization-system.xml::3.5.0-010-verify-data-migrated::reagan-meant ran successfully in 2ms
Running Changeset: liquibase/3.5.x.x/001-generic-localization-system.xml::3.5.0-011-drop-english-column::reagan-meant
Oct 08, 2026 8:55:07 AM liquibase.changelog
INFO: Column localization.english dropped
Oct 08, 2026 8:55:07 AM liquibase.changelog
INFO: ChangeSet liquibase/3.5.x.x/001-generic-localization-system.xml::3.5.0-011-drop-english-column::reagan-meant ran successfully in 1ms
Running Changeset: liquibase/3.5.x.x/001-generic-localization-system.xml::3.5.0-012-drop-french-column::reagan-meant
Oct 08, 2026 8:55:07 AM liquibase.changelog
INFO: Column localization.french dropped
Oct 08, 2026 8:55:07 AM liquibase.changelog
INFO: ChangeSet liquibase/3.5.x.x/001-generic-localization-system.xml::3.5.0-012-drop-french-column::reagan-meant ran successfully in 1ms
Running Changeset: liquibase/3.5.x.x/002-eqa-enabled-config.xml::EQA-001-2026-03-17-1::mosesmutesasira
Oct 08, 2026 8:55:07 AM liquibase.changelog
INFO: New row inserted into site_information
Oct 08, 2026 8:55:07 AM liquibase.changelog
INFO: ChangeSet liquibase/3.5.x.x/002-eqa-enabled-config.xml::EQA-001-2026-03-17-1::mosesmutesasira ran successfully in 1ms
Running Changeset: liquibase/3.5.x.x/002-nce-enhancement.xml::nce-001-enhance-nc-event::reagan-meant
Oct 08, 2026 8:55:07 AM liquibase.changelog
INFO: Columns title(VARCHAR(200)),immediate_action(TEXT),severity(VARCHAR(20)),last_updated(TIMESTAMP) added to nc_event
Oct 08, 2026 8:55:07 AM liquibase.changelog
INFO: ChangeSet liquibase/3.5.x.x/002-nce-enhancement.xml::nce-001-enhance-nc-event::reagan-meant ran successfully in 3ms
Running Changeset: liquibase/3.5.x.x/002-nce-enhancement.xml::nce-002-nc-event-indexes::reagan-meant
Oct 08, 2026 8:55:07 AM liquibase.changelog
INFO: Index idx_nc_event_status created
Oct 08, 2026 8:55:07 AM liquibase.changelog
INFO: Index idx_nc_event_severity created
Oct 08, 2026 8:55:07 AM liquibase.changelog
INFO: ChangeSet liquibase/3.5.x.x/002-nce-enhancement.xml::nce-002-nc-event-indexes::reagan-meant ran successfully in 58ms
Running Changeset: liquibase/3.5.x.x/002-nce-enhancement.xml::nce-003-enhance-nce-action-log::reagan-meant
Oct 08, 2026 8:55:07 AM liquibase.changelog
INFO: Columns effective(BOOLEAN),review_comments(TEXT),reviewed_by(INTEGER),review_date(DATE) added to nce_action_log
Oct 08, 2026 8:55:07 AM liquibase.changelog
INFO: ChangeSet liquibase/3.5.x.x/002-nce-enhancement.xml::nce-003-enhance-nce-action-log::reagan-meant ran successfully in 3ms
Running Changeset: liquibase/3.5.x.x/002-nce-enhancement.xml::nce-004-create-nce-attachment::reagan-meant
Oct 08, 2026 8:55:07 AM liquibase.changelog
INFO: Table nce_attachment created
Oct 08, 2026 8:55:07 AM liquibase.changelog
INFO: Foreign key constraint added to nce_attachment (nce_id)
Oct 08, 2026 8:55:07 AM liquibase.changelog
INFO: Index idx_nce_attachment_nce_id created
Oct 08, 2026 8:55:07 AM liquibase.changelog
INFO: Sequence nce_attachment_seq created
Oct 08, 2026 8:55:07 AM liquibase.changelog
INFO: ChangeSet liquibase/3.5.x.x/002-nce-enhancement.xml::nce-004-create-nce-attachment::reagan-meant ran successfully in 17ms
Running Changeset: liquibase/3.5.x.x/002-nce-enhancement.xml::nce-010-reference-tables::reagan-meant
Oct 08, 2026 8:55:07 AM liquibase.changelog
INFO: Custom SQL executed
Oct 08, 2026 8:55:07 AM liquibase.changelog
INFO: ChangeSet liquibase/3.5.x.x/002-nce-enhancement.xml::nce-010-reference-tables::reagan-meant ran successfully in 2ms
Running Changeset: liquibase/3.5.x.x/002-nce-enhancement.xml::nce-011-add-nce-specimen-last-updated::reagan-meant
Oct 08, 2026 8:55:07 AM liquibase.changelog
INFO: Columns last_updated(TIMESTAMP) added to nce_specimen
Oct 08, 2026 8:55:07 AM liquibase.changelog
INFO: ChangeSet liquibase/3.5.x.x/002-nce-enhancement.xml::nce-011-add-nce-specimen-last-updated::reagan-meant ran successfully in 2ms
Running Changeset: liquibase/3.5.x.x/002-nce-enhancement.xml::nce-021-add-nce-specimen-analysis-id::reagan-meant
Oct 08, 2026 8:55:07 AM liquibase.changelog
INFO: Columns analysis_id(INTEGER) added to nce_specimen
Oct 08, 2026 8:55:07 AM liquibase.changelog
INFO: ChangeSet liquibase/3.5.x.x/002-nce-enhancement.xml::nce-021-add-nce-specimen-analysis-id::reagan-meant ran successfully in 2ms
Running Changeset: liquibase/3.5.x.x/002-nce-enhancement.xml::nce-013-add-nce-action-log-last-updated::reagan-meant
Oct 08, 2026 8:55:07 AM liquibase.changelog
INFO: Columns last_updated(TIMESTAMP) added to nce_action_log
Oct 08, 2026 8:55:07 AM liquibase.changelog
INFO: ChangeSet liquibase/3.5.x.x/002-nce-enhancement.xml::nce-013-add-nce-action-log-last-updated::reagan-meant ran successfully in 1ms
Running Changeset: liquibase/3.5.x.x/002-nce-enhancement.xml::nce-014-add-nce-category-localization::reagan-meant
Oct 08, 2026 8:55:07 AM liquibase.changelog
INFO: Columns name_localization_id(INTEGER) added to nce_category
Oct 08, 2026 8:55:07 AM liquibase.changelog
INFO: Foreign key constraint added to nce_category (name_localization_id)
Oct 08, 2026 8:55:07 AM liquibase.changelog
INFO: ChangeSet liquibase/3.5.x.x/002-nce-enhancement.xml::nce-014-add-nce-category-localization::reagan-meant ran successfully in 2ms
Running Changeset: liquibase/3.5.x.x/002-nce-enhancement.xml::nce-015-add-nce-type-localization::reagan-meant
Oct 08, 2026 8:55:07 AM liquibase.changelog
INFO: Columns name_localization_id(INTEGER) added to nce_type
Oct 08, 2026 8:55:07 AM liquibase.changelog
INFO: Foreign key constraint added to nce_type (name_localization_id)
Oct 08, 2026 8:55:07 AM liquibase.changelog
INFO: ChangeSet liquibase/3.5.x.x/002-nce-enhancement.xml::nce-015-add-nce-type-localization::reagan-meant ran successfully in 2ms
Running Changeset: liquibase/3.5.x.x/002-nce-enhancement.xml::nce-012-add-dashboard-menu::reagan-meant
Oct 08, 2026 8:55:07 AM liquibase.changelog
INFO: Custom SQL executed
Oct 08, 2026 8:55:07 AM liquibase.changelog
INFO: ChangeSet liquibase/3.5.x.x/002-nce-enhancement.xml::nce-012-add-dashboard-menu::reagan-meant ran successfully in 2ms
Running Changeset: liquibase/3.5.x.x/002-nce-enhancement.xml::nce-016-backfill-category-localization::reagan-meant
Oct 08, 2026 8:55:07 AM liquibase.changelog
INFO: Custom SQL executed
Oct 08, 2026 8:55:07 AM liquibase.changelog
INFO: ChangeSet liquibase/3.5.x.x/002-nce-enhancement.xml::nce-016-backfill-category-localization::reagan-meant ran successfully in 3ms
Running Changeset: liquibase/3.5.x.x/002-nce-enhancement.xml::nce-017-backfill-type-localization::reagan-meant
Oct 08, 2026 8:55:07 AM liquibase.changelog
INFO: Custom SQL executed
Oct 08, 2026 8:55:07 AM liquibase.changelog
INFO: ChangeSet liquibase/3.5.x.x/002-nce-enhancement.xml::nce-017-backfill-type-localization::reagan-meant ran successfully in 3ms
Running Changeset: liquibase/3.5.x.x/002-nce-enhancement.xml::nce-018-create-nce-history::reagan-meant
Oct 08, 2026 8:55:07 AM liquibase.changelog
INFO: Table nce_history created
Oct 08, 2026 8:55:07 AM liquibase.changelog
INFO: Foreign key constraint added to nce_history (nce_id)
Oct 08, 2026 8:55:07 AM liquibase.changelog
INFO: Index idx_nce_history_nce_id created
Oct 08, 2026 8:55:07 AM liquibase.changelog
INFO: Index idx_nce_history_timestamp created
Oct 08, 2026 8:55:07 AM liquibase.changelog
INFO: ChangeSet liquibase/3.5.x.x/002-nce-enhancement.xml::nce-018-create-nce-history::reagan-meant ran successfully in 16ms
Running Changeset: liquibase/3.5.x.x/002-nce-enhancement.xml::nce-020-add-assigned-to::reagan-meant
Oct 08, 2026 8:55:07 AM liquibase.changelog
INFO: Columns assigned_to(INTEGER) added to nc_event
Oct 08, 2026 8:55:07 AM liquibase.changelog
INFO: ChangeSet liquibase/3.5.x.x/002-nce-enhancement.xml::nce-020-add-assigned-to::reagan-meant ran successfully in 2ms
Running Changeset: liquibase/3.5.x.x/002-nce-enhancement.xml::nce-019-unique-nce-number::reagan-meant
Oct 08, 2026 8:55:07 AM liquibase.changelog
INFO: Unique constraint added to nc_event(nce_number)
Oct 08, 2026 8:55:07 AM liquibase.changelog
INFO: ChangeSet liquibase/3.5.x.x/002-nce-enhancement.xml::nce-019-unique-nce-number::reagan-meant ran successfully in 52ms
Running Changeset: liquibase/3.5.x.x/order-attachment.xml::order-attachment-001-create-table::mozzy
Oct 08, 2026 8:55:07 AM liquibase.changelog
INFO: Table order_attachment created
Oct 08, 2026 8:55:07 AM liquibase.changelog
INFO: Foreign key constraint added to order_attachment (sample_id)
Oct 08, 2026 8:55:07 AM liquibase.changelog
INFO: Index idx_order_attachment_sample_id created
Oct 08, 2026 8:55:07 AM liquibase.changelog
INFO: Sequence order_attachment_seq created
Oct 08, 2026 8:55:07 AM liquibase.changelog
INFO: ChangeSet liquibase/3.5.x.x/order-attachment.xml::order-attachment-001-create-table::mozzy ran successfully in 16ms
Running Changeset: liquibase/3.5.x.x/002a-resync-menu-seq.xml::resync-menu-seq-after-nce-012::pmanko
Oct 08, 2026 8:55:07 AM liquibase.changelog
INFO: Custom SQL executed
Oct 08, 2026 8:55:07 AM liquibase.changelog
INFO: ChangeSet liquibase/3.5.x.x/002a-resync-menu-seq.xml::resync-menu-seq-after-nce-012::pmanko ran successfully in 1ms
Running Changeset: liquibase/3.5.x.x/003-calendar-management.xml::tat-003-01::tat-module
Oct 08, 2026 8:55:07 AM liquibase.changelog
INFO: Sequence public_holiday_seq created
Oct 08, 2026 8:55:07 AM liquibase.changelog
INFO: Table public_holiday created
Oct 08, 2026 8:55:07 AM liquibase.changelog
INFO: ChangeSet liquibase/3.5.x.x/003-calendar-management.xml::tat-003-01::tat-module ran successfully in 14ms
Running Changeset: liquibase/3.5.x.x/003-calendar-management.xml::tat-003-02::tat-module
Oct 08, 2026 8:55:07 AM liquibase.changelog
INFO: Sequence weekend_config_seq created
Oct 08, 2026 8:55:07 AM liquibase.changelog
INFO: Table weekend_config created
Oct 08, 2026 8:55:07 AM liquibase.changelog
INFO: New row inserted into weekend_config
Oct 08, 2026 8:55:07 AM liquibase.changelog
INFO: New row inserted into weekend_config
Oct 08, 2026 8:55:07 AM liquibase.changelog
INFO: New row inserted into weekend_config
Oct 08, 2026 8:55:07 AM liquibase.changelog
INFO: New row inserted into weekend_config
Oct 08, 2026 8:55:07 AM liquibase.changelog
INFO: New row inserted into weekend_config
Oct 08, 2026 8:55:07 AM liquibase.changelog
INFO: New row inserted into weekend_config
Oct 08, 2026 8:55:07 AM liquibase.changelog
INFO: New row inserted into weekend_config
Oct 08, 2026 8:55:07 AM liquibase.changelog
INFO: ChangeSet liquibase/3.5.x.x/003-calendar-management.xml::tat-003-02::tat-module ran successfully in 17ms
Running Changeset: liquibase/3.5.x.x/003-calendar-management.xml::tat-003-03::tat-module
Oct 08, 2026 8:55:07 AM liquibase.changelog
INFO: New row inserted into system_module
Oct 08, 2026 8:55:07 AM liquibase.changelog
INFO: ChangeSet liquibase/3.5.x.x/003-calendar-management.xml::tat-003-03::tat-module ran successfully in 1ms
Running Changeset: liquibase/3.5.x.x/003-calendar-management.xml::tat-003-04::tat-module
Oct 08, 2026 8:55:07 AM liquibase.changelog
INFO: New row inserted into system_module
Oct 08, 2026 8:55:07 AM liquibase.changelog
INFO: ChangeSet liquibase/3.5.x.x/003-calendar-management.xml::tat-003-04::tat-module ran successfully in 1ms
Running Changeset: liquibase/3.5.x.x/003-audit-trail-menu.xml::add-audit-trail-menu-entry::systemLevelAudit
Oct 08, 2026 8:55:07 AM liquibase.changelog
INFO: Custom SQL executed
Oct 08, 2026 8:55:07 AM liquibase.changelog
INFO: ChangeSet liquibase/3.5.x.x/003-audit-trail-menu.xml::add-audit-trail-menu-entry::systemLevelAudit ran successfully in 1ms
Running Changeset: liquibase/3.5.x.x/003-audit-trail-menu.xml::deactivate-old-audit-trail-menu-entries::systemLevelAudit
Oct 08, 2026 8:55:07 AM liquibase.changelog
INFO: Custom SQL executed
Oct 08, 2026 8:55:07 AM liquibase.changelog
INFO: ChangeSet liquibase/3.5.x.x/003-audit-trail-menu.xml::deactivate-old-audit-trail-menu-entries::systemLevelAudit ran successfully in 1ms
Running Changeset: liquibase/3.5.x.x/003-audit-trail-menu.xml::add-audit-trail-sidenav-children::systemLevelAudit
Oct 08, 2026 8:55:07 AM liquibase.changelog
INFO: Custom SQL executed
Oct 08, 2026 8:55:07 AM liquibase.changelog
INFO: ChangeSet liquibase/3.5.x.x/003-audit-trail-menu.xml::add-audit-trail-sidenav-children::systemLevelAudit ran successfully in 1ms
Running Changeset: liquibase/3.5.x.x/003-audit-trail-menu.xml::add-history-indexes-for-system-audit::systemLevelAudit
Oct 08, 2026 8:55:07 AM liquibase.changelog
INFO: Custom SQL executed
Oct 08, 2026 8:55:07 AM liquibase.changelog
INFO: ChangeSet liquibase/3.5.x.x/003-audit-trail-menu.xml::add-history-indexes-for-system-audit::systemLevelAudit ran successfully in 2ms
Running Changeset: liquibase/3.5.x.x/004-electronic-signature.xml::esig-001-create-electronic-signature-table::openelisdev
Oct 08, 2026 8:55:07 AM liquibase.changelog
INFO: Table electronic_signature created
Oct 08, 2026 8:55:07 AM liquibase.changelog
INFO: Default value added to electronic_signature.last_updated
Oct 08, 2026 8:55:07 AM liquibase.changelog
INFO: ChangeSet liquibase/3.5.x.x/004-electronic-signature.xml::esig-001-create-electronic-signature-table::openelisdev ran successfully in 15ms
Running Changeset: liquibase/3.5.x.x/004-electronic-signature.xml::esig-002-create-electronic-signature-sequence::openelisdev
Oct 08, 2026 8:55:07 AM liquibase.changelog
INFO: Sequence electronic_signature_seq created
Oct 08, 2026 8:55:07 AM liquibase.changelog
INFO: ChangeSet liquibase/3.5.x.x/004-electronic-signature.xml::esig-002-create-electronic-signature-sequence::openelisdev ran successfully in 11ms
Running Changeset: liquibase/3.5.x.x/004-electronic-signature.xml::esig-003-add-signer-foreign-key::openelisdev
Oct 08, 2026 8:55:07 AM liquibase.changelog
INFO: Foreign key constraint added to electronic_signature (signer_id)
Oct 08, 2026 8:55:07 AM liquibase.changelog
INFO: ChangeSet liquibase/3.5.x.x/004-electronic-signature.xml::esig-003-add-signer-foreign-key::openelisdev ran successfully in 57ms
Running Changeset: liquibase/3.5.x.x/004-electronic-signature.xml::esig-004-create-electronic-signature-indexes::openelisdev
Oct 08, 2026 8:55:07 AM liquibase.changelog
INFO: Index idx_esig_record created
Oct 08, 2026 8:55:07 AM liquibase.changelog
INFO: Index idx_esig_signer created
Oct 08, 2026 8:55:07 AM liquibase.changelog
INFO: Index idx_esig_signed_at created
Oct 08, 2026 8:55:07 AM liquibase.changelog
INFO: Index idx_esig_meaning created
Oct 08, 2026 8:55:07 AM liquibase.changelog
INFO: ChangeSet liquibase/3.5.x.x/004-electronic-signature.xml::esig-004-create-electronic-signature-indexes::openelisdev ran successfully in 52ms
Running Changeset: liquibase/3.5.x.x/004-electronic-signature.xml::esig-005-add-electronic-signature-immutability-trigger::openelisdev
Oct 08, 2026 8:55:07 AM liquibase.changelog
INFO: Custom SQL executed
Oct 08, 2026 8:55:07 AM liquibase.changelog
INFO: Custom SQL executed
Oct 08, 2026 8:55:07 AM liquibase.changelog
INFO: Custom SQL executed
Oct 08, 2026 8:55:07 AM liquibase.changelog
INFO: ChangeSet liquibase/3.5.x.x/004-electronic-signature.xml::esig-005-add-electronic-signature-immutability-trigger::openelisdev ran successfully in 3ms
Running Changeset: liquibase/3.5.x.x/004-electronic-signature.xml::esig-006-create-first-use-certification-table::openelisdev
Oct 08, 2026 8:55:07 AM liquibase.changelog
INFO: Table esig_first_use_certification created
Oct 08, 2026 8:55:07 AM liquibase.changelog
INFO: Default value added to esig_first_use_certification.last_updated
Oct 08, 2026 8:55:07 AM liquibase.changelog
INFO: ChangeSet liquibase/3.5.x.x/004-electronic-signature.xml::esig-006-create-first-use-certification-table::openelisdev ran successfully in 15ms
Running Changeset: liquibase/3.5.x.x/004-electronic-signature.xml::esig-007-create-first-use-certification-sequence::openelisdev
Oct 08, 2026 8:55:07 AM liquibase.changelog
INFO: Sequence esig_first_use_certification_seq created
Oct 08, 2026 8:55:07 AM liquibase.changelog
INFO: ChangeSet liquibase/3.5.x.x/004-electronic-signature.xml::esig-007-create-first-use-certification-sequence::openelisdev ran successfully in 10ms
Running Changeset: liquibase/3.5.x.x/004-electronic-signature.xml::esig-008-create-first-use-certification-index::openelisdev
Oct 08, 2026 8:55:07 AM liquibase.changelog
INFO: Index idx_esig_cert_user created
Oct 08, 2026 8:55:07 AM liquibase.changelog
INFO: ChangeSet liquibase/3.5.x.x/004-electronic-signature.xml::esig-008-create-first-use-certification-index::openelisdev ran successfully in 58ms
Running Changeset: liquibase/3.5.x.x/004-electronic-signature.xml::esig-009-resync-reference-tables-seq::pmanko
Oct 08, 2026 8:55:07 AM liquibase.changelog
INFO: Custom SQL executed
Oct 08, 2026 8:55:07 AM liquibase.changelog
INFO: ChangeSet liquibase/3.5.x.x/004-electronic-signature.xml::esig-009-resync-reference-tables-seq::pmanko ran successfully in 1ms
Running Changeset: liquibase/3.5.x.x/004-electronic-signature.xml::esig-010-register-electronic-signature-reference-table::openelisdev
Oct 08, 2026 8:55:07 AM liquibase.changelog
INFO: Custom SQL executed
Oct 08, 2026 8:55:07 AM liquibase.changelog
INFO: ChangeSet liquibase/3.5.x.x/004-electronic-signature.xml::esig-010-register-electronic-signature-reference-table::openelisdev ran successfully in 2ms
Running Changeset: liquibase/3.5.x.x/004-electronic-signature.xml::esig-011-register-first-use-certification-reference-table::openelisdev
Oct 08, 2026 8:55:07 AM liquibase.changelog
INFO: Custom SQL executed
Oct 08, 2026 8:55:07 AM liquibase.changelog
INFO: ChangeSet liquibase/3.5.x.x/004-electronic-signature.xml::esig-011-register-first-use-certification-reference-table::openelisdev ran successfully in 1ms
Running Changeset: liquibase/3.5.x.x/004-electronic-signature.xml::esig-012-add-site-information-toggle::openelisdev
Oct 08, 2026 8:55:07 AM liquibase.changelog
INFO: New row inserted into site_information
Oct 08, 2026 8:55:07 AM liquibase.changelog
INFO: ChangeSet liquibase/3.5.x.x/004-electronic-signature.xml::esig-012-add-site-information-toggle::openelisdev ran successfully in 1ms
Running Changeset: liquibase/3.5.x.x/004-electronic-signature.xml::esig-013-add-session-timeout-setting::openelisdev
Oct 08, 2026 8:55:07 AM liquibase.changelog
INFO: New row inserted into site_information
Oct 08, 2026 8:55:07 AM liquibase.changelog
INFO: ChangeSet liquibase/3.5.x.x/004-electronic-signature.xml::esig-013-add-session-timeout-setting::openelisdev ran successfully in 1ms
Running Changeset: liquibase/3.5.x.x/004-electronic-signature.xml::esig-014-add-table-comments::openelisdev
Oct 08, 2026 8:55:07 AM liquibase.changelog
INFO: Custom SQL executed
Oct 08, 2026 8:55:07 AM liquibase.changelog
INFO: Custom SQL executed
Oct 08, 2026 8:55:07 AM liquibase.changelog
INFO: Custom SQL executed
Oct 08, 2026 8:55:07 AM liquibase.changelog
INFO: Custom SQL executed
Oct 08, 2026 8:55:07 AM liquibase.changelog
INFO: Custom SQL executed
Oct 08, 2026 8:55:07 AM liquibase.changelog
INFO: Custom SQL executed
Oct 08, 2026 8:55:07 AM liquibase.changelog
INFO: ChangeSet liquibase/3.5.x.x/004-electronic-signature.xml::esig-014-add-table-comments::openelisdev ran successfully in 4ms
Running Changeset: liquibase/3.5.x.x/003-add-sampling-site-org-type.xml::20260407-002::reagan-meant
Oct 08, 2026 8:55:07 AM liquibase.changelog
INFO: New row inserted into organization_type
Oct 08, 2026 8:55:07 AM liquibase.changelog
INFO: ChangeSet liquibase/3.5.x.x/003-add-sampling-site-org-type.xml::20260407-002::reagan-meant ran successfully in 1ms
Running Changeset: liquibase/3.5.x.x/004-create-site-code-sequence.xml::20260408-001::reagan-meant
Oct 08, 2026 8:55:07 AM liquibase.changelog
INFO: Sequence site_code_seq created
Oct 08, 2026 8:55:07 AM liquibase.changelog
INFO: ChangeSet liquibase/3.5.x.x/004-create-site-code-sequence.xml::20260408-001::reagan-meant ran successfully in 11ms
Running Changeset: liquibase/3.5.x.x/005-tat-report-menu.xml::add-tat-report-menu-entry::tat-module
Oct 08, 2026 8:55:07 AM liquibase.changelog
INFO: Custom SQL executed
Oct 08, 2026 8:55:07 AM liquibase.changelog
INFO: ChangeSet liquibase/3.5.x.x/005-tat-report-menu.xml::add-tat-report-menu-entry::tat-module ran successfully in 1ms
Running Changeset: liquibase/3.5.x.x/006-storage-sidenav-rename.xml::rename-storage-samples-sidenav::locationPickerRefactor
Oct 08, 2026 8:55:07 AM liquibase.changelog
INFO: Custom SQL executed
Oct 08, 2026 8:55:07 AM liquibase.changelog
INFO: ChangeSet liquibase/3.5.x.x/006-storage-sidenav-rename.xml::rename-storage-samples-sidenav::locationPickerRefactor ran successfully in 1ms
Running Changeset: liquibase/3.5.x.x/003-daemon-system-user.xml::20260331-001-add-daemon-system-user::openelis
Oct 08, 2026 8:55:07 AM liquibase.changelog
INFO: New row inserted into system_user
Oct 08, 2026 8:55:07 AM liquibase.changelog
INFO: ChangeSet liquibase/3.5.x.x/003-daemon-system-user.xml::20260331-001-add-daemon-system-user::openelis ran successfully in 2ms
Running Changeset: liquibase/3.5.x.x/004-analysis-analyzer-id.xml::3.5.0-003-add-analysis-analyzer-id-column::pmanko
Oct 08, 2026 8:55:07 AM liquibase.changelog
INFO: Columns analyzer_id(numeric(10)) added to analysis
Oct 08, 2026 8:55:07 AM liquibase.changelog
INFO: ChangeSet liquibase/3.5.x.x/004-analysis-analyzer-id.xml::3.5.0-003-add-analysis-analyzer-id-column::pmanko ran successfully in 1ms
Running Changeset: liquibase/3.5.x.x/004-analysis-analyzer-id.xml::3.5.0-003-add-analysis-analyzer-id-fk::pmanko
Oct 08, 2026 8:55:07 AM liquibase.changelog
INFO: Foreign key constraint added to analysis (analyzer_id)
Oct 08, 2026 8:55:07 AM liquibase.changelog
INFO: ChangeSet liquibase/3.5.x.x/004-analysis-analyzer-id.xml::3.5.0-003-add-analysis-analyzer-id-fk::pmanko ran successfully in 63ms
Running Changeset: liquibase/3.5.x.x/004-analysis-analyzer-id.xml::3.5.0-003-add-analyzer-fhir-uuid::pmanko
Oct 08, 2026 8:55:07 AM liquibase.changelog
INFO: Columns fhir_uuid(uuid) added to analyzer
Oct 08, 2026 8:55:07 AM liquibase.changelog
INFO: ChangeSet liquibase/3.5.x.x/004-analysis-analyzer-id.xml::3.5.0-003-add-analyzer-fhir-uuid::pmanko ran successfully in 2ms
Running Changeset: liquibase/3.5.x.x/004-analysis-analyzer-id.xml::3.5.0-003-backfill-analyzer-fhir-uuid::pmanko
Oct 08, 2026 8:55:07 AM liquibase.changelog
INFO: Marking ChangeSet: liquibase/3.5.x.x/004-analysis-analyzer-id.xml::3.5.0-003-backfill-analyzer-fhir-uuid::pmanko ran despite precondition failure due to onFail='MARK_RAN': 
          liquibase/base-changelog.xml : Not precondition failed

Running Changeset: liquibase/3.5.x.x/add_storage_skipped_to_sample.xml::20260407-001::reagan-meant
Oct 08, 2026 8:55:07 AM liquibase.changelog
INFO: Columns storage_skipped(boolean) added to sample
Oct 08, 2026 8:55:07 AM liquibase.changelog
INFO: ChangeSet liquibase/3.5.x.x/add_storage_skipped_to_sample.xml::20260407-001::reagan-meant ran successfully in 1ms
Running Changeset: liquibase/3.5.x.x/shipment-001-create-shipping-box-table.xml::shipment-001-create-sequence::pkomena
Oct 08, 2026 8:55:07 AM liquibase.changelog
INFO: Sequence shipping_box_seq created
Oct 08, 2026 8:55:07 AM liquibase.changelog
INFO: ChangeSet liquibase/3.5.x.x/shipment-001-create-shipping-box-table.xml::shipment-001-create-sequence::pkomena ran successfully in 10ms
Running Changeset: liquibase/3.5.x.x/shipment-001-create-shipping-box-table.xml::shipment-001-create-shipping-box-table::pkomena
Oct 08, 2026 8:55:07 AM liquibase.changelog
INFO: Table shipping_box created
Oct 08, 2026 8:55:07 AM liquibase.changelog
INFO: ChangeSet liquibase/3.5.x.x/shipment-001-create-shipping-box-table.xml::shipment-001-create-shipping-box-table::pkomena ran successfully in 14ms
Running Changeset: liquibase/3.5.x.x/shipment-002-create-shipment-table.xml::shipment-002-create-sequence::pkomena
Oct 08, 2026 8:55:07 AM liquibase.changelog
INFO: Sequence shipment_seq created
Oct 08, 2026 8:55:07 AM liquibase.changelog
INFO: ChangeSet liquibase/3.5.x.x/shipment-002-create-shipment-table.xml::shipment-002-create-sequence::pkomena ran successfully in 9ms
Running Changeset: liquibase/3.5.x.x/shipment-002-create-shipment-table.xml::shipment-002-create-shipment-table::pkomena
Oct 08, 2026 8:55:07 AM liquibase.changelog
INFO: Table shipment created
Oct 08, 2026 8:55:07 AM liquibase.changelog
INFO: ChangeSet liquibase/3.5.x.x/shipment-002-create-shipment-table.xml::shipment-002-create-shipment-table::pkomena ran successfully in 20ms
Running Changeset: liquibase/3.5.x.x/shipment-003-create-box-sample-table.xml::shipment-003-create-sequence::pkomena
Oct 08, 2026 8:55:07 AM liquibase.changelog
INFO: Sequence box_sample_seq created
Oct 08, 2026 8:55:07 AM liquibase.changelog
INFO: ChangeSet liquibase/3.5.x.x/shipment-003-create-box-sample-table.xml::shipment-003-create-sequence::pkomena ran successfully in 11ms
Running Changeset: liquibase/3.5.x.x/shipment-003-create-box-sample-table.xml::shipment-003-create-box-sample-table::pkomena
Oct 08, 2026 8:55:07 AM liquibase.changelog
INFO: Table box_sample created
Oct 08, 2026 8:55:07 AM liquibase.changelog
INFO: ChangeSet liquibase/3.5.x.x/shipment-003-create-box-sample-table.xml::shipment-003-create-box-sample-table::pkomena ran successfully in 16ms
Running Changeset: liquibase/3.5.x.x/shipment-005-create-indexes.xml::shipment-005-idx-shipping-box-state::pkomena
Oct 08, 2026 8:55:07 AM liquibase.changelog
INFO: Index idx_shipping_box_state created
Oct 08, 2026 8:55:07 AM liquibase.changelog
INFO: ChangeSet liquibase/3.5.x.x/shipment-005-create-indexes.xml::shipment-005-idx-shipping-box-state::pkomena ran successfully in 2ms
Running Changeset: liquibase/3.5.x.x/shipment-005-create-indexes.xml::shipment-005-idx-shipping-box-destination::pkomena
Oct 08, 2026 8:55:07 AM liquibase.changelog
INFO: Index idx_shipping_box_destination created
Oct 08, 2026 8:55:07 AM liquibase.changelog
INFO: ChangeSet liquibase/3.5.x.x/shipment-005-create-indexes.xml::shipment-005-idx-shipping-box-destination::pkomena ran successfully in 1ms
Running Changeset: liquibase/3.5.x.x/shipment-005-create-indexes.xml::shipment-005-idx-shipping-box-created-date::pkomena
Oct 08, 2026 8:55:07 AM liquibase.changelog
INFO: Index idx_shipping_box_created_date created
Oct 08, 2026 8:55:07 AM liquibase.changelog
INFO: ChangeSet liquibase/3.5.x.x/shipment-005-create-indexes.xml::shipment-005-idx-shipping-box-created-date::pkomena ran successfully in 2ms
Running Changeset: liquibase/3.5.x.x/shipment-005-create-indexes.xml::shipment-005-idx-shipping-box-fhir-uuid::pkomena
Oct 08, 2026 8:55:07 AM liquibase.changelog
INFO: Index idx_shipping_box_fhir_uuid created
Oct 08, 2026 8:55:07 AM liquibase.changelog
INFO: ChangeSet liquibase/3.5.x.x/shipment-005-create-indexes.xml::shipment-005-idx-shipping-box-fhir-uuid::pkomena ran successfully in 2ms
Running Changeset: liquibase/3.5.x.x/shipment-005-create-indexes.xml::shipment-005-idx-shipping-box-archived::pkomena
Oct 08, 2026 8:55:07 AM liquibase.changelog
INFO: Index idx_shipping_box_archived created
Oct 08, 2026 8:55:07 AM liquibase.changelog
INFO: ChangeSet liquibase/3.5.x.x/shipment-005-create-indexes.xml::shipment-005-idx-shipping-box-archived::pkomena ran successfully in 3ms
Running Changeset: liquibase/3.5.x.x/shipment-005-create-indexes.xml::shipment-005-idx-shipment-box-id::pkomena
Oct 08, 2026 8:55:07 AM liquibase.changelog
INFO: Index idx_shipment_box_id created
Oct 08, 2026 8:55:07 AM liquibase.changelog
INFO: ChangeSet liquibase/3.5.x.x/shipment-005-create-indexes.xml::shipment-005-idx-shipment-box-id::pkomena ran successfully in 2ms
Running Changeset: liquibase/3.5.x.x/shipment-005-create-indexes.xml::shipment-005-idx-shipment-status::pkomena
Oct 08, 2026 8:55:07 AM liquibase.changelog
INFO: Index idx_shipment_status created
Oct 08, 2026 8:55:07 AM liquibase.changelog
INFO: ChangeSet liquibase/3.5.x.x/shipment-005-create-indexes.xml::shipment-005-idx-shipment-status::pkomena ran successfully in 2ms
Running Changeset: liquibase/3.5.x.x/shipment-005-create-indexes.xml::shipment-005-idx-shipment-tracking::pkomena
Oct 08, 2026 8:55:07 AM liquibase.changelog
INFO: Index idx_shipment_tracking created
Oct 08, 2026 8:55:07 AM liquibase.changelog
INFO: ChangeSet liquibase/3.5.x.x/shipment-005-create-indexes.xml::shipment-005-idx-shipment-tracking::pkomena ran successfully in 1ms
Running Changeset: liquibase/3.5.x.x/shipment-005-create-indexes.xml::shipment-005-idx-box-sample-box-id::pkomena
Oct 08, 2026 8:55:07 AM liquibase.changelog
INFO: Index idx_box_sample_box_id created
Oct 08, 2026 8:55:07 AM liquibase.changelog
INFO: ChangeSet liquibase/3.5.x.x/shipment-005-create-indexes.xml::shipment-005-idx-box-sample-box-id::pkomena ran successfully in 1ms
Running Changeset: liquibase/3.5.x.x/shipment-005-create-indexes.xml::shipment-005-idx-box-sample-sample-id::pkomena
Oct 08, 2026 8:55:07 AM liquibase.changelog
INFO: Index idx_box_sample_sample_id created
Oct 08, 2026 8:55:07 AM liquibase.changelog
INFO: ChangeSet liquibase/3.5.x.x/shipment-005-create-indexes.xml::shipment-005-idx-box-sample-sample-id::pkomena ran successfully in 1ms
Running Changeset: liquibase/3.5.x.x/shipment-005-create-indexes.xml::shipment-005-idx-box-sample-reception-status::pkomena
Oct 08, 2026 8:55:07 AM liquibase.changelog
INFO: Index idx_box_sample_reception_status created
Oct 08, 2026 8:55:07 AM liquibase.changelog
INFO: ChangeSet liquibase/3.5.x.x/shipment-005-create-indexes.xml::shipment-005-idx-box-sample-reception-status::pkomena ran successfully in 1ms
Running Changeset: liquibase/3.5.x.x/shipment-005-create-indexes.xml::shipment-005-idx-box-sample-composite::pkomena
Oct 08, 2026 8:55:07 AM liquibase.changelog
INFO: Index idx_box_sample_composite created
Oct 08, 2026 8:55:07 AM liquibase.changelog
INFO: ChangeSet liquibase/3.5.x.x/shipment-005-create-indexes.xml::shipment-005-idx-box-sample-composite::pkomena ran successfully in 1ms
Running Changeset: liquibase/3.5.x.x/shipment-006-create-foreign-keys.xml::shipment-006-create-foreign-keys::pkomena
Oct 08, 2026 8:55:08 AM liquibase.changelog
INFO: Foreign key constraint added to shipping_box (destination_facility_id)
Oct 08, 2026 8:55:08 AM liquibase.changelog
INFO: Foreign key constraint added to shipping_box (created_by)
Oct 08, 2026 8:55:08 AM liquibase.changelog
INFO: Foreign key constraint added to shipment (shipping_box_id)
Oct 08, 2026 8:55:08 AM liquibase.changelog
INFO: Foreign key constraint added to box_sample (shipping_box_id)
Oct 08, 2026 8:55:08 AM liquibase.changelog
INFO: Foreign key constraint added to box_sample (sample_id)
Oct 08, 2026 8:55:08 AM liquibase.changelog
INFO: ChangeSet liquibase/3.5.x.x/shipment-006-create-foreign-keys.xml::shipment-006-create-foreign-keys::pkomena ran successfully in 266ms
Running Changeset: liquibase/3.5.x.x/shipment-007-add-menu-and-role.xml::shipment-007-add-menu::pkomena
Oct 08, 2026 8:55:08 AM liquibase.changelog
INFO: New row inserted into menu
Oct 08, 2026 8:55:08 AM liquibase.changelog
INFO: ChangeSet liquibase/3.5.x.x/shipment-007-add-menu-and-role.xml::shipment-007-add-menu::pkomena ran successfully in 1ms
Running Changeset: liquibase/3.5.x.x/shipment-007-add-menu-and-role.xml::shipment-007-add-module::pkomena
Oct 08, 2026 8:55:08 AM liquibase.changelog
INFO: New row inserted into system_module
Oct 08, 2026 8:55:08 AM liquibase.changelog
INFO: ChangeSet liquibase/3.5.x.x/shipment-007-add-menu-and-role.xml::shipment-007-add-module::pkomena ran successfully in 1ms
Running Changeset: liquibase/3.5.x.x/shipment-007-add-menu-and-role.xml::shipment-007-add-module-url::pkomena
Oct 08, 2026 8:55:08 AM liquibase.changelog
INFO: New row inserted into system_module_url
Oct 08, 2026 8:55:08 AM liquibase.changelog
INFO: ChangeSet liquibase/3.5.x.x/shipment-007-add-menu-and-role.xml::shipment-007-add-module-url::pkomena ran successfully in 1ms
Running Changeset: liquibase/3.5.x.x/shipment-007-add-menu-and-role.xml::shipment-007-assign-role-reception::pkomena
Oct 08, 2026 8:55:08 AM liquibase.changelog
INFO: New row inserted into system_role_module
Oct 08, 2026 8:55:08 AM liquibase.changelog
INFO: ChangeSet liquibase/3.5.x.x/shipment-007-add-menu-and-role.xml::shipment-007-assign-role-reception::pkomena ran successfully in 1ms
Running Changeset: liquibase/3.5.x.x/shipment-007-add-menu-and-role.xml::shipment-007-assign-role-results::pkomena
Oct 08, 2026 8:55:08 AM liquibase.changelog
INFO: New row inserted into system_role_module
Oct 08, 2026 8:55:08 AM liquibase.changelog
INFO: ChangeSet liquibase/3.5.x.x/shipment-007-add-menu-and-role.xml::shipment-007-assign-role-results::pkomena ran successfully in 1ms
Running Changeset: liquibase/3.5.x.x/shipment-008-add-capacity-column.xml::1::shipment-module
Oct 08, 2026 8:55:08 AM liquibase.changelog
INFO: Columns capacity(INTEGER) added to shipping_box
Oct 08, 2026 8:55:08 AM liquibase.changelog
INFO: ChangeSet liquibase/3.5.x.x/shipment-008-add-capacity-column.xml::1::shipment-module ran successfully in 1ms
Running Changeset: liquibase/3.5.x.x/shipment-009-add-referral-shipment-columns.xml::1::pkomena
Oct 08, 2026 8:55:08 AM liquibase.changelog
INFO: Columns assigned_to_box_id(INTEGER) added to referral
Oct 08, 2026 8:55:08 AM liquibase.changelog
INFO: Columns lost_status(BOOLEAN) added to referral
Oct 08, 2026 8:55:08 AM liquibase.changelog
INFO: Columns lost_date(TIMESTAMP) added to referral
Oct 08, 2026 8:55:08 AM liquibase.changelog
INFO: Columns lost_reason(TEXT) added to referral
Oct 08, 2026 8:55:08 AM liquibase.changelog
INFO: Columns priority(VARCHAR(20)) added to referral
Oct 08, 2026 8:55:08 AM liquibase.changelog
INFO: Columns cancel_date(TIMESTAMP) added to referral
Oct 08, 2026 8:55:08 AM liquibase.changelog
INFO: Columns cancel_reason(TEXT) added to referral
Oct 08, 2026 8:55:08 AM liquibase.changelog
INFO: ChangeSet liquibase/3.5.x.x/shipment-009-add-referral-shipment-columns.xml::1::pkomena ran successfully in 4ms
Running Changeset: liquibase/3.5.x.x/shipment-009-add-referral-shipment-columns.xml::2::pkomena
Oct 08, 2026 8:55:08 AM liquibase.changelog
INFO: Index idx_referral_assigned_box created
Oct 08, 2026 8:55:08 AM liquibase.changelog
INFO: Index idx_referral_lost_status created
Oct 08, 2026 8:55:08 AM liquibase.changelog
INFO: Index idx_referral_priority created
Oct 08, 2026 8:55:08 AM liquibase.changelog
INFO: Index idx_referral_unassigned created
Oct 08, 2026 8:55:08 AM liquibase.changelog
INFO: ChangeSet liquibase/3.5.x.x/shipment-009-add-referral-shipment-columns.xml::2::pkomena ran successfully in 3ms
Running Changeset: liquibase/3.5.x.x/shipment-010-add-actual-sample-count.xml::1-add-sample-count-to-shipping-box::pkomena
Oct 08, 2026 8:55:08 AM liquibase.changelog
INFO: Columns actual_sample_count(INTEGER) added to shipping_box
Oct 08, 2026 8:55:08 AM liquibase.changelog
INFO: ChangeSet liquibase/3.5.x.x/shipment-010-add-actual-sample-count.xml::1-add-sample-count-to-shipping-box::pkomena ran successfully in 1ms
Running Changeset: liquibase/3.5.x.x/shipment-011-add-sample-shipment-referral-type.xml::1-add-sample-shipment-referral-type::pkomena
Oct 08, 2026 8:55:08 AM liquibase.changelog
INFO: New row inserted into referral_type
Oct 08, 2026 8:55:08 AM liquibase.changelog
INFO: New row inserted into localization
Oct 08, 2026 8:55:08 AM liquibase.changelog
INFO: New row inserted into localization_value
Oct 08, 2026 8:55:08 AM liquibase.changelog
INFO: New row inserted into localization_value
Oct 08, 2026 8:55:08 AM liquibase.changelog
INFO: ChangeSet liquibase/3.5.x.x/shipment-011-add-sample-shipment-referral-type.xml::1-add-sample-shipment-referral-type::pkomena ran successfully in 3ms
Running Changeset: liquibase/3.5.x.x/shipment-012-migrate-to-sample-item.xml::1::pkomena
Oct 08, 2026 8:55:08 AM liquibase.changelog
INFO: Sequence box_sample_item_seq created
Oct 08, 2026 8:55:08 AM liquibase.changelog
INFO: Table box_sample_item created
Oct 08, 2026 8:55:08 AM liquibase.changelog
INFO: Foreign key constraint added to box_sample_item (shipping_box_id)
Oct 08, 2026 8:55:08 AM liquibase.changelog
INFO: Foreign key constraint added to box_sample_item (sample_item_id)
Oct 08, 2026 8:55:08 AM liquibase.changelog
INFO: Unique constraint added to box_sample_item(sample_item_id)
Oct 08, 2026 8:55:08 AM liquibase.changelog
INFO: Index idx_box_sample_item_box created
Oct 08, 2026 8:55:08 AM liquibase.changelog
INFO: Index idx_box_sample_item_sample_item created
Oct 08, 2026 8:55:08 AM liquibase.changelog
INFO: ChangeSet liquibase/3.5.x.x/shipment-012-migrate-to-sample-item.xml::1::pkomena ran successfully in 4ms
Running Changeset: liquibase/3.5.x.x/shipment-012-migrate-to-sample-item.xml::2::pkomena
Oct 08, 2026 8:55:08 AM liquibase.changelog
INFO: Custom SQL executed
Oct 08, 2026 8:55:08 AM liquibase.changelog
INFO: ChangeSet liquibase/3.5.x.x/shipment-012-migrate-to-sample-item.xml::2::pkomena ran successfully in 1ms
Running Changeset: liquibase/3.5.x.x/shipment-012-migrate-to-sample-item.xml::3::pkomena
Oct 08, 2026 8:55:08 AM liquibase.changelog
INFO: Table box_sample dropped
Oct 08, 2026 8:55:08 AM liquibase.changelog
INFO: ChangeSet liquibase/3.5.x.x/shipment-012-migrate-to-sample-item.xml::3::pkomena ran successfully in 1ms
Running Changeset: liquibase/3.5.x.x/shipment-013-add-box-label-prefix-config.xml::shipment-013-1::oe
Oct 08, 2026 8:55:08 AM liquibase.changelog
INFO: New row inserted into site_information
Oct 08, 2026 8:55:08 AM liquibase.changelog
INFO: ChangeSet liquibase/3.5.x.x/shipment-013-add-box-label-prefix-config.xml::shipment-013-1::oe ran successfully in 0ms
Running Changeset: liquibase/3.5.x.x/shipment-014-move-menu-to-top-level.xml::shipment-014-move-menu-to-top-level::pkomena
Oct 08, 2026 8:55:08 AM liquibase.changelog
INFO: Custom SQL executed
Oct 08, 2026 8:55:08 AM liquibase.changelog
INFO: ChangeSet liquibase/3.5.x.x/shipment-014-move-menu-to-top-level.xml::shipment-014-move-menu-to-top-level::pkomena ran successfully in 2ms
Running Changeset: liquibase/3.5.x.x/shipment-015-add-site-organization-uuid-config.xml::shipment-015-1::oe
Oct 08, 2026 8:55:08 AM liquibase.changelog
INFO: New row inserted into site_information
Oct 08, 2026 8:55:08 AM liquibase.changelog
INFO: ChangeSet liquibase/3.5.x.x/shipment-015-add-site-organization-uuid-config.xml::shipment-015-1::oe ran successfully in 1ms
Running Changeset: liquibase/3.5.x.x/shipment-016-add-fhir-mapping-config.xml::shipment-016-1::oe
Oct 08, 2026 8:55:08 AM liquibase.changelog
INFO: New row inserted into site_information
Oct 08, 2026 8:55:08 AM liquibase.changelog
INFO: ChangeSet liquibase/3.5.x.x/shipment-016-add-fhir-mapping-config.xml::shipment-016-1::oe ran successfully in 0ms
Running Changeset: liquibase/3.5.x.x/shipment-016-add-fhir-mapping-config.xml::shipment-016-2::oe
Oct 08, 2026 8:55:08 AM liquibase.changelog
INFO: New row inserted into site_information
Oct 08, 2026 8:55:08 AM liquibase.changelog
INFO: ChangeSet liquibase/3.5.x.x/shipment-016-add-fhir-mapping-config.xml::shipment-016-2::oe ran successfully in 1ms
Running Changeset: liquibase/3.5.x.x/shipment-016-add-fhir-mapping-config.xml::shipment-016-3::oe
Oct 08, 2026 8:55:08 AM liquibase.changelog
INFO: New row inserted into site_information
Oct 08, 2026 8:55:08 AM liquibase.changelog
INFO: ChangeSet liquibase/3.5.x.x/shipment-016-add-fhir-mapping-config.xml::shipment-016-3::oe ran successfully in 1ms
Running Changeset: liquibase/3.5.x.x/shipment-017-add-referral-stuck-threshold-config.xml::shipment-017-1::oe
Oct 08, 2026 8:55:08 AM liquibase.changelog
INFO: New row inserted into site_information
Oct 08, 2026 8:55:08 AM liquibase.changelog
INFO: ChangeSet liquibase/3.5.x.x/shipment-017-add-referral-stuck-threshold-config.xml::shipment-017-1::oe ran successfully in 1ms
Running Changeset: liquibase/3.5.x.x/shipment-018-add-inbound-and-origin.xml::shipment-018-add-inbound-flag::samuelmale
Oct 08, 2026 8:55:08 AM liquibase.changelog
INFO: Columns inbound(BOOLEAN) added to shipping_box
Oct 08, 2026 8:55:08 AM liquibase.changelog
INFO: ChangeSet liquibase/3.5.x.x/shipment-018-add-inbound-and-origin.xml::shipment-018-add-inbound-flag::samuelmale ran successfully in 2ms
Running Changeset: liquibase/3.5.x.x/shipment-018-add-inbound-and-origin.xml::shipment-018-add-origin-facility-name::samuelmale
Oct 08, 2026 8:55:08 AM liquibase.changelog
INFO: Columns origin_facility_name(VARCHAR(255)) added to shipping_box
Oct 08, 2026 8:55:08 AM liquibase.changelog
INFO: ChangeSet liquibase/3.5.x.x/shipment-018-add-inbound-and-origin.xml::shipment-018-add-origin-facility-name::samuelmale ran successfully in 2ms
Running Changeset: liquibase/3.5.x.x/005-analyzer-results-import-issue-reason.xml::3.5.0-005-add-analyzer-results-import-issue-reason::pmanko
Oct 08, 2026 8:55:08 AM liquibase.changelog
INFO: Columns import_issue_reason(varchar(200)) added to analyzer_results
Oct 08, 2026 8:55:08 AM liquibase.changelog
INFO: ChangeSet liquibase/3.5.x.x/005-analyzer-results-import-issue-reason.xml::3.5.0-005-add-analyzer-results-import-issue-reason::pmanko ran successfully in 1ms
Running Changeset: liquibase/3.5.x.x/017-add-informed-consent-fields.xml::OGC-557-2026-04-17-1::herbertYiga
Oct 08, 2026 8:55:08 AM liquibase.changelog
INFO: Columns consent_provided(BOOLEAN) added to sample
Oct 08, 2026 8:55:08 AM liquibase.changelog
INFO: Columns consent_reference_no(VARCHAR(100)) added to sample
Oct 08, 2026 8:55:08 AM liquibase.changelog
INFO: Columns consent_recorded_at(TIMESTAMP) added to sample
Oct 08, 2026 8:55:08 AM liquibase.changelog
INFO: Columns consent_recorded_by(NUMERIC(10)) added to sample
Oct 08, 2026 8:55:08 AM liquibase.changelog
INFO: Index idx_sample_consent_provided created
Oct 08, 2026 8:55:08 AM liquibase.changelog
INFO: ChangeSet liquibase/3.5.x.x/017-add-informed-consent-fields.xml::OGC-557-2026-04-17-1::herbertYiga ran successfully in 5ms
Running Changeset: liquibase/3.5.x.x/019-update-consent-recorded-by-to-varchar.xml::OGC-558-2026-04-30-1::herbertYiga
Oct 08, 2026 8:55:08 AM liquibase.changelog
INFO: Foreign key fk_sample_consent_recorded_by dropped
Oct 08, 2026 8:55:08 AM liquibase.changelog
INFO: ChangeSet liquibase/3.5.x.x/019-update-consent-recorded-by-to-varchar.xml::OGC-558-2026-04-30-1::herbertYiga ran successfully in 10ms
Running Changeset: liquibase/3.5.x.x/019-update-consent-recorded-by-to-varchar.xml::OGC-558-2026-04-30-2::herbertYiga
Oct 08, 2026 8:55:08 AM liquibase.changelog
INFO: sample.consent_recorded_by datatype was changed to VARCHAR(255)
Oct 08, 2026 8:55:08 AM liquibase.changelog
INFO: ChangeSet liquibase/3.5.x.x/019-update-consent-recorded-by-to-varchar.xml::OGC-558-2026-04-30-2::herbertYiga ran successfully in 4ms
Running Changeset: liquibase/3.5.x.x/019-update-consent-recorded-by-to-varchar.xml::OGC-558-2026-04-30-3::herbertYiga
Oct 08, 2026 8:55:08 AM liquibase.changelog
INFO: Custom SQL executed
Oct 08, 2026 8:55:08 AM liquibase.changelog
INFO: ChangeSet liquibase/3.5.x.x/019-update-consent-recorded-by-to-varchar.xml::OGC-558-2026-04-30-3::herbertYiga ran successfully in 1ms
Running Changeset: liquibase/3.5.x.x/patient_id_document.xml::create-patient-id-document::mozzy11
Oct 08, 2026 8:55:08 AM liquibase.changelog
INFO: Sequence patient_id_document_seq created
Oct 08, 2026 8:55:08 AM liquibase.changelog
INFO: Table patient_id_document created
Oct 08, 2026 8:55:08 AM liquibase.changelog
INFO: Index idx_patient_id_document_patient_id created
Oct 08, 2026 8:55:08 AM liquibase.changelog
INFO: ChangeSet liquibase/3.5.x.x/patient_id_document.xml::create-patient-id-document::mozzy11 ran successfully in 15ms
Running Changeset: liquibase/3.5.x.x/default-nationality-config.xml::add-default-nationality-config::mozzy11
Oct 08, 2026 8:55:08 AM liquibase.changelog
INFO: New row inserted into site_information
Oct 08, 2026 8:55:08 AM liquibase.changelog
INFO: ChangeSet liquibase/3.5.x.x/default-nationality-config.xml::add-default-nationality-config::mozzy11 ran successfully in 1ms
Running Changeset: liquibase/3.5.x.x/018-add-patient-extra-fields.xml::patient-extra-fields-1-custom-notes-identity-type::mozzy
Oct 08, 2026 8:55:08 AM liquibase.changelog
INFO: New row inserted into patient_identity_type
Oct 08, 2026 8:55:08 AM liquibase.changelog
INFO: ChangeSet liquibase/3.5.x.x/018-add-patient-extra-fields.xml::patient-extra-fields-1-custom-notes-identity-type::mozzy ran successfully in 1ms
Running Changeset: liquibase/3.5.x.x/018-add-patient-extra-fields.xml::patient-extra-fields-2-disease-programme-identity-type::mozzy
Oct 08, 2026 8:55:08 AM liquibase.changelog
INFO: New row inserted into patient_identity_type
Oct 08, 2026 8:55:08 AM liquibase.changelog
INFO: ChangeSet liquibase/3.5.x.x/018-add-patient-extra-fields.xml::patient-extra-fields-2-disease-programme-identity-type::mozzy ran successfully in 1ms
Running Changeset: liquibase/3.5.x.x/018-add-patient-extra-fields.xml::patient-extra-fields-3-disease-programme-dictionary-category::mozzy
Oct 08, 2026 8:55:08 AM liquibase.changelog
INFO: New row inserted into dictionary_category
Oct 08, 2026 8:55:08 AM liquibase.changelog
INFO: ChangeSet liquibase/3.5.x.x/018-add-patient-extra-fields.xml::patient-extra-fields-3-disease-programme-dictionary-category::mozzy ran successfully in 2ms
Running Changeset: liquibase/3.5.x.x/020-add-specimen-detail-columns.xml::3.5.0-020-add-collection-method::claude-uat
Oct 08, 2026 8:55:08 AM liquibase.changelog
INFO: Columns collection_method(VARCHAR(255)) added to sample_item
Oct 08, 2026 8:55:08 AM liquibase.changelog
INFO: ChangeSet liquibase/3.5.x.x/020-add-specimen-detail-columns.xml::3.5.0-020-add-collection-method::claude-uat ran successfully in 2ms
Running Changeset: liquibase/3.5.x.x/020-add-specimen-detail-columns.xml::3.5.0-020-add-sample-temperature::claude-uat
Oct 08, 2026 8:55:08 AM liquibase.changelog
INFO: Columns sample_temperature(VARCHAR(50)) added to sample_item
Oct 08, 2026 8:55:08 AM liquibase.changelog
INFO: ChangeSet liquibase/3.5.x.x/020-add-specimen-detail-columns.xml::3.5.0-020-add-sample-temperature::claude-uat ran successfully in 1ms
Running Changeset: liquibase/3.5.x.x/020-add-specimen-detail-columns.xml::3.5.0-020-add-specimen-origin::claude-uat
Oct 08, 2026 8:55:08 AM liquibase.changelog
INFO: Columns specimen_origin(VARCHAR(255)) added to sample_item
Oct 08, 2026 8:55:08 AM liquibase.changelog
INFO: ChangeSet liquibase/3.5.x.x/020-add-specimen-detail-columns.xml::3.5.0-020-add-specimen-origin::claude-uat ran successfully in 1ms
Running Changeset: liquibase/3.5.x.x/021-add-person-gps-columns.xml::3.5.0-021-add-person-gps-latitude::claude-uat
Oct 08, 2026 8:55:08 AM liquibase.changelog
INFO: Columns gps_latitude(NUMERIC(9, 6)) added to person
Oct 08, 2026 8:55:08 AM liquibase.changelog
INFO: ChangeSet liquibase/3.5.x.x/021-add-person-gps-columns.xml::3.5.0-021-add-person-gps-latitude::claude-uat ran successfully in 1ms
Running Changeset: liquibase/3.5.x.x/021-add-person-gps-columns.xml::3.5.0-021-add-person-gps-longitude::claude-uat
Oct 08, 2026 8:55:08 AM liquibase.changelog
INFO: Columns gps_longitude(NUMERIC(9, 6)) added to person
Oct 08, 2026 8:55:08 AM liquibase.changelog
INFO: ChangeSet liquibase/3.5.x.x/021-add-person-gps-columns.xml::3.5.0-021-add-person-gps-longitude::claude-uat ran successfully in 1ms
Running Changeset: liquibase/3.5.x.x/018-compliance-standards-complete-feature.xml::compliance-feature-create-sequences::mherman22
Oct 08, 2026 8:55:08 AM liquibase.changelog
INFO: Sequence compliance_standard_seq created
Oct 08, 2026 8:55:08 AM liquibase.changelog
INFO: Sequence parameter_group_seq created
Oct 08, 2026 8:55:08 AM liquibase.changelog
INFO: Sequence compliance_threshold_seq created
Oct 08, 2026 8:55:08 AM liquibase.changelog
INFO: ChangeSet liquibase/3.5.x.x/018-compliance-standards-complete-feature.xml::compliance-feature-create-sequences::mherman22 ran successfully in 30ms
Running Changeset: liquibase/3.5.x.x/018-compliance-standards-complete-feature.xml::compliance-feature-create-core-tables::mherman22
Oct 08, 2026 8:55:08 AM liquibase.changelog
INFO: Table compliance_standard created
Oct 08, 2026 8:55:08 AM liquibase.changelog
INFO: Table parameter_group created
Oct 08, 2026 8:55:08 AM liquibase.changelog
INFO: Table compliance_threshold created
Oct 08, 2026 8:55:08 AM liquibase.changelog
INFO: ChangeSet liquibase/3.5.x.x/018-compliance-standards-complete-feature.xml::compliance-feature-create-core-tables::mherman22 ran successfully in 45ms
Running Changeset: liquibase/3.5.x.x/018-compliance-standards-complete-feature.xml::compliance-feature-add-foreign-keys::mherman22
Oct 08, 2026 8:55:08 AM liquibase.changelog
INFO: Foreign key constraint added to compliance_standard (superseded_by_id)
Oct 08, 2026 8:55:08 AM liquibase.changelog
INFO: Foreign key constraint added to parameter_group (standard_id)
Oct 08, 2026 8:55:08 AM liquibase.changelog
INFO: Foreign key constraint added to compliance_threshold (group_id)
Oct 08, 2026 8:55:08 AM liquibase.changelog
INFO: ChangeSet liquibase/3.5.x.x/018-compliance-standards-complete-feature.xml::compliance-feature-add-foreign-keys::mherman22 ran successfully in 4ms
Running Changeset: liquibase/3.5.x.x/018-compliance-standards-complete-feature.xml::compliance-feature-create-indexes::mherman22
Oct 08, 2026 8:55:08 AM liquibase.changelog
INFO: Index idx_compliance_standard_status created
Oct 08, 2026 8:55:08 AM liquibase.changelog
INFO: Index idx_compliance_standard_country created
Oct 08, 2026 8:55:08 AM liquibase.changelog
INFO: Index idx_compliance_standard_effective_date created
Oct 08, 2026 8:55:08 AM liquibase.changelog
INFO: Index idx_compliance_standard_issuing_body created
Oct 08, 2026 8:55:08 AM liquibase.changelog
INFO: Index idx_compliance_standard_regulation_number created
Oct 08, 2026 8:55:08 AM liquibase.changelog
INFO: Index idx_parameter_group_standard created
Oct 08, 2026 8:55:08 AM liquibase.changelog
INFO: Index idx_parameter_group_sort_order created
Oct 08, 2026 8:55:08 AM liquibase.changelog
INFO: Index idx_compliance_threshold_group created
Oct 08, 2026 8:55:08 AM liquibase.changelog
INFO: Index idx_compliance_threshold_parameter_code created
Oct 08, 2026 8:55:08 AM liquibase.changelog
INFO: Index idx_compliance_threshold_type created
Oct 08, 2026 8:55:08 AM liquibase.changelog
INFO: ChangeSet liquibase/3.5.x.x/018-compliance-standards-complete-feature.xml::compliance-feature-create-indexes::mherman22 ran successfully in 6ms
Running Changeset: liquibase/3.5.x.x/018-compliance-standards-complete-feature.xml::compliance-feature-add-unique-constraints::mherman22
Oct 08, 2026 8:55:08 AM liquibase.changelog
INFO: Unique constraint added to compliance_standard(issuing_body,regulation_number,version)
Oct 08, 2026 8:55:08 AM liquibase.changelog
INFO: Unique constraint added to parameter_group(standard_id,name)
Oct 08, 2026 8:55:08 AM liquibase.changelog
INFO: ChangeSet liquibase/3.5.x.x/018-compliance-standards-complete-feature.xml::compliance-feature-add-unique-constraints::mherman22 ran successfully in 3ms
Running Changeset: liquibase/3.5.x.x/018-compliance-standards-complete-feature.xml::compliance-feature-add-check-constraints::mherman22
Oct 08, 2026 8:55:08 AM liquibase.changelog
INFO: Custom SQL executed
Oct 08, 2026 8:55:08 AM liquibase.changelog
INFO: Custom SQL executed
Oct 08, 2026 8:55:08 AM liquibase.changelog
INFO: ChangeSet liquibase/3.5.x.x/018-compliance-standards-complete-feature.xml::compliance-feature-add-check-constraints::mherman22 ran successfully in 2ms
Running Changeset: liquibase/3.5.x.x/018-compliance-standards-complete-feature.xml::compliance-feature-add-table-comments::mherman22
Oct 08, 2026 8:55:08 AM liquibase.changelog
INFO: Custom SQL executed
Oct 08, 2026 8:55:08 AM liquibase.changelog
INFO: ChangeSet liquibase/3.5.x.x/018-compliance-standards-complete-feature.xml::compliance-feature-add-table-comments::mherman22 ran successfully in 1ms
Running Changeset: liquibase/3.5.x.x/019-compliance-threshold-add-descriptive.xml::019-1-add-value-descriptive-column::claude
Oct 08, 2026 8:55:08 AM liquibase.changelog
INFO: Columns value_descriptive(VARCHAR(1024)) added to compliance_threshold
Oct 08, 2026 8:55:08 AM liquibase.changelog
INFO: ChangeSet liquibase/3.5.x.x/019-compliance-threshold-add-descriptive.xml::019-1-add-value-descriptive-column::claude ran successfully in 2ms
Running Changeset: liquibase/3.5.x.x/019-compliance-threshold-add-descriptive.xml::019-2-extend-threshold-type-check::claude
Oct 08, 2026 8:55:08 AM liquibase.changelog
INFO: Custom SQL executed
Oct 08, 2026 8:55:08 AM liquibase.changelog
INFO: Custom SQL executed
Oct 08, 2026 8:55:08 AM liquibase.changelog
INFO: ChangeSet liquibase/3.5.x.x/019-compliance-threshold-add-descriptive.xml::019-2-extend-threshold-type-check::claude ran successfully in 1ms
Running Changeset: liquibase/3.5.x.x/020-compliance-threshold-add-select-map.xml::020-1-add-select-map-to-threshold-type-check::claude
Oct 08, 2026 8:55:08 AM liquibase.changelog
INFO: Custom SQL executed
Oct 08, 2026 8:55:08 AM liquibase.changelog
INFO: Custom SQL executed
Oct 08, 2026 8:55:08 AM liquibase.changelog
INFO: ChangeSet liquibase/3.5.x.x/020-compliance-threshold-add-select-map.xml::020-1-add-select-map-to-threshold-type-check::claude ran successfully in 3ms
Running Changeset: liquibase/3.5.x.x/023-compliance-threshold-test-fk.xml::023-1-ensure-compliance-threshold-test-id-column::claude
Oct 08, 2026 8:55:08 AM liquibase.changelog
INFO: Columns test_id(numeric(10,0)) added to compliance_threshold
Oct 08, 2026 8:55:08 AM liquibase.changelog
INFO: ChangeSet liquibase/3.5.x.x/023-compliance-threshold-test-fk.xml::023-1-ensure-compliance-threshold-test-id-column::claude ran successfully in 2ms
Running Changeset: liquibase/3.5.x.x/023-compliance-threshold-test-fk.xml::023-1b-migrate-varchar-test-id-to-numeric::claude
Oct 08, 2026 8:55:08 AM liquibase.changelog
INFO: Marking ChangeSet: liquibase/3.5.x.x/023-compliance-threshold-test-fk.xml::023-1b-migrate-varchar-test-id-to-numeric::claude ran despite precondition failure due to onFail='MARK_RAN': 
          liquibase/base-changelog.xml : SQL Precondition failed.  Expected 'character varying' got 'numeric'

Running Changeset: liquibase/3.5.x.x/023-compliance-threshold-test-fk.xml::023-2-add-compliance-threshold-test-fk::claude
Oct 08, 2026 8:55:08 AM liquibase.changelog
INFO: Foreign key constraint added to compliance_threshold (test_id)
Oct 08, 2026 8:55:08 AM liquibase.changelog
INFO: ChangeSet liquibase/3.5.x.x/023-compliance-threshold-test-fk.xml::023-2-add-compliance-threshold-test-fk::claude ran successfully in 72ms
Running Changeset: liquibase/3.5.x.x/023-compliance-threshold-test-fk.xml::023-3-create-compliance-threshold-test-id-index::claude
Oct 08, 2026 8:55:08 AM liquibase.changelog
INFO: Index idx_compliance_threshold_test_id created
Oct 08, 2026 8:55:08 AM liquibase.changelog
INFO: ChangeSet liquibase/3.5.x.x/023-compliance-threshold-test-fk.xml::023-3-create-compliance-threshold-test-id-index::claude ran successfully in 3ms
Running Changeset: liquibase/3.5.x.x/024-compliance-standard-sample-types.xml::024-1-create-compliance-standard-sample-type-table::claude
Oct 08, 2026 8:55:08 AM liquibase.changelog
INFO: Table compliance_standard_sample_type created
Oct 08, 2026 8:55:08 AM liquibase.changelog
INFO: Primary key added to compliance_standard_sample_type (standard_id, sample_type)
Oct 08, 2026 8:55:08 AM liquibase.changelog
INFO: ChangeSet liquibase/3.5.x.x/024-compliance-standard-sample-types.xml::024-1-create-compliance-standard-sample-type-table::claude ran successfully in 20ms
Running Changeset: liquibase/3.5.x.x/024-compliance-standard-sample-types.xml::024-2-add-compliance-standard-sample-type-fk::claude
Oct 08, 2026 8:55:08 AM liquibase.changelog
INFO: Foreign key constraint added to compliance_standard_sample_type (standard_id)
Oct 08, 2026 8:55:08 AM liquibase.changelog
INFO: ChangeSet liquibase/3.5.x.x/024-compliance-standard-sample-types.xml::024-2-add-compliance-standard-sample-type-fk::claude ran successfully in 58ms
Running Changeset: liquibase/3.5.x.x/024-compliance-standard-sample-types.xml::024-3-backfill-compliance-standard-sample-types::claude
Oct 08, 2026 8:55:08 AM liquibase.changelog
INFO: Custom SQL executed
Oct 08, 2026 8:55:08 AM liquibase.changelog
INFO: ChangeSet liquibase/3.5.x.x/024-compliance-standard-sample-types.xml::024-3-backfill-compliance-standard-sample-types::claude ran successfully in 2ms
Running Changeset: liquibase/3.5.x.x/024-compliance-standard-sample-types.xml::024-4-drop-legacy-applicable-sample-types-column::claude
Oct 08, 2026 8:55:08 AM liquibase.changelog
INFO: Column compliance_standard.applicable_sample_types dropped
Oct 08, 2026 8:55:08 AM liquibase.changelog
INFO: ChangeSet liquibase/3.5.x.x/024-compliance-standard-sample-types.xml::024-4-drop-legacy-applicable-sample-types-column::claude ran successfully in 2ms
Running Changeset: liquibase/3.5.x.x/025-compliance-rename-lastupdated-column.xml::025-1-rename-compliance-standard-lastupdated::mherman22
Oct 08, 2026 8:55:08 AM liquibase.changelog
INFO: Column compliance_standard.lastupdated renamed to last_updated
Oct 08, 2026 8:55:08 AM liquibase.changelog
INFO: ChangeSet liquibase/3.5.x.x/025-compliance-rename-lastupdated-column.xml::025-1-rename-compliance-standard-lastupdated::mherman22 ran successfully in 2ms
Running Changeset: liquibase/3.5.x.x/025-compliance-rename-lastupdated-column.xml::025-2-rename-parameter-group-lastupdated::mherman22
Oct 08, 2026 8:55:08 AM liquibase.changelog
INFO: Column parameter_group.lastupdated renamed to last_updated
Oct 08, 2026 8:55:08 AM liquibase.changelog
INFO: ChangeSet liquibase/3.5.x.x/025-compliance-rename-lastupdated-column.xml::025-2-rename-parameter-group-lastupdated::mherman22 ran successfully in 1ms
Running Changeset: liquibase/3.5.x.x/025-compliance-rename-lastupdated-column.xml::025-3-rename-compliance-threshold-lastupdated::mherman22
Oct 08, 2026 8:55:08 AM liquibase.changelog
INFO: Column compliance_threshold.lastupdated renamed to last_updated
Oct 08, 2026 8:55:08 AM liquibase.changelog
INFO: ChangeSet liquibase/3.5.x.x/025-compliance-rename-lastupdated-column.xml::025-3-rename-compliance-threshold-lastupdated::mherman22 ran successfully in 1ms
Running Changeset: liquibase/3.5.x.x/026-compliance-threshold-value-map.xml::026-1-create-compliance-threshold-value-map-sequence::mherman22
Oct 08, 2026 8:55:08 AM liquibase.changelog
INFO: Sequence compliance_threshold_value_map_seq created
Oct 08, 2026 8:55:08 AM liquibase.changelog
INFO: ChangeSet liquibase/3.5.x.x/026-compliance-threshold-value-map.xml::026-1-create-compliance-threshold-value-map-sequence::mherman22 ran successfully in 10ms
Running Changeset: liquibase/3.5.x.x/026-compliance-threshold-value-map.xml::026-2-create-compliance-threshold-value-map-table::mherman22
Oct 08, 2026 8:55:08 AM liquibase.changelog
INFO: Table compliance_threshold_value_map created
Oct 08, 2026 8:55:08 AM liquibase.changelog
INFO: ChangeSet liquibase/3.5.x.x/026-compliance-threshold-value-map.xml::026-2-create-compliance-threshold-value-map-table::mherman22 ran successfully in 16ms
Running Changeset: liquibase/3.5.x.x/026-compliance-threshold-value-map.xml::026-2a-align-id-types-to-integer::mherman22
Oct 08, 2026 8:55:08 AM liquibase.changelog
INFO: Custom SQL executed
Oct 08, 2026 8:55:08 AM liquibase.changelog
INFO: ChangeSet liquibase/3.5.x.x/026-compliance-threshold-value-map.xml::026-2a-align-id-types-to-integer::mherman22 ran successfully in 3ms
Running Changeset: liquibase/3.5.x.x/026-compliance-threshold-value-map.xml::026-3-add-compliance-threshold-value-map-fk::mherman22
Oct 08, 2026 8:55:08 AM liquibase.changelog
INFO: Foreign key constraint added to compliance_threshold_value_map (threshold_id)
Oct 08, 2026 8:55:08 AM liquibase.changelog
INFO: ChangeSet liquibase/3.5.x.x/026-compliance-threshold-value-map.xml::026-3-add-compliance-threshold-value-map-fk::mherman22 ran successfully in 58ms
Running Changeset: liquibase/3.5.x.x/026-compliance-threshold-value-map.xml::026-4-unique-threshold-option::mherman22
Oct 08, 2026 8:55:08 AM liquibase.changelog
INFO: Unique constraint added to compliance_threshold_value_map(threshold_id, option_value)
Oct 08, 2026 8:55:08 AM liquibase.changelog
INFO: ChangeSet liquibase/3.5.x.x/026-compliance-threshold-value-map.xml::026-4-unique-threshold-option::mherman22 ran successfully in 1ms
Running Changeset: liquibase/3.5.x.x/026-compliance-threshold-value-map.xml::026-5-add-compliance-status-check::mherman22
Oct 08, 2026 8:55:08 AM liquibase.changelog
INFO: Custom SQL executed
Oct 08, 2026 8:55:08 AM liquibase.changelog
INFO: ChangeSet liquibase/3.5.x.x/026-compliance-threshold-value-map.xml::026-5-add-compliance-status-check::mherman22 ran successfully in 2ms
Running Changeset: liquibase/3.5.x.x/027-compliance-frs-data-model-alignment.xml::027-1-widen-compliance-standard-columns::mherman22
Oct 08, 2026 8:55:08 AM liquibase.changelog
INFO: compliance_standard.regulation_number datatype was changed to VARCHAR(255)
Oct 08, 2026 8:55:08 AM liquibase.changelog
INFO: compliance_standard.version datatype was changed to VARCHAR(100)
Oct 08, 2026 8:55:08 AM liquibase.changelog
INFO: compliance_standard.country_region datatype was changed to VARCHAR(255)
Oct 08, 2026 8:55:08 AM liquibase.changelog
INFO: ChangeSet liquibase/3.5.x.x/027-compliance-frs-data-model-alignment.xml::027-1-widen-compliance-standard-columns::mherman22 ran successfully in 3ms
Running Changeset: liquibase/3.5.x.x/027-compliance-frs-data-model-alignment.xml::027-2a-drop-old-compliance-standard-natural-key::mherman22
Oct 08, 2026 8:55:08 AM liquibase.changelog
INFO: Unique constraint uk_compliance_standard_natural_key dropped from compliance_standard
Oct 08, 2026 8:55:08 AM liquibase.changelog
INFO: ChangeSet liquibase/3.5.x.x/027-compliance-frs-data-model-alignment.xml::027-2a-drop-old-compliance-standard-natural-key::mherman22 ran successfully in 2ms
Running Changeset: liquibase/3.5.x.x/027-compliance-frs-data-model-alignment.xml::027-2b-add-new-compliance-standard-natural-key::mherman22
Oct 08, 2026 8:55:08 AM liquibase.changelog
INFO: Unique constraint added to compliance_standard(name,regulation_number,version)
Oct 08, 2026 8:55:08 AM liquibase.changelog
INFO: ChangeSet liquibase/3.5.x.x/027-compliance-frs-data-model-alignment.xml::027-2b-add-new-compliance-standard-natural-key::mherman22 ran successfully in 2ms
Running Changeset: liquibase/3.5.x.x/027-compliance-frs-data-model-alignment.xml::027-3-add-is-active-to-compliance-threshold::mherman22
Oct 08, 2026 8:55:08 AM liquibase.changelog
INFO: Columns is_active(BOOLEAN) added to compliance_threshold
Oct 08, 2026 8:55:08 AM liquibase.changelog
INFO: ChangeSet liquibase/3.5.x.x/027-compliance-frs-data-model-alignment.xml::027-3-add-is-active-to-compliance-threshold::mherman22 ran successfully in 2ms
Running Changeset: liquibase/3.5.x.x/027-compliance-frs-data-model-alignment.xml::027-4-add-threshold-test-group-type-uniqueness::mherman22
Oct 08, 2026 8:55:08 AM liquibase.changelog
INFO: Unique constraint added to compliance_threshold(test_id,group_id,threshold_type)
Oct 08, 2026 8:55:08 AM liquibase.changelog
INFO: ChangeSet liquibase/3.5.x.x/027-compliance-frs-data-model-alignment.xml::027-4-add-threshold-test-group-type-uniqueness::mherman22 ran successfully in 3ms
Running Changeset: liquibase/3.5.x.x/027-add-patient-gps-capture-config.xml::add-patient-gps-capture-config::openelis
Oct 08, 2026 8:55:08 AM liquibase.changelog
INFO: New row inserted into site_information
Oct 08, 2026 8:55:08 AM liquibase.changelog
INFO: ChangeSet liquibase/3.5.x.x/027-add-patient-gps-capture-config.xml::add-patient-gps-capture-config::openelis ran successfully in 1ms
Running Changeset: liquibase/3.5.x.x/028-backfill-accession-prefix-domain.xml::backfill-accession-prefix-domain::openelis
Oct 08, 2026 8:55:08 AM liquibase.changelog
INFO: Data updated in site_information
Oct 08, 2026 8:55:08 AM liquibase.changelog
INFO: ChangeSet liquibase/3.5.x.x/028-backfill-accession-prefix-domain.xml::backfill-accession-prefix-domain::openelis ran successfully in 2ms
Running Changeset: liquibase/3.5.x.x/023-add-patient-madagascar-address-fields.xml::3.5.0-023-add-person-province::claude-uat
Oct 08, 2026 8:55:08 AM liquibase.changelog
INFO: Columns province(VARCHAR(120)) added to person
Oct 08, 2026 8:55:08 AM liquibase.changelog
INFO: ChangeSet liquibase/3.5.x.x/023-add-patient-madagascar-address-fields.xml::3.5.0-023-add-person-province::claude-uat ran successfully in 2ms
Running Changeset: liquibase/3.5.x.x/023-add-patient-madagascar-address-fields.xml::3.5.0-023-add-person-fokontany::claude-uat
Oct 08, 2026 8:55:08 AM liquibase.changelog
INFO: Columns fokontany(VARCHAR(120)) added to person
Oct 08, 2026 8:55:08 AM liquibase.changelog
INFO: ChangeSet liquibase/3.5.x.x/023-add-patient-madagascar-address-fields.xml::3.5.0-023-add-person-fokontany::claude-uat ran successfully in 1ms
Running Changeset: liquibase/3.5.x.x/023-add-patient-madagascar-address-fields.xml::3.5.0-023-add-person-hamlet-or-lot::claude-uat
Oct 08, 2026 8:55:08 AM liquibase.changelog
INFO: Columns hamlet_or_lot(VARCHAR(120)) added to person
Oct 08, 2026 8:55:08 AM liquibase.changelog
INFO: ChangeSet liquibase/3.5.x.x/023-add-patient-madagascar-address-fields.xml::3.5.0-023-add-person-hamlet-or-lot::claude-uat ran successfully in 1ms
Running Changeset: liquibase/3.5.x.x/024-migrate-madagascar-address-fields-to-identities.xml::3.5.0-024-address-hierarchy-identity-types::openelisglobal
Oct 08, 2026 8:55:08 AM liquibase.changelog
INFO: Custom SQL executed
Oct 08, 2026 8:55:08 AM liquibase.changelog
INFO: ChangeSet liquibase/3.5.x.x/024-migrate-madagascar-address-fields-to-identities.xml::3.5.0-024-address-hierarchy-identity-types::openelisglobal ran successfully in 2ms
Running Changeset: liquibase/3.5.x.x/024-migrate-madagascar-address-fields-to-identities.xml::3.5.0-024-migrate-person-province-to-address-hierarchy-0::openelisglobal
Oct 08, 2026 8:55:08 AM liquibase.changelog
INFO: Custom SQL executed
Oct 08, 2026 8:55:08 AM liquibase.changelog
INFO: ChangeSet liquibase/3.5.x.x/024-migrate-madagascar-address-fields-to-identities.xml::3.5.0-024-migrate-person-province-to-address-hierarchy-0::openelisglobal ran successfully in 2ms
Running Changeset: liquibase/3.5.x.x/024-migrate-madagascar-address-fields-to-identities.xml::3.5.0-024-migrate-person-fokontany-to-address-hierarchy-3::openelisglobal
Oct 08, 2026 8:55:08 AM liquibase.changelog
INFO: Custom SQL executed
Oct 08, 2026 8:55:08 AM liquibase.changelog
INFO: ChangeSet liquibase/3.5.x.x/024-migrate-madagascar-address-fields-to-identities.xml::3.5.0-024-migrate-person-fokontany-to-address-hierarchy-3::openelisglobal ran successfully in 1ms
Running Changeset: liquibase/3.5.x.x/024-migrate-madagascar-address-fields-to-identities.xml::3.5.0-024-migrate-person-hamlet-or-lot-to-address-hierarchy-4::openelisglobal
Oct 08, 2026 8:55:08 AM liquibase.changelog
INFO: Custom SQL executed
Oct 08, 2026 8:55:08 AM liquibase.changelog
INFO: ChangeSet liquibase/3.5.x.x/024-migrate-madagascar-address-fields-to-identities.xml::3.5.0-024-migrate-person-hamlet-or-lot-to-address-hierarchy-4::openelisglobal ran successfully in 1ms
Running Changeset: liquibase/3.5.x.x/024-migrate-madagascar-address-fields-to-identities.xml::3.5.0-024-drop-migrated-madagascar-person-address-columns::openelisglobal
Oct 08, 2026 8:55:08 AM liquibase.changelog
INFO: Custom SQL executed
Oct 08, 2026 8:55:08 AM liquibase.changelog
INFO: Column person.province dropped
Oct 08, 2026 8:55:08 AM liquibase.changelog
INFO: Column person.fokontany dropped
Oct 08, 2026 8:55:08 AM liquibase.changelog
INFO: Column person.hamlet_or_lot dropped
Oct 08, 2026 8:55:08 AM liquibase.changelog
INFO: ChangeSet liquibase/3.5.x.x/024-migrate-madagascar-address-fields-to-identities.xml::3.5.0-024-drop-migrated-madagascar-person-address-columns::openelisglobal ran successfully in 5ms
Running Changeset: liquibase/3.5.x.x/026-register-audit-ref-tables-for-p0-services.xml::026-register-audit-ref-tables-1::oe
Oct 08, 2026 8:55:08 AM liquibase.changelog
INFO: New row inserted into reference_tables
Oct 08, 2026 8:55:08 AM liquibase.changelog
INFO: ChangeSet liquibase/3.5.x.x/026-register-audit-ref-tables-for-p0-services.xml::026-register-audit-ref-tables-1::oe ran successfully in 1ms
Running Changeset: liquibase/3.5.x.x/026-register-audit-ref-tables-for-p0-services.xml::026-register-audit-ref-tables-2::oe
Oct 08, 2026 8:55:08 AM liquibase.changelog
INFO: New row inserted into reference_tables
Oct 08, 2026 8:55:08 AM liquibase.changelog
INFO: ChangeSet liquibase/3.5.x.x/026-register-audit-ref-tables-for-p0-services.xml::026-register-audit-ref-tables-2::oe ran successfully in 1ms
Running Changeset: liquibase/3.5.x.x/026-register-audit-ref-tables-for-p0-services.xml::026-register-audit-ref-tables-3::oe
Oct 08, 2026 8:55:08 AM liquibase.changelog
INFO: New row inserted into reference_tables
Oct 08, 2026 8:55:08 AM liquibase.changelog
INFO: ChangeSet liquibase/3.5.x.x/026-register-audit-ref-tables-for-p0-services.xml::026-register-audit-ref-tables-3::oe ran successfully in 1ms
Running Changeset: liquibase/3.5.x.x/026-register-audit-ref-tables-for-p0-services.xml::026-register-audit-ref-tables-4::oe
Oct 08, 2026 8:55:08 AM liquibase.changelog
INFO: New row inserted into reference_tables
Oct 08, 2026 8:55:08 AM liquibase.changelog
INFO: ChangeSet liquibase/3.5.x.x/026-register-audit-ref-tables-for-p0-services.xml::026-register-audit-ref-tables-4::oe ran successfully in 1ms
Running Changeset: liquibase/3.5.x.x/030-fix-urine-pregnancy-test-typo.xml::fix-urine-pregnancy-test-name::openelis
Oct 08, 2026 8:55:08 AM liquibase.changelog
INFO: Marking ChangeSet: liquibase/3.5.x.x/030-fix-urine-pregnancy-test-typo.xml::fix-urine-pregnancy-test-name::openelis ran despite precondition failure due to onFail='MARK_RAN': 
          liquibase/base-changelog.xml : SQL Precondition failed.  Expected '1' got '0'

Running Changeset: liquibase/3.5.x.x/030-fix-urine-pregnancy-test-typo.xml::fix-urine-pregnancy-test-description::openelis
Oct 08, 2026 8:55:08 AM liquibase.changelog
INFO: Marking ChangeSet: liquibase/3.5.x.x/030-fix-urine-pregnancy-test-typo.xml::fix-urine-pregnancy-test-description::openelis ran despite precondition failure due to onFail='MARK_RAN': 
          liquibase/base-changelog.xml : SQL Precondition failed.  Expected '1' got '0'

Running Changeset: liquibase/3.5.x.x/030-fix-urine-pregnancy-test-typo.xml::fix-urine-pregnancy-localization-value::openelis
Oct 08, 2026 8:55:08 AM liquibase.changelog
INFO: Marking ChangeSet: liquibase/3.5.x.x/030-fix-urine-pregnancy-test-typo.xml::fix-urine-pregnancy-localization-value::openelis ran despite precondition failure due to onFail='MARK_RAN': 
          liquibase/base-changelog.xml : SQL Precondition failed.  Expected '1' got '2'

Running Changeset: liquibase/3.5.x.x/031-widen-user-and-accession-columns.xml::widen-login-user-login-name-to-30::openelis
Oct 08, 2026 8:55:08 AM liquibase.changelog
INFO: login_user.login_name datatype was changed to VARCHAR(30)
Oct 08, 2026 8:55:08 AM liquibase.changelog
INFO: ChangeSet liquibase/3.5.x.x/031-widen-user-and-accession-columns.xml::widen-login-user-login-name-to-30::openelis ran successfully in 2ms
Running Changeset: liquibase/3.5.x.x/031-widen-user-and-accession-columns.xml::widen-system-user-login-name-to-30::openelis
Oct 08, 2026 8:55:08 AM liquibase.changelog
INFO: system_user.login_name datatype was changed to VARCHAR(30)
Oct 08, 2026 8:55:08 AM liquibase.changelog
INFO: ChangeSet liquibase/3.5.x.x/031-widen-user-and-accession-columns.xml::widen-system-user-login-name-to-30::openelis ran successfully in 2ms
Running Changeset: liquibase/3.5.x.x/031-widen-user-and-accession-columns.xml::widen-system-user-first-name-to-30::openelis
Oct 08, 2026 8:55:08 AM liquibase.changelog
INFO: system_user.first_name datatype was changed to VARCHAR(30)
Oct 08, 2026 8:55:08 AM liquibase.changelog
INFO: ChangeSet liquibase/3.5.x.x/031-widen-user-and-accession-columns.xml::widen-system-user-first-name-to-30::openelis ran successfully in 2ms
Running Changeset: liquibase/3.5.x.x/031-widen-user-and-accession-columns.xml::widen-sample-accession-number-to-25::openelis
Oct 08, 2026 8:55:08 AM liquibase.changelog
INFO: sample.accession_number datatype was changed to VARCHAR(25)
Oct 08, 2026 8:55:08 AM liquibase.changelog
INFO: ChangeSet liquibase/3.5.x.x/031-widen-user-and-accession-columns.xml::widen-sample-accession-number-to-25::openelis ran successfully in 2ms
Running Changeset: liquibase/3.5.x.x/031-widen-user-and-accession-columns.xml::widen-sample-barcode-to-25::openelis
Oct 08, 2026 8:55:08 AM liquibase.changelog
INFO: sample.barcode datatype was changed to VARCHAR(25)
Oct 08, 2026 8:55:08 AM liquibase.changelog
INFO: ChangeSet liquibase/3.5.x.x/031-widen-user-and-accession-columns.xml::widen-sample-barcode-to-25::openelis ran successfully in 2ms
Running Changeset: liquibase/3.5.x.x/031-widen-user-and-accession-columns.xml::widen-analyzer-results-accession-number-to-25::openelis
Oct 08, 2026 8:55:08 AM liquibase.changelog
INFO: analyzer_results.accession_number datatype was changed to VARCHAR(25)
Oct 08, 2026 8:55:08 AM liquibase.changelog
INFO: ChangeSet liquibase/3.5.x.x/031-widen-user-and-accession-columns.xml::widen-analyzer-results-accession-number-to-25::openelis ran successfully in 2ms
Running Changeset: liquibase/3.5.x.x/031-widen-user-and-accession-columns.xml::widen-barcode-label-info-code-to-30::openelis
Oct 08, 2026 8:55:08 AM liquibase.changelog
INFO: barcode_label_info.code datatype was changed to VARCHAR(30)
Oct 08, 2026 8:55:08 AM liquibase.changelog
INFO: ChangeSet liquibase/3.5.x.x/031-widen-user-and-accession-columns.xml::widen-barcode-label-info-code-to-30::openelis ran successfully in 2ms
Running Changeset: liquibase/3.5.x.x/028-vector-pool-fanout.xml::3.5.0-028-create-vector-pool-seq::mherman22
Oct 08, 2026 8:55:08 AM liquibase.changelog
INFO: Sequence vector_pool_seq created
Oct 08, 2026 8:55:08 AM liquibase.changelog
INFO: ChangeSet liquibase/3.5.x.x/028-vector-pool-fanout.xml::3.5.0-028-create-vector-pool-seq::mherman22 ran successfully in 9ms
Running Changeset: liquibase/3.5.x.x/028-vector-pool-fanout.xml::3.5.0-028-create-vector-pool::mherman22
Oct 08, 2026 8:55:08 AM liquibase.changelog
INFO: Table vector_pool created
Oct 08, 2026 8:55:08 AM liquibase.changelog
INFO: Index ix_vector_pool_sample_id created
Oct 08, 2026 8:55:08 AM liquibase.changelog
INFO: ChangeSet liquibase/3.5.x.x/028-vector-pool-fanout.xml::3.5.0-028-create-vector-pool::mherman22 ran successfully in 17ms
Running Changeset: liquibase/3.5.x.x/028-vector-pool-fanout.xml::3.5.0-028-create-vector-pool-member::mherman22
Oct 08, 2026 8:55:08 AM liquibase.changelog
INFO: Table vector_pool_member created
Oct 08, 2026 8:55:08 AM liquibase.changelog
INFO: Primary key added to vector_pool_member (vector_pool_id, sample_item_id)
Oct 08, 2026 8:55:08 AM liquibase.changelog
INFO: Index ix_vpm_sample_item created
Oct 08, 2026 8:55:08 AM liquibase.changelog
INFO: ChangeSet liquibase/3.5.x.x/028-vector-pool-fanout.xml::3.5.0-028-create-vector-pool-member::mherman22 ran successfully in 16ms
Running Changeset: liquibase/3.5.x.x/028-vector-pool-fanout.xml::3.5.0-028-add-analysis-vector-pool-id::mherman22
Oct 08, 2026 8:55:08 AM liquibase.changelog
INFO: Columns vector_pool_id(NUMERIC(10,0)) added to analysis
Oct 08, 2026 8:55:08 AM liquibase.changelog
INFO: ChangeSet liquibase/3.5.x.x/028-vector-pool-fanout.xml::3.5.0-028-add-analysis-vector-pool-id::mherman22 ran successfully in 2ms
Running Changeset: liquibase/3.5.x.x/028-vector-pool-fanout.xml::3.5.0-028-relax-analysis-sampitem-not-null::mherman22
Oct 08, 2026 8:55:08 AM liquibase.changelog
INFO: Marking ChangeSet: liquibase/3.5.x.x/028-vector-pool-fanout.xml::3.5.0-028-relax-analysis-sampitem-not-null::mherman22 ran despite precondition failure due to onFail='MARK_RAN': 
          liquibase/base-changelog.xml : SQL Precondition failed.  Expected 'NO' got 'YES'

Running Changeset: liquibase/3.5.x.x/028-vector-pool-fanout.xml::3.5.0-028-add-analysis-pool-or-item-check-legacy-rows::mozzy11
Oct 08, 2026 8:55:08 AM liquibase.changelog
INFO: Marking ChangeSet: liquibase/3.5.x.x/028-vector-pool-fanout.xml::3.5.0-028-add-analysis-pool-or-item-check-legacy-rows::mozzy11 ran despite precondition failure due to onFail='MARK_RAN': 
          liquibase/base-changelog.xml : Not precondition failed

Running Changeset: liquibase/3.5.x.x/028-vector-pool-fanout.xml::3.5.0-028-add-analysis-pool-or-item-check::mherman22
Oct 08, 2026 8:55:08 AM liquibase.changelog
INFO: Custom SQL executed
Oct 08, 2026 8:55:08 AM liquibase.changelog
INFO: ChangeSet liquibase/3.5.x.x/028-vector-pool-fanout.xml::3.5.0-028-add-analysis-pool-or-item-check::mherman22 ran successfully in 2ms
Running Changeset: liquibase/3.5.x.x/028-vector-pool-fanout.xml::3.5.0-028-index-analysis-vector-pool-id::mherman22
Oct 08, 2026 8:55:09 AM liquibase.changelog
INFO: Index ix_analysis_vector_pool_id created
Oct 08, 2026 8:55:09 AM liquibase.changelog
INFO: ChangeSet liquibase/3.5.x.x/028-vector-pool-fanout.xml::3.5.0-028-index-analysis-vector-pool-id::mherman22 ran successfully in 45ms
Running Changeset: liquibase/3.5.x.x/028-vector-sampling-site-add-fields.xml::3.5.0.0-vector-sampling-site-add-subtype::reagan-meant
Oct 08, 2026 8:55:09 AM liquibase.changelog
INFO: Columns subtype(VARCHAR(200)) added to vector_sampling_site
Oct 08, 2026 8:55:09 AM liquibase.changelog
INFO: ChangeSet liquibase/3.5.x.x/028-vector-sampling-site-add-fields.xml::3.5.0.0-vector-sampling-site-add-subtype::reagan-meant ran successfully in 1ms
Running Changeset: liquibase/3.5.x.x/028-vector-sampling-site-add-fields.xml::3.5.0.0-vector-sampling-site-drop-address::reagan-meant
Oct 08, 2026 8:55:09 AM liquibase.changelog
INFO: Column vector_sampling_site.address dropped
Oct 08, 2026 8:55:09 AM liquibase.changelog
INFO: ChangeSet liquibase/3.5.x.x/028-vector-sampling-site-add-fields.xml::3.5.0.0-vector-sampling-site-drop-address::reagan-meant ran successfully in 1ms
Running Changeset: liquibase/3.5.x.x/028-vector-sampling-site-add-fields.xml::3.5.0.0-vector-sampling-site-add-location-org-id::reagan-meant
Oct 08, 2026 8:55:09 AM liquibase.changelog
INFO: Columns location_org_id(VARCHAR(255)) added to vector_sampling_site
Oct 08, 2026 8:55:09 AM liquibase.changelog
INFO: ChangeSet liquibase/3.5.x.x/028-vector-sampling-site-add-fields.xml::3.5.0.0-vector-sampling-site-add-location-org-id::reagan-meant ran successfully in 1ms
Running Changeset: liquibase/3.5.x.x/029-barcode-label-info-uk.xml::3.5.0-029-dedupe-barcode-label-info::mherman22
Oct 08, 2026 8:55:09 AM liquibase.changelog
INFO: Custom SQL executed
Oct 08, 2026 8:55:09 AM liquibase.changelog
INFO: ChangeSet liquibase/3.5.x.x/029-barcode-label-info-uk.xml::3.5.0-029-dedupe-barcode-label-info::mherman22 ran successfully in 49ms
Running Changeset: liquibase/3.5.x.x/029-barcode-label-info-uk.xml::3.5.0-029-add-barcode-label-info-code-uk::mherman22
Oct 08, 2026 8:55:09 AM liquibase.changelog
INFO: Unique constraint added to barcode_label_info(code)
Oct 08, 2026 8:55:09 AM liquibase.changelog
INFO: ChangeSet liquibase/3.5.x.x/029-barcode-label-info-uk.xml::3.5.0-029-add-barcode-label-info-code-uk::mherman22 ran successfully in 47ms
Running Changeset: liquibase/3.5.x.x/029-sample-item-env-manifest-fields.xml::3.5.0.0-sample-item-add-container::reagan-meant
Oct 08, 2026 8:55:09 AM liquibase.changelog
INFO: Columns container(VARCHAR(255)) added to sample_item
Oct 08, 2026 8:55:09 AM liquibase.changelog
INFO: ChangeSet liquibase/3.5.x.x/029-sample-item-env-manifest-fields.xml::3.5.0.0-sample-item-add-container::reagan-meant ran successfully in 1ms
Running Changeset: liquibase/3.5.x.x/029-sample-item-env-manifest-fields.xml::3.5.0.0-sample-item-add-location-details::reagan-meant
Oct 08, 2026 8:55:09 AM liquibase.changelog
INFO: Columns location_details(VARCHAR(255)) added to sample_item
Oct 08, 2026 8:55:09 AM liquibase.changelog
INFO: ChangeSet liquibase/3.5.x.x/029-sample-item-env-manifest-fields.xml::3.5.0.0-sample-item-add-location-details::reagan-meant ran successfully in 2ms
Running Changeset: liquibase/3.5.x.x/029-sample-item-env-manifest-fields.xml::3.5.0.0-sample-item-add-gps-latitude::reagan-meant
Oct 08, 2026 8:55:09 AM liquibase.changelog
INFO: Columns gps_latitude(VARCHAR(30)) added to sample_item
Oct 08, 2026 8:55:09 AM liquibase.changelog
INFO: ChangeSet liquibase/3.5.x.x/029-sample-item-env-manifest-fields.xml::3.5.0.0-sample-item-add-gps-latitude::reagan-meant ran successfully in 3ms
Running Changeset: liquibase/3.5.x.x/029-sample-item-env-manifest-fields.xml::3.5.0.0-sample-item-add-gps-longitude::reagan-meant
Oct 08, 2026 8:55:09 AM liquibase.changelog
INFO: Columns gps_longitude(VARCHAR(30)) added to sample_item
Oct 08, 2026 8:55:09 AM liquibase.changelog
INFO: ChangeSet liquibase/3.5.x.x/029-sample-item-env-manifest-fields.xml::3.5.0.0-sample-item-add-gps-longitude::reagan-meant ran successfully in 2ms
Running Changeset: liquibase/3.5.x.x/031-env-collection-condition-observation-types.xml::3.5.0.0-add-env-water-temp::reagan-meant
Oct 08, 2026 8:55:09 AM liquibase.changelog
INFO: New row inserted into observation_history_type
Oct 08, 2026 8:55:09 AM liquibase.changelog
INFO: ChangeSet liquibase/3.5.x.x/031-env-collection-condition-observation-types.xml::3.5.0.0-add-env-water-temp::reagan-meant ran successfully in 1ms
Running Changeset: liquibase/3.5.x.x/031-env-collection-condition-observation-types.xml::3.5.0.0-add-env-ambient-temp::reagan-meant
Oct 08, 2026 8:55:09 AM liquibase.changelog
INFO: New row inserted into observation_history_type
Oct 08, 2026 8:55:09 AM liquibase.changelog
INFO: ChangeSet liquibase/3.5.x.x/031-env-collection-condition-observation-types.xml::3.5.0.0-add-env-ambient-temp::reagan-meant ran successfully in 1ms
Running Changeset: liquibase/3.5.x.x/031-env-collection-condition-observation-types.xml::3.5.0.0-add-env-weather::reagan-meant
Oct 08, 2026 8:55:09 AM liquibase.changelog
INFO: New row inserted into observation_history_type
Oct 08, 2026 8:55:09 AM liquibase.changelog
INFO: ChangeSet liquibase/3.5.x.x/031-env-collection-condition-observation-types.xml::3.5.0.0-add-env-weather::reagan-meant ran successfully in 1ms
Running Changeset: liquibase/3.5.x.x/031-env-collection-condition-observation-types.xml::3.5.0.0-add-env-preservation-method::reagan-meant
Oct 08, 2026 8:55:09 AM liquibase.changelog
INFO: New row inserted into observation_history_type
Oct 08, 2026 8:55:09 AM liquibase.changelog
INFO: ChangeSet liquibase/3.5.x.x/031-env-collection-condition-observation-types.xml::3.5.0.0-add-env-preservation-method::reagan-meant ran successfully in 1ms
Running Changeset: liquibase/3.5.x.x/031-env-collection-condition-observation-types.xml::3.5.0.0-add-env-field-notes::reagan-meant
Oct 08, 2026 8:55:09 AM liquibase.changelog
INFO: New row inserted into observation_history_type
Oct 08, 2026 8:55:09 AM liquibase.changelog
INFO: ChangeSet liquibase/3.5.x.x/031-env-collection-condition-observation-types.xml::3.5.0.0-add-env-field-notes::reagan-meant ran successfully in 1ms
Running Changeset: liquibase/3.5.x.x/030-remove-environmental-collect-menu.xml::nav-env-030-deactivate-collect::reagan-meant
Oct 08, 2026 8:55:09 AM liquibase.changelog
INFO: Data updated in menu
Oct 08, 2026 8:55:09 AM liquibase.changelog
INFO: ChangeSet liquibase/3.5.x.x/030-remove-environmental-collect-menu.xml::nav-env-030-deactivate-collect::reagan-meant ran successfully in 2ms
Running Changeset: liquibase/3.5.x.x/030-remove-environmental-collect-menu.xml::nav-env-030-reorder-label::reagan-meant
Oct 08, 2026 8:55:09 AM liquibase.changelog
INFO: Data updated in menu
Oct 08, 2026 8:55:09 AM liquibase.changelog
INFO: ChangeSet liquibase/3.5.x.x/030-remove-environmental-collect-menu.xml::nav-env-030-reorder-label::reagan-meant ran successfully in 1ms
Running Changeset: liquibase/3.5.x.x/030-remove-environmental-collect-menu.xml::nav-env-030-reorder-qa::reagan-meant
Oct 08, 2026 8:55:09 AM liquibase.changelog
INFO: Data updated in menu
Oct 08, 2026 8:55:09 AM liquibase.changelog
INFO: ChangeSet liquibase/3.5.x.x/030-remove-environmental-collect-menu.xml::nav-env-030-reorder-qa::reagan-meant ran successfully in 1ms
Running Changeset: liquibase/3.5.x.x/032-env-compliance-standards-observation-type.xml::3.5.0.0-add-env-compliance-standards::reagan-meant
Oct 08, 2026 8:55:09 AM liquibase.changelog
INFO: New row inserted into observation_history_type
Oct 08, 2026 8:55:09 AM liquibase.changelog
INFO: ChangeSet liquibase/3.5.x.x/032-env-compliance-standards-observation-type.xml::3.5.0.0-add-env-compliance-standards::reagan-meant ran successfully in 1ms
Running Changeset: liquibase/3.5.x.x/026-v03-vector-testing-identification.xml::3.4.0.0-v03-add-sample-identification-status::mherman22
Oct 08, 2026 8:55:09 AM liquibase.changelog
INFO: Columns identification_status(VARCHAR(30)) added to sample
Oct 08, 2026 8:55:09 AM liquibase.changelog
INFO: ChangeSet liquibase/3.5.x.x/026-v03-vector-testing-identification.xml::3.4.0.0-v03-add-sample-identification-status::mherman22 ran successfully in 3ms
Running Changeset: liquibase/3.5.x.x/026-v03-vector-testing-identification.xml::3.4.0.0-v03-add-sample-deconvolution-status::mherman22
Oct 08, 2026 8:55:09 AM liquibase.changelog
INFO: Columns deconvolution_status(VARCHAR(30)) added to sample
Oct 08, 2026 8:55:09 AM liquibase.changelog
INFO: ChangeSet liquibase/3.5.x.x/026-v03-vector-testing-identification.xml::3.4.0.0-v03-add-sample-deconvolution-status::mherman22 ran successfully in 2ms
Running Changeset: liquibase/3.5.x.x/026-v03-vector-testing-identification.xml::3.4.0.0-v03-add-sample-deconvolution-outcome-pct::mherman22
Oct 08, 2026 8:55:09 AM liquibase.changelog
INFO: Columns deconvolution_outcome_pct(NUMERIC(5,2)) added to sample
Oct 08, 2026 8:55:09 AM liquibase.changelog
INFO: ChangeSet liquibase/3.5.x.x/026-v03-vector-testing-identification.xml::3.4.0.0-v03-add-sample-deconvolution-outcome-pct::mherman22 ran successfully in 4ms
Running Changeset: liquibase/3.5.x.x/026-v03-vector-testing-identification.xml::3.4.0.0-v03-add-sample-item-collection-location::mherman22
Oct 08, 2026 8:55:09 AM liquibase.changelog
INFO: Columns collection_location_id(NUMERIC(10,0)) added to sample_item
Oct 08, 2026 8:55:09 AM liquibase.changelog
INFO: ChangeSet liquibase/3.5.x.x/026-v03-vector-testing-identification.xml::3.4.0.0-v03-add-sample-item-collection-location::mherman22 ran successfully in 3ms
Running Changeset: liquibase/3.5.x.x/026-v03-vector-testing-identification.xml::3.4.0.0-v03-add-sample-item-collection-notes::mherman22
Oct 08, 2026 8:55:09 AM liquibase.changelog
INFO: Columns collection_notes(VARCHAR(500)) added to sample_item
Oct 08, 2026 8:55:09 AM liquibase.changelog
INFO: ChangeSet liquibase/3.5.x.x/026-v03-vector-testing-identification.xml::3.4.0.0-v03-add-sample-item-collection-notes::mherman22 ran successfully in 1ms
Running Changeset: liquibase/3.5.x.x/026-v03-vector-testing-identification.xml::3.4.0.0-v03-create-vector-specimen-identification-seq::mherman22
Oct 08, 2026 8:55:09 AM liquibase.changelog
INFO: Sequence vector_specimen_identification_seq created
Oct 08, 2026 8:55:09 AM liquibase.changelog
INFO: ChangeSet liquibase/3.5.x.x/026-v03-vector-testing-identification.xml::3.4.0.0-v03-create-vector-specimen-identification-seq::mherman22 ran successfully in 10ms
Running Changeset: liquibase/3.5.x.x/026-v03-vector-testing-identification.xml::3.4.0.0-v03-create-vector-specimen-identification-table::mherman22
Oct 08, 2026 8:55:09 AM liquibase.changelog
INFO: Table vector_specimen_identification created
Oct 08, 2026 8:55:09 AM liquibase.changelog
INFO: ChangeSet liquibase/3.5.x.x/026-v03-vector-testing-identification.xml::3.4.0.0-v03-create-vector-specimen-identification-table::mherman22 ran successfully in 14ms
Running Changeset: liquibase/3.5.x.x/026-v03-vector-testing-identification.xml::3.4.0.0-v03-create-vector-molecular-record-seq::mherman22
Oct 08, 2026 8:55:09 AM liquibase.changelog
INFO: Sequence vector_molecular_record_seq created
Oct 08, 2026 8:55:09 AM liquibase.changelog
INFO: ChangeSet liquibase/3.5.x.x/026-v03-vector-testing-identification.xml::3.4.0.0-v03-create-vector-molecular-record-seq::mherman22 ran successfully in 9ms
Running Changeset: liquibase/3.5.x.x/026-v03-vector-testing-identification.xml::3.4.0.0-v03-create-vector-molecular-record-table::mherman22
Oct 08, 2026 8:55:09 AM liquibase.changelog
INFO: Table vector_molecular_record created
Oct 08, 2026 8:55:09 AM liquibase.changelog
INFO: ChangeSet liquibase/3.5.x.x/026-v03-vector-testing-identification.xml::3.4.0.0-v03-create-vector-molecular-record-table::mherman22 ran successfully in 16ms
Running Changeset: liquibase/3.5.x.x/026-v03-vector-testing-identification.xml::3.4.0.0-v03-menu-vector-identification::mherman22
Oct 08, 2026 8:55:09 AM liquibase.changelog
INFO: New row inserted into menu
Oct 08, 2026 8:55:09 AM liquibase.changelog
INFO: ChangeSet liquibase/3.5.x.x/026-v03-vector-testing-identification.xml::3.4.0.0-v03-menu-vector-identification::mherman22 ran successfully in 2ms
Running Changeset: liquibase/3.5.x.x/026-v03-vector-testing-identification.xml::3.4.0.0-v03-add-pool-decon-status::mherman22
Oct 08, 2026 8:55:09 AM liquibase.changelog
INFO: Columns deconvolution_status(VARCHAR(30)) added to vector_pool
Oct 08, 2026 8:55:09 AM liquibase.changelog
INFO: ChangeSet liquibase/3.5.x.x/026-v03-vector-testing-identification.xml::3.4.0.0-v03-add-pool-decon-status::mherman22 ran successfully in 2ms
Running Changeset: liquibase/3.5.x.x/026-v03-vector-testing-identification.xml::3.4.0.0-v03-add-pool-decon-outcome-pct::mherman22
Oct 08, 2026 8:55:09 AM liquibase.changelog
INFO: Columns deconvolution_outcome_pct(DOUBLE PRECISION) added to vector_pool
Oct 08, 2026 8:55:09 AM liquibase.changelog
INFO: ChangeSet liquibase/3.5.x.x/026-v03-vector-testing-identification.xml::3.4.0.0-v03-add-pool-decon-outcome-pct::mherman22 ran successfully in 2ms
Running Changeset: liquibase/3.5.x.x/026-v03-vector-testing-identification.xml::3.5.0-034-drop-vector-pool-decon-status::mherman22
Oct 08, 2026 8:55:09 AM liquibase.changelog
INFO: Column vector_pool.deconvolution_status dropped
Oct 08, 2026 8:55:09 AM liquibase.changelog
INFO: ChangeSet liquibase/3.5.x.x/026-v03-vector-testing-identification.xml::3.5.0-034-drop-vector-pool-decon-status::mherman22 ran successfully in 2ms
Running Changeset: liquibase/3.5.x.x/026-v03-vector-testing-identification.xml::3.5.0-034-drop-vector-pool-decon-outcome-pct::mherman22
Oct 08, 2026 8:55:09 AM liquibase.changelog
INFO: Column vector_pool.deconvolution_outcome_pct dropped
Oct 08, 2026 8:55:09 AM liquibase.changelog
INFO: ChangeSet liquibase/3.5.x.x/026-v03-vector-testing-identification.xml::3.5.0-034-drop-vector-pool-decon-outcome-pct::mherman22 ran successfully in 2ms
Running Changeset: liquibase/3.5.x.x/026-v03-vector-testing-identification.xml::3.5.0-035-vector-pool-add-external-id::mherman22
Oct 08, 2026 8:55:09 AM liquibase.changelog
INFO: Columns external_id(VARCHAR(255)) added to vector_pool
Oct 08, 2026 8:55:09 AM liquibase.changelog
INFO: ChangeSet liquibase/3.5.x.x/026-v03-vector-testing-identification.xml::3.5.0-035-vector-pool-add-external-id::mherman22 ran successfully in 2ms
Running Changeset: liquibase/3.5.x.x/036-vector-pool-decon-status.xml::3.5.0-036-vector-pool-add-decon-status::mherman22
Oct 08, 2026 8:55:09 AM liquibase.changelog
INFO: Columns deconvolution_status(VARCHAR(30)) added to vector_pool
Oct 08, 2026 8:55:09 AM liquibase.changelog
INFO: ChangeSet liquibase/3.5.x.x/036-vector-pool-decon-status.xml::3.5.0-036-vector-pool-add-decon-status::mherman22 ran successfully in 2ms
Running Changeset: liquibase/3.5.x.x/036-vector-pool-decon-status.xml::3.5.0-036-vector-pool-add-decon-outcome-pct::mherman22
Oct 08, 2026 8:55:09 AM liquibase.changelog
INFO: Columns deconvolution_outcome_pct(NUMERIC(5,2)) added to vector_pool
Oct 08, 2026 8:55:09 AM liquibase.changelog
INFO: ChangeSet liquibase/3.5.x.x/036-vector-pool-decon-status.xml::3.5.0-036-vector-pool-add-decon-outcome-pct::mherman22 ran successfully in 1ms
Running Changeset: liquibase/3.5.x.x/037-vector-pool-external-id-resize.xml::037-vector-pool-external-id-resize::mherman22
Oct 08, 2026 8:55:09 AM liquibase.changelog
INFO: vector_pool.external_id datatype was changed to VARCHAR(64)
Oct 08, 2026 8:55:09 AM liquibase.changelog
INFO: ChangeSet liquibase/3.5.x.x/037-vector-pool-external-id-resize.xml::037-vector-pool-external-id-resize::mherman22 ran successfully in 2ms
Running Changeset: liquibase/3.5.x.x/038-vector-status-move-to-pool.xml::038-vector-pool-add-identification-status::mherman22
Oct 08, 2026 8:55:09 AM liquibase.changelog
INFO: Columns identification_status(VARCHAR(30)) added to vector_pool
Oct 08, 2026 8:55:09 AM liquibase.changelog
INFO: ChangeSet liquibase/3.5.x.x/038-vector-status-move-to-pool.xml::038-vector-pool-add-identification-status::mherman22 ran successfully in 2ms
Running Changeset: liquibase/3.5.x.x/038-vector-status-move-to-pool.xml::038-sample-drop-identification-status::mherman22
Oct 08, 2026 8:55:09 AM liquibase.changelog
INFO: Column sample.identification_status dropped
Oct 08, 2026 8:55:09 AM liquibase.changelog
INFO: ChangeSet liquibase/3.5.x.x/038-vector-status-move-to-pool.xml::038-sample-drop-identification-status::mherman22 ran successfully in 1ms
Running Changeset: liquibase/3.5.x.x/038-vector-status-move-to-pool.xml::038-sample-drop-deconvolution-status::mherman22
Oct 08, 2026 8:55:09 AM liquibase.changelog
INFO: Column sample.deconvolution_status dropped
Oct 08, 2026 8:55:09 AM liquibase.changelog
INFO: ChangeSet liquibase/3.5.x.x/038-vector-status-move-to-pool.xml::038-sample-drop-deconvolution-status::mherman22 ran successfully in 2ms
Running Changeset: liquibase/3.5.x.x/038-vector-status-move-to-pool.xml::038-sample-drop-deconvolution-outcome-pct::mherman22
Oct 08, 2026 8:55:09 AM liquibase.changelog
INFO: Column sample.deconvolution_outcome_pct dropped
Oct 08, 2026 8:55:09 AM liquibase.changelog
INFO: ChangeSet liquibase/3.5.x.x/038-vector-status-move-to-pool.xml::038-sample-drop-deconvolution-outcome-pct::mherman22 ran successfully in 1ms
Running Changeset: liquibase/3.5.x.x/033-compliance-result-limits.xml::3.5.0.0-sample-compliance-standards-table::reagan-meant
Oct 08, 2026 8:55:09 AM liquibase.changelog
INFO: Table sample_compliance_standards created
Oct 08, 2026 8:55:09 AM liquibase.changelog
INFO: Index idx_scs_sample_id created
Oct 08, 2026 8:55:09 AM liquibase.changelog
INFO: ChangeSet liquibase/3.5.x.x/033-compliance-result-limits.xml::3.5.0.0-sample-compliance-standards-table::reagan-meant ran successfully in 15ms
Running Changeset: liquibase/3.5.x.x/033-compliance-result-limits.xml::3.5.0.0-sample-compliance-standards-add-last-updated::reagan-meant
Oct 08, 2026 8:55:09 AM liquibase.changelog
INFO: Columns last_updated(TIMESTAMP) added to sample_compliance_standards
Oct 08, 2026 8:55:09 AM liquibase.changelog
INFO: ChangeSet liquibase/3.5.x.x/033-compliance-result-limits.xml::3.5.0.0-sample-compliance-standards-add-last-updated::reagan-meant ran successfully in 2ms
Running Changeset: liquibase/3.5.x.x/035-move-required-by-to-sample.xml::OGC-625-2026-06-01-1::reagan-meant
Oct 08, 2026 8:55:09 AM liquibase.changelog
INFO: Columns required_by(TIMESTAMP) added to sample
Oct 08, 2026 8:55:09 AM liquibase.changelog
INFO: ChangeSet liquibase/3.5.x.x/035-move-required-by-to-sample.xml::OGC-625-2026-06-01-1::reagan-meant ran successfully in 1ms
Running Changeset: liquibase/3.5.x.x/036-0-stash-upgrade-alert-types.xml::3.5.0-036-0-stash-upgrade-alert-types::mozzy11
Oct 08, 2026 8:55:09 AM liquibase.changelog
INFO: Custom SQL executed
Oct 08, 2026 8:55:09 AM liquibase.changelog
INFO: ChangeSet liquibase/3.5.x.x/036-0-stash-upgrade-alert-types.xml::3.5.0-036-0-stash-upgrade-alert-types::mozzy11 ran successfully in 2ms
Running Changeset: liquibase/3.5.x.x/036-add-required-by-alert-type.xml::OGC-625-2026-06-02-1::reagan-meant
Oct 08, 2026 8:55:09 AM liquibase.changelog
INFO: Custom SQL executed
Oct 08, 2026 8:55:09 AM liquibase.changelog
INFO: ChangeSet liquibase/3.5.x.x/036-add-required-by-alert-type.xml::OGC-625-2026-06-02-1::reagan-meant ran successfully in 2ms
Running Changeset: liquibase/3.5.x.x/037-add-lab-performed-sampling-to-sample-item.xml::OGC-625-2026-06-02-1-lab-performed-sampling::reagan-meant
Oct 08, 2026 8:55:09 AM liquibase.changelog
INFO: Columns lab_performed_sampling(BOOLEAN) added to sample_item
Oct 08, 2026 8:55:09 AM liquibase.changelog
INFO: ChangeSet liquibase/3.5.x.x/037-add-lab-performed-sampling-to-sample-item.xml::OGC-625-2026-06-02-1-lab-performed-sampling::reagan-meant ran successfully in 1ms
Running Changeset: liquibase/3.5.x.x/039-test-method-links.xml::OGC-746-method-code-column::OGC
Oct 08, 2026 8:55:09 AM liquibase.changelog
INFO: Columns code(VARCHAR(20)) added to method
Oct 08, 2026 8:55:09 AM liquibase.changelog
INFO: ChangeSet liquibase/3.5.x.x/039-test-method-links.xml::OGC-746-method-code-column::OGC ran successfully in 2ms
Running Changeset: liquibase/3.5.x.x/039-test-method-links.xml::OGC-746-test-method-seq::OGC
Oct 08, 2026 8:55:09 AM liquibase.changelog
INFO: Sequence test_method_seq created
Oct 08, 2026 8:55:09 AM liquibase.changelog
INFO: ChangeSet liquibase/3.5.x.x/039-test-method-links.xml::OGC-746-test-method-seq::OGC ran successfully in 1ms
Running Changeset: liquibase/3.5.x.x/039-test-method-links.xml::OGC-746-test-method-table::OGC
Oct 08, 2026 8:55:09 AM liquibase.changelog
INFO: Table test_method created
Oct 08, 2026 8:55:09 AM liquibase.changelog
INFO: ChangeSet liquibase/3.5.x.x/039-test-method-links.xml::OGC-746-test-method-table::OGC ran successfully in 1ms
Running Changeset: liquibase/3.5.x.x/040-compliance-report-generation.xml::040-compliance-report-generation::reagan-meant
Oct 08, 2026 8:55:09 AM liquibase.changelog
INFO: Table compliance_report_generation created
Oct 08, 2026 8:55:09 AM liquibase.changelog
INFO: Foreign key constraint added to compliance_report_generation (sample_id)
Oct 08, 2026 8:55:09 AM liquibase.changelog
INFO: Index idx_crg_sample_id created
Oct 08, 2026 8:55:09 AM liquibase.changelog
INFO: Index idx_crg_generated_at created
Oct 08, 2026 8:55:09 AM liquibase.changelog
INFO: ChangeSet liquibase/3.5.x.x/040-compliance-report-generation.xml::040-compliance-report-generation::reagan-meant ran successfully in 3ms
Running Changeset: liquibase/3.5.x.x/041-laporan-hasil-menu.xml::add-environmental-reports-menu-folder::reagan-meant
Oct 08, 2026 8:55:09 AM liquibase.changelog
INFO: Custom SQL executed
Oct 08, 2026 8:55:09 AM liquibase.changelog
INFO: ChangeSet liquibase/3.5.x.x/041-laporan-hasil-menu.xml::add-environmental-reports-menu-folder::reagan-meant ran successfully in 2ms
Running Changeset: liquibase/3.5.x.x/041-laporan-hasil-menu.xml::add-laporan-hasil-menu-entry::reagan-meant
Oct 08, 2026 8:55:09 AM liquibase.changelog
INFO: Custom SQL executed
Oct 08, 2026 8:55:09 AM liquibase.changelog
INFO: ChangeSet liquibase/3.5.x.x/041-laporan-hasil-menu.xml::add-laporan-hasil-menu-entry::reagan-meant ran successfully in 1ms
Running Changeset: liquibase/3.5.x.x/043-manual-entry-field-map.xml::3.5.0.0-create-manual-entry-field-map-seq::openelis
Oct 08, 2026 8:55:09 AM liquibase.changelog
INFO: Sequence manual_entry_field_map_seq created
Oct 08, 2026 8:55:09 AM liquibase.changelog
INFO: ChangeSet liquibase/3.5.x.x/043-manual-entry-field-map.xml::3.5.0.0-create-manual-entry-field-map-seq::openelis ran successfully in 12ms
Running Changeset: liquibase/3.5.x.x/043-manual-entry-field-map.xml::3.5.0.0-create-manual-entry-field-map-table::openelis
Oct 08, 2026 8:55:09 AM liquibase.changelog
INFO: Table manual_entry_field_map created
Oct 08, 2026 8:55:09 AM liquibase.changelog
INFO: ChangeSet liquibase/3.5.x.x/043-manual-entry-field-map.xml::3.5.0.0-create-manual-entry-field-map-table::openelis ran successfully in 14ms
Running Changeset: liquibase/3.5.x.x/043-manual-entry-field-map.xml::3.5.0.0-register-manual-entry-field-map-audit::openelis
Oct 08, 2026 8:55:09 AM liquibase.changelog
INFO: New row inserted into reference_tables
Oct 08, 2026 8:55:09 AM liquibase.changelog
INFO: ChangeSet liquibase/3.5.x.x/043-manual-entry-field-map.xml::3.5.0.0-register-manual-entry-field-map-audit::openelis ran successfully in 1ms
Running Changeset: liquibase/3.5.x.x/043-manual-entry-field-map.xml::3.5.0.0-seed-manual-entry-field-map::openelis
Oct 08, 2026 8:55:09 AM liquibase.changelog
INFO: New row inserted into manual_entry_field_map
Oct 08, 2026 8:55:09 AM liquibase.changelog
INFO: New row inserted into manual_entry_field_map
Oct 08, 2026 8:55:09 AM liquibase.changelog
INFO: New row inserted into manual_entry_field_map
Oct 08, 2026 8:55:09 AM liquibase.changelog
INFO: New row inserted into manual_entry_field_map
Oct 08, 2026 8:55:09 AM liquibase.changelog
INFO: New row inserted into manual_entry_field_map
Oct 08, 2026 8:55:09 AM liquibase.changelog
INFO: New row inserted into manual_entry_field_map
Oct 08, 2026 8:55:09 AM liquibase.changelog
INFO: New row inserted into manual_entry_field_map
Oct 08, 2026 8:55:09 AM liquibase.changelog
INFO: New row inserted into manual_entry_field_map
Oct 08, 2026 8:55:09 AM liquibase.changelog
INFO: ChangeSet liquibase/3.5.x.x/043-manual-entry-field-map.xml::3.5.0.0-seed-manual-entry-field-map::openelis ran successfully in 4ms
Running Changeset: liquibase/3.5.x.x/044-manual-entry-submission-audit.xml::3.5.0.0-create-manual-entry-submission-audit-seq::openelis
Oct 08, 2026 8:55:09 AM liquibase.changelog
INFO: Sequence manual_entry_submission_audit_seq created
Oct 08, 2026 8:55:09 AM liquibase.changelog
INFO: ChangeSet liquibase/3.5.x.x/044-manual-entry-submission-audit.xml::3.5.0.0-create-manual-entry-submission-audit-seq::openelis ran successfully in 10ms
Running Changeset: liquibase/3.5.x.x/044-manual-entry-submission-audit.xml::3.5.0.0-create-manual-entry-submission-audit-table::openelis
Oct 08, 2026 8:55:09 AM liquibase.changelog
INFO: Table manual_entry_submission_audit created
Oct 08, 2026 8:55:09 AM liquibase.changelog
INFO: ChangeSet liquibase/3.5.x.x/044-manual-entry-submission-audit.xml::3.5.0.0-create-manual-entry-submission-audit-table::openelis ran successfully in 14ms
Running Changeset: liquibase/3.5.x.x/045-manual-entry-permissions.xml::045-manual-entry-helper-module::openelis
Oct 08, 2026 8:55:09 AM liquibase.changelog
INFO: New row inserted into system_module
Oct 08, 2026 8:55:09 AM liquibase.changelog
INFO: ChangeSet liquibase/3.5.x.x/045-manual-entry-permissions.xml::045-manual-entry-helper-module::openelis ran successfully in 1ms
Running Changeset: liquibase/3.5.x.x/045-manual-entry-permissions.xml::045-manual-entry-helper-url-view::openelis
Oct 08, 2026 8:55:09 AM liquibase.changelog
INFO: New row inserted into system_module_url
Oct 08, 2026 8:55:09 AM liquibase.changelog
INFO: ChangeSet liquibase/3.5.x.x/045-manual-entry-permissions.xml::045-manual-entry-helper-url-view::openelis ran successfully in 2ms
Running Changeset: liquibase/3.5.x.x/045-manual-entry-permissions.xml::045-manual-entry-helper-url-submit::openelis
Oct 08, 2026 8:55:09 AM liquibase.changelog
INFO: New row inserted into system_module_url
Oct 08, 2026 8:55:09 AM liquibase.changelog
INFO: ChangeSet liquibase/3.5.x.x/045-manual-entry-permissions.xml::045-manual-entry-helper-url-submit::openelis ran successfully in 1ms
Running Changeset: liquibase/3.5.x.x/045-manual-entry-permissions.xml::045-manual-entry-helper-url-ui::openelis
Oct 08, 2026 8:55:09 AM liquibase.changelog
INFO: New row inserted into system_module_url
Oct 08, 2026 8:55:09 AM liquibase.changelog
INFO: ChangeSet liquibase/3.5.x.x/045-manual-entry-permissions.xml::045-manual-entry-helper-url-ui::openelis ran successfully in 1ms
Running Changeset: liquibase/3.5.x.x/045-manual-entry-permissions.xml::045-manual-entry-helper-grant-admin::openelis
Oct 08, 2026 8:55:09 AM liquibase.changelog
INFO: New row inserted into system_role_module
Oct 08, 2026 8:55:09 AM liquibase.changelog
INFO: ChangeSet liquibase/3.5.x.x/045-manual-entry-permissions.xml::045-manual-entry-helper-grant-admin::openelis ran successfully in 1ms
Running Changeset: liquibase/3.5.x.x/045-manual-entry-permissions.xml::045-manual-entry-fieldmap-module::openelis
Oct 08, 2026 8:55:09 AM liquibase.changelog
INFO: New row inserted into system_module
Oct 08, 2026 8:55:09 AM liquibase.changelog
INFO: ChangeSet liquibase/3.5.x.x/045-manual-entry-permissions.xml::045-manual-entry-fieldmap-module::openelis ran successfully in 1ms
Running Changeset: liquibase/3.5.x.x/045-manual-entry-permissions.xml::045-manual-entry-fieldmap-url::openelis
Oct 08, 2026 8:55:09 AM liquibase.changelog
INFO: New row inserted into system_module_url
Oct 08, 2026 8:55:09 AM liquibase.changelog
INFO: ChangeSet liquibase/3.5.x.x/045-manual-entry-permissions.xml::045-manual-entry-fieldmap-url::openelis ran successfully in 1ms
Running Changeset: liquibase/3.5.x.x/045-manual-entry-permissions.xml::045-manual-entry-fieldmap-grant-admin::openelis
Oct 08, 2026 8:55:09 AM liquibase.changelog
INFO: New row inserted into system_role_module
Oct 08, 2026 8:55:09 AM liquibase.changelog
INFO: ChangeSet liquibase/3.5.x.x/045-manual-entry-permissions.xml::045-manual-entry-fieldmap-grant-admin::openelis ran successfully in 1ms
Running Changeset: liquibase/3.5.x.x/040-add-expanded-uncertainty-to-result.xml::039-add-expanded-uncertainty-to-result::mherman22
Oct 08, 2026 8:55:09 AM liquibase.changelog
INFO: Columns expanded_uncertainty(DECIMAL(19,6)),coverage_factor(DECIMAL(5,2)) added to result
Oct 08, 2026 8:55:09 AM liquibase.changelog
INFO: ChangeSet liquibase/3.5.x.x/040-add-expanded-uncertainty-to-result.xml::039-add-expanded-uncertainty-to-result::mherman22 ran successfully in 1ms
Running Changeset: liquibase/3.5.x.x/034-compliance-dashboard-indexes.xml::1::reagan-meant
Oct 08, 2026 8:55:09 AM liquibase.changelog
INFO: Index idx_obs_hist_type_sample created
Oct 08, 2026 8:55:09 AM liquibase.changelog
INFO: ChangeSet liquibase/3.5.x.x/034-compliance-dashboard-indexes.xml::1::reagan-meant ran successfully in 50ms
Running Changeset: liquibase/3.5.x.x/042-vector-surveillance-dashboard-permissions.xml::042-vector-surveillance-add-module::pmanko
Oct 08, 2026 8:55:09 AM liquibase.changelog
INFO: New row inserted into system_module
Oct 08, 2026 8:55:09 AM liquibase.changelog
INFO: ChangeSet liquibase/3.5.x.x/042-vector-surveillance-dashboard-permissions.xml::042-vector-surveillance-add-module::pmanko ran successfully in 2ms
Running Changeset: liquibase/3.5.x.x/042-vector-surveillance-dashboard-permissions.xml::042-vector-surveillance-add-module-url::pmanko
Oct 08, 2026 8:55:09 AM liquibase.changelog
INFO: New row inserted into system_module_url
Oct 08, 2026 8:55:09 AM liquibase.changelog
INFO: ChangeSet liquibase/3.5.x.x/042-vector-surveillance-dashboard-permissions.xml::042-vector-surveillance-add-module-url::pmanko ran successfully in 1ms
Running Changeset: liquibase/3.5.x.x/042-vector-surveillance-dashboard-permissions.xml::042-vector-surveillance-assign-results::pmanko
Oct 08, 2026 8:55:09 AM liquibase.changelog
INFO: New row inserted into system_role_module
Oct 08, 2026 8:55:09 AM liquibase.changelog
INFO: ChangeSet liquibase/3.5.x.x/042-vector-surveillance-dashboard-permissions.xml::042-vector-surveillance-assign-results::pmanko ran successfully in 1ms
Running Changeset: liquibase/3.5.x.x/042-vector-surveillance-dashboard-permissions.xml::042-vector-surveillance-add-menu::pmanko
Oct 08, 2026 8:55:09 AM liquibase.changelog
INFO: Custom SQL executed
Oct 08, 2026 8:55:09 AM liquibase.changelog
INFO: ChangeSet liquibase/3.5.x.x/042-vector-surveillance-dashboard-permissions.xml::042-vector-surveillance-add-menu::pmanko ran successfully in 1ms
Running Changeset: liquibase/3.5.x.x/046-add-test-result-significance.xml::046-add-test-result-significance::pmanko
Oct 08, 2026 8:55:09 AM liquibase.changelog
INFO: Columns significance(VARCHAR(20)) added to test_result
Oct 08, 2026 8:55:09 AM liquibase.changelog
INFO: ChangeSet liquibase/3.5.x.x/046-add-test-result-significance.xml::046-add-test-result-significance::pmanko ran successfully in 1ms
Running Changeset: liquibase/3.5.x.x/040-referral-subcontract-metadata.xml::3.5.0.0-create-referral-subcontract-seq::samuelmale
Oct 08, 2026 8:55:09 AM liquibase.changelog
INFO: Sequence referral_subcontract_seq created
Oct 08, 2026 8:55:09 AM liquibase.changelog
INFO: ChangeSet liquibase/3.5.x.x/040-referral-subcontract-metadata.xml::3.5.0.0-create-referral-subcontract-seq::samuelmale ran successfully in 10ms
Running Changeset: liquibase/3.5.x.x/040-referral-subcontract-metadata.xml::3.5.0.0-create-referral-subcontract-table::samuelmale
Oct 08, 2026 8:55:09 AM liquibase.changelog
INFO: Table referral_subcontract created
Oct 08, 2026 8:55:09 AM liquibase.changelog
INFO: ChangeSet liquibase/3.5.x.x/040-referral-subcontract-metadata.xml::3.5.0.0-create-referral-subcontract-table::samuelmale ran successfully in 14ms
Running Changeset: liquibase/3.5.x.x/040-referral-subcontract-metadata.xml::3.5.0.0-referral-add-subcontract-id::samuelmale
Oct 08, 2026 8:55:09 AM liquibase.changelog
INFO: Columns subcontract_id(numeric(10,0)) added to referral
Oct 08, 2026 8:55:09 AM liquibase.changelog
INFO: ChangeSet liquibase/3.5.x.x/040-referral-subcontract-metadata.xml::3.5.0.0-referral-add-subcontract-id::samuelmale ran successfully in 2ms
Running Changeset: liquibase/3.5.x.x/040-referral-subcontract-metadata.xml::3.5.0.0-referral-subcontract-status-index::samuelmale
Oct 08, 2026 8:55:09 AM liquibase.changelog
INFO: Index idx_referral_subcontract_status created
Oct 08, 2026 8:55:09 AM liquibase.changelog
INFO: ChangeSet liquibase/3.5.x.x/040-referral-subcontract-metadata.xml::3.5.0.0-referral-subcontract-status-index::samuelmale ran successfully in 50ms
Running Changeset: liquibase/3.5.x.x/040-referral-subcontract-metadata.xml::3.5.0.0-referral-subcontract-expected-return-index::samuelmale
Oct 08, 2026 8:55:09 AM liquibase.changelog
INFO: Index idx_referral_subcontract_expected_return created
Oct 08, 2026 8:55:09 AM liquibase.changelog
INFO: ChangeSet liquibase/3.5.x.x/040-referral-subcontract-metadata.xml::3.5.0.0-referral-subcontract-expected-return-index::samuelmale ran successfully in 46ms
Running Changeset: liquibase/3.5.x.x/040-referral-subcontract-metadata.xml::3.5.0.0-referral-subcontract-id-index::samuelmale
Oct 08, 2026 8:55:09 AM liquibase.changelog
INFO: Index idx_referral_subcontract_id created
Oct 08, 2026 8:55:09 AM liquibase.changelog
INFO: ChangeSet liquibase/3.5.x.x/040-referral-subcontract-metadata.xml::3.5.0.0-referral-subcontract-id-index::samuelmale ran successfully in 59ms
Running Changeset: liquibase/3.5.x.x/041-whatsapp-notification.xml::3.5.0.0-notification-payload-template-add-external-id::samuelmale
Oct 08, 2026 8:55:09 AM liquibase.changelog
INFO: Columns template_external_id(VARCHAR(100)) added to notification_payload_template
Oct 08, 2026 8:55:09 AM liquibase.changelog
INFO: ChangeSet liquibase/3.5.x.x/041-whatsapp-notification.xml::3.5.0.0-notification-payload-template-add-external-id::samuelmale ran successfully in 1ms
Running Changeset: liquibase/3.5.x.x/042-referral-status-history.xml::3.5.0.0-create-referral-status-history-seq::samuelmale
Oct 08, 2026 8:55:09 AM liquibase.changelog
INFO: Sequence referral_status_history_seq created
Oct 08, 2026 8:55:09 AM liquibase.changelog
INFO: ChangeSet liquibase/3.5.x.x/042-referral-status-history.xml::3.5.0.0-create-referral-status-history-seq::samuelmale ran successfully in 10ms
Running Changeset: liquibase/3.5.x.x/042-referral-status-history.xml::3.5.0.0-create-referral-status-history-table::samuelmale
Oct 08, 2026 8:55:09 AM liquibase.changelog
INFO: Table referral_status_history created
Oct 08, 2026 8:55:09 AM liquibase.changelog
INFO: ChangeSet liquibase/3.5.x.x/042-referral-status-history.xml::3.5.0.0-create-referral-status-history-table::samuelmale ran successfully in 15ms
Running Changeset: liquibase/3.5.x.x/042-referral-status-history.xml::3.5.0.0-referral-status-history-referral-id-index::samuelmale
Oct 08, 2026 8:55:09 AM liquibase.changelog
INFO: Index idx_referral_status_history_referral_id created
Oct 08, 2026 8:55:09 AM liquibase.changelog
INFO: ChangeSet liquibase/3.5.x.x/042-referral-status-history.xml::3.5.0.0-referral-status-history-referral-id-index::samuelmale ran successfully in 50ms
Running Changeset: liquibase/3.5.x.x/043-notification-trigger-config.xml::3.5.0.0-create-notification-trigger-config-seq::samuelmale
Oct 08, 2026 8:55:09 AM liquibase.changelog
INFO: Sequence notification_trigger_config_seq created
Oct 08, 2026 8:55:09 AM liquibase.changelog
INFO: ChangeSet liquibase/3.5.x.x/043-notification-trigger-config.xml::3.5.0.0-create-notification-trigger-config-seq::samuelmale ran successfully in 10ms
Running Changeset: liquibase/3.5.x.x/043-notification-trigger-config.xml::3.5.0.0-create-notification-trigger-config-table::samuelmale
Oct 08, 2026 8:55:09 AM liquibase.changelog
INFO: Table notification_trigger_config created
Oct 08, 2026 8:55:09 AM liquibase.changelog
INFO: ChangeSet liquibase/3.5.x.x/043-notification-trigger-config.xml::3.5.0.0-create-notification-trigger-config-table::samuelmale ran successfully in 14ms
Running Changeset: liquibase/3.5.x.x/043-notification-trigger-config.xml::3.5.0.0-create-notification-trigger-channel-table::samuelmale
Oct 08, 2026 8:55:09 AM liquibase.changelog
INFO: Table notification_trigger_channel created
Oct 08, 2026 8:55:09 AM liquibase.changelog
INFO: Primary key added to notification_trigger_channel (trigger_config_id, channel)
Oct 08, 2026 8:55:09 AM liquibase.changelog
INFO: ChangeSet liquibase/3.5.x.x/043-notification-trigger-config.xml::3.5.0.0-create-notification-trigger-channel-table::samuelmale ran successfully in 15ms
Running Changeset: liquibase/3.5.x.x/043-notification-trigger-config.xml::3.5.0.0-create-notification-trigger-recipient-table::samuelmale
Oct 08, 2026 8:55:09 AM liquibase.changelog
INFO: Table notification_trigger_recipient created
Oct 08, 2026 8:55:09 AM liquibase.changelog
INFO: Primary key added to notification_trigger_recipient (trigger_config_id, recipient_type)
Oct 08, 2026 8:55:09 AM liquibase.changelog
INFO: ChangeSet liquibase/3.5.x.x/043-notification-trigger-config.xml::3.5.0.0-create-notification-trigger-recipient-table::samuelmale ran successfully in 14ms
Running Changeset: liquibase/3.5.x.x/043-notification-trigger-config.xml::3.5.0.0-seed-referral-out-payload-template::samuelmale
Oct 08, 2026 8:55:09 AM liquibase.changelog
INFO: New row inserted into notification_payload_template
Oct 08, 2026 8:55:09 AM liquibase.changelog
INFO: ChangeSet liquibase/3.5.x.x/043-notification-trigger-config.xml::3.5.0.0-seed-referral-out-payload-template::samuelmale ran successfully in 2ms
Running Changeset: liquibase/3.5.x.x/043-notification-trigger-config.xml::3.5.0.0-seed-referral-out-trigger-config::samuelmale
Oct 08, 2026 8:55:09 AM liquibase.changelog
INFO: New row inserted into notification_trigger_config
Oct 08, 2026 8:55:09 AM liquibase.changelog
INFO: ChangeSet liquibase/3.5.x.x/043-notification-trigger-config.xml::3.5.0.0-seed-referral-out-trigger-config::samuelmale ran successfully in 1ms
Running Changeset: liquibase/3.5.x.x/044-subcontract-dispatched-trigger.xml::3.5.0.0-seed-subcontract-dispatched-template::samuelmale
Oct 08, 2026 8:55:09 AM liquibase.changelog
INFO: New row inserted into notification_payload_template
Oct 08, 2026 8:55:09 AM liquibase.changelog
INFO: ChangeSet liquibase/3.5.x.x/044-subcontract-dispatched-trigger.xml::3.5.0.0-seed-subcontract-dispatched-template::samuelmale ran successfully in 1ms
Running Changeset: liquibase/3.5.x.x/044-subcontract-dispatched-trigger.xml::3.5.0.0-seed-subcontract-dispatched-trigger::samuelmale
Oct 08, 2026 8:55:09 AM liquibase.changelog
INFO: New row inserted into notification_trigger_config
Oct 08, 2026 8:55:09 AM liquibase.changelog
INFO: ChangeSet liquibase/3.5.x.x/044-subcontract-dispatched-trigger.xml::3.5.0.0-seed-subcontract-dispatched-trigger::samuelmale ran successfully in 3ms
Running Changeset: liquibase/3.5.x.x/045-notification-log.xml::3.5.0.0-create-notification-log-seq::samuelmale
Oct 08, 2026 8:55:09 AM liquibase.changelog
INFO: Sequence notification_log_seq created
Oct 08, 2026 8:55:09 AM liquibase.changelog
INFO: ChangeSet liquibase/3.5.x.x/045-notification-log.xml::3.5.0.0-create-notification-log-seq::samuelmale ran successfully in 14ms
Running Changeset: liquibase/3.5.x.x/045-notification-log.xml::3.5.0.0-create-notification-log-table::samuelmale
Oct 08, 2026 8:55:09 AM liquibase.changelog
INFO: Table notification_log created
Oct 08, 2026 8:55:09 AM liquibase.changelog
INFO: ChangeSet liquibase/3.5.x.x/045-notification-log.xml::3.5.0.0-create-notification-log-table::samuelmale ran successfully in 16ms
Running Changeset: liquibase/3.5.x.x/045-notification-log.xml::3.5.0.0-create-notification-log-channel-table::samuelmale
Oct 08, 2026 8:55:09 AM liquibase.changelog
INFO: Table notification_log_channel created
Oct 08, 2026 8:55:09 AM liquibase.changelog
INFO: Primary key added to notification_log_channel (notification_log_id, channel)
Oct 08, 2026 8:55:09 AM liquibase.changelog
INFO: ChangeSet liquibase/3.5.x.x/045-notification-log.xml::3.5.0.0-create-notification-log-channel-table::samuelmale ran successfully in 17ms
Running Changeset: liquibase/3.5.x.x/045-notification-log.xml::3.5.0.0-create-notification-log-fired-at-index::samuelmale
Oct 08, 2026 8:55:09 AM liquibase.changelog
INFO: Index idx_notification_log_fired_at created
Oct 08, 2026 8:55:09 AM liquibase.changelog
INFO: ChangeSet liquibase/3.5.x.x/045-notification-log.xml::3.5.0.0-create-notification-log-fired-at-index::samuelmale ran successfully in 49ms
Running Changeset: liquibase/3.5.x.x/045-notification-log.xml::3.5.0.0-create-notification-log-event-status-fired-at-index::samuelmale
Oct 08, 2026 8:55:09 AM liquibase.changelog
INFO: Index idx_notification_log_event_status_fired created
Oct 08, 2026 8:55:09 AM liquibase.changelog
INFO: ChangeSet liquibase/3.5.x.x/045-notification-log.xml::3.5.0.0-create-notification-log-event-status-fired-at-index::samuelmale ran successfully in 54ms
Running Changeset: liquibase/3.5.x.x/045-notification-log.xml::3.5.0.0-create-notification-log-resent-from-index::samuelmale
Oct 08, 2026 8:55:10 AM liquibase.changelog
INFO: Index idx_notification_log_resent_from created
Oct 08, 2026 8:55:10 AM liquibase.changelog
INFO: ChangeSet liquibase/3.5.x.x/045-notification-log.xml::3.5.0.0-create-notification-log-resent-from-index::samuelmale ran successfully in 58ms
Running Changeset: liquibase/3.5.x.x/046-coc-contact-email.xml::3.5.0.0-add-coc-contact-email::samuelmale
Oct 08, 2026 8:55:10 AM liquibase.changelog
INFO: Columns coc_contact_email(VARCHAR(255)) added to referral_subcontract
Oct 08, 2026 8:55:10 AM liquibase.changelog
INFO: ChangeSet liquibase/3.5.x.x/046-coc-contact-email.xml::3.5.0.0-add-coc-contact-email::samuelmale ran successfully in 2ms
Running Changeset: liquibase/3.5.x.x/047-sample-acceptance-checklist.xml::OGC-580-sample-acceptance-dictionary-categories::OGC
Oct 08, 2026 8:55:10 AM liquibase.changelog
INFO: New row inserted into dictionary_category
Oct 08, 2026 8:55:10 AM liquibase.changelog
INFO: New row inserted into dictionary_category
Oct 08, 2026 8:55:10 AM liquibase.changelog
INFO: New row inserted into dictionary_category
Oct 08, 2026 8:55:10 AM liquibase.changelog
INFO: New row inserted into dictionary_category
Oct 08, 2026 8:55:10 AM liquibase.changelog
INFO: ChangeSet liquibase/3.5.x.x/047-sample-acceptance-checklist.xml::OGC-580-sample-acceptance-dictionary-categories::OGC ran successfully in 6ms
Running Changeset: liquibase/3.5.x.x/047-sample-acceptance-checklist.xml::OGC-580-sample-acceptance-enforcement-settings::OGC
Oct 08, 2026 8:55:10 AM liquibase.changelog
INFO: New row inserted into site_information
Oct 08, 2026 8:55:10 AM liquibase.changelog
INFO: New row inserted into site_information
Oct 08, 2026 8:55:10 AM liquibase.changelog
INFO: New row inserted into site_information
Oct 08, 2026 8:55:10 AM liquibase.changelog
INFO: ChangeSet liquibase/3.5.x.x/047-sample-acceptance-checklist.xml::OGC-580-sample-acceptance-enforcement-settings::OGC ran successfully in 2ms
Running Changeset: liquibase/3.5.x.x/048-sample-acceptance-record.xml::OGC-580-create-sample-acceptance-record::OGC
Oct 08, 2026 8:55:10 AM liquibase.changelog
INFO: Table sample_acceptance_record created
Oct 08, 2026 8:55:10 AM liquibase.changelog
INFO: Sequence sample_acceptance_record_seq created
Oct 08, 2026 8:55:10 AM liquibase.changelog
INFO: Index idx_sample_acceptance_record_sample_item_id created
Oct 08, 2026 8:55:10 AM liquibase.changelog
INFO: ChangeSet liquibase/3.5.x.x/048-sample-acceptance-record.xml::OGC-580-create-sample-acceptance-record::OGC ran successfully in 19ms
Running Changeset: liquibase/3.5.x.x/049-sample-resample-links.xml::OGC-580-add-resample-links-to-sample::OGC
Oct 08, 2026 8:55:10 AM liquibase.changelog
INFO: Columns resampled_from_sample_id(numeric(10,0)),resampled_to_sample_id(numeric(10,0)) added to sample
Oct 08, 2026 8:55:10 AM liquibase.changelog
INFO: Index idx_sample_resampled_from created
Oct 08, 2026 8:55:10 AM liquibase.changelog
INFO: ChangeSet liquibase/3.5.x.x/049-sample-resample-links.xml::OGC-580-add-resample-links-to-sample::OGC ran successfully in 3ms
Running Changeset: liquibase/3.5.x.x/050-resample-notification-trigger.xml::3.5.0.0-seed-sample-resampled-template::samuelmale
Oct 08, 2026 8:55:10 AM liquibase.changelog
INFO: New row inserted into notification_payload_template
Oct 08, 2026 8:55:10 AM liquibase.changelog
INFO: ChangeSet liquibase/3.5.x.x/050-resample-notification-trigger.xml::3.5.0.0-seed-sample-resampled-template::samuelmale ran successfully in 1ms
Running Changeset: liquibase/3.5.x.x/050-resample-notification-trigger.xml::3.5.0.0-seed-sample-resampled-trigger::samuelmale
Oct 08, 2026 8:55:10 AM liquibase.changelog
INFO: New row inserted into notification_trigger_config
Oct 08, 2026 8:55:10 AM liquibase.changelog
INFO: ChangeSet liquibase/3.5.x.x/050-resample-notification-trigger.xml::3.5.0.0-seed-sample-resampled-trigger::samuelmale ran successfully in 1ms
Running Changeset: liquibase/3.5.x.x/051-sample-amendment-metadata.xml::3.5.0.0-sample-add-amends-lhu-number::reagan-meant
Oct 08, 2026 8:55:10 AM liquibase.changelog
INFO: Columns amends_lhu_number(TEXT) added to sample
Oct 08, 2026 8:55:10 AM liquibase.changelog
INFO: ChangeSet liquibase/3.5.x.x/051-sample-amendment-metadata.xml::3.5.0.0-sample-add-amends-lhu-number::reagan-meant ran successfully in 2ms
Running Changeset: liquibase/3.5.x.x/051-sample-amendment-metadata.xml::3.5.0.0-sample-add-amendment-number::reagan-meant
Oct 08, 2026 8:55:10 AM liquibase.changelog
INFO: Columns amendment_number(INTEGER) added to sample
Oct 08, 2026 8:55:10 AM liquibase.changelog
INFO: ChangeSet liquibase/3.5.x.x/051-sample-amendment-metadata.xml::3.5.0.0-sample-add-amendment-number::reagan-meant ran successfully in 2ms
Running Changeset: liquibase/3.5.x.x/051-sample-amendment-metadata.xml::3.5.0.0-sample-add-amendment-reason::reagan-meant
Oct 08, 2026 8:55:10 AM liquibase.changelog
INFO: Columns amendment_reason(TEXT) added to sample
Oct 08, 2026 8:55:10 AM liquibase.changelog
INFO: ChangeSet liquibase/3.5.x.x/051-sample-amendment-metadata.xml::3.5.0.0-sample-add-amendment-reason::reagan-meant ran successfully in 1ms
Running Changeset: liquibase/3.5.x.x/052-compliance-report-archive.xml::3.5.0.0-create-compliance-report-archive::reagan-meant
Oct 08, 2026 8:55:10 AM liquibase.changelog
INFO: Table compliance_report_archive created
Oct 08, 2026 8:55:10 AM liquibase.changelog
INFO: ChangeSet liquibase/3.5.x.x/052-compliance-report-archive.xml::3.5.0.0-create-compliance-report-archive::reagan-meant ran successfully in 15ms
Running Changeset: liquibase/3.5.x.x/052-compliance-report-archive.xml::3.5.0.0-compliance-report-archive-add-last-updated::reagan-meant
Oct 08, 2026 8:55:10 AM liquibase.changelog
INFO: Marking ChangeSet: liquibase/3.5.x.x/052-compliance-report-archive.xml::3.5.0.0-compliance-report-archive-add-last-updated::reagan-meant ran despite precondition failure due to onFail='MARK_RAN': 
          liquibase/base-changelog.xml : Not precondition failed

Running Changeset: liquibase/3.5.x.x/052-compliance-report-archive.xml::3.5.0.0-compliance-report-archive-unique::reagan-meant
Oct 08, 2026 8:55:10 AM liquibase.changelog
INFO: Unique constraint added to compliance_report_archive(sample_id, amendment_number)
Oct 08, 2026 8:55:10 AM liquibase.changelog
INFO: ChangeSet liquibase/3.5.x.x/052-compliance-report-archive.xml::3.5.0.0-compliance-report-archive-unique::reagan-meant ran successfully in 3ms
Running Changeset: liquibase/3.5.x.x/053-referral-manually-entered.xml::3.5.0.0-053-referral-add-manually-entered::samuelmale
Oct 08, 2026 8:55:10 AM liquibase.changelog
INFO: Columns manually_entered(BOOLEAN) added to referral
Oct 08, 2026 8:55:10 AM liquibase.changelog
INFO: ChangeSet liquibase/3.5.x.x/053-referral-manually-entered.xml::3.5.0.0-053-referral-add-manually-entered::samuelmale ran successfully in 2ms
Running Changeset: liquibase/3.5.x.x/054-referral-reception-actions.xml::3.5.0.0-054-referral-add-reconciled::samuelmale
Oct 08, 2026 8:55:10 AM liquibase.changelog
INFO: Columns reconciled(BOOLEAN),reconciled_at(TIMESTAMP),reconciled_by(numeric(10,0)),reject_reason_code(VARCHAR(64)),reject_reason_text(TEXT) added to referral
Oct 08, 2026 8:55:10 AM liquibase.changelog
INFO: ChangeSet liquibase/3.5.x.x/054-referral-reception-actions.xml::3.5.0.0-054-referral-add-reconciled::samuelmale ran successfully in 5ms
Running Changeset: liquibase/3.5.x.x/055-rejected-by-reference-lab-status.xml::3.5.0.0-055-add-rejected-by-reference-lab-status::samuelmale
Oct 08, 2026 8:55:10 AM liquibase.changelog
INFO: New row inserted into status_of_sample
Oct 08, 2026 8:55:10 AM liquibase.changelog
INFO: ChangeSet liquibase/3.5.x.x/055-rejected-by-reference-lab-status.xml::3.5.0.0-055-add-rejected-by-reference-lab-status::samuelmale ran successfully in 2ms
Running Changeset: liquibase/3.5.x.x/056-referral-rejected-trigger.xml::3.5.0.0-056-seed-referral-rejected-template::samuelmale
Oct 08, 2026 8:55:10 AM liquibase.changelog
INFO: New row inserted into notification_payload_template
Oct 08, 2026 8:55:10 AM liquibase.changelog
INFO: ChangeSet liquibase/3.5.x.x/056-referral-rejected-trigger.xml::3.5.0.0-056-seed-referral-rejected-template::samuelmale ran successfully in 1ms
Running Changeset: liquibase/3.5.x.x/056-referral-rejected-trigger.xml::3.5.0.0-056-seed-referral-rejected-trigger::samuelmale
Oct 08, 2026 8:55:10 AM liquibase.changelog
INFO: New row inserted into notification_trigger_config
Oct 08, 2026 8:55:10 AM liquibase.changelog
INFO: ChangeSet liquibase/3.5.x.x/056-referral-rejected-trigger.xml::3.5.0.0-056-seed-referral-rejected-trigger::samuelmale ran successfully in 2ms
Running Changeset: liquibase/3.5.x.x/057-referral-alert-types.xml::3.5.0.0-057-referral-alert-types::samuelmale
Oct 08, 2026 8:55:10 AM liquibase.changelog
INFO: Custom SQL executed
Oct 08, 2026 8:55:10 AM liquibase.changelog
INFO: ChangeSet liquibase/3.5.x.x/057-referral-alert-types.xml::3.5.0.0-057-referral-alert-types::samuelmale ran successfully in 2ms
Running Changeset: liquibase/3.5.x.x/058-referral-nudge-trigger.xml::3.5.0.0-058-seed-referral-nudge-template::samuelmale
Oct 08, 2026 8:55:10 AM liquibase.changelog
INFO: New row inserted into notification_payload_template
Oct 08, 2026 8:55:10 AM liquibase.changelog
INFO: ChangeSet liquibase/3.5.x.x/058-referral-nudge-trigger.xml::3.5.0.0-058-seed-referral-nudge-template::samuelmale ran successfully in 1ms
Running Changeset: liquibase/3.5.x.x/058-referral-nudge-trigger.xml::3.5.0.0-058-seed-referral-nudge-trigger::samuelmale
Oct 08, 2026 8:55:10 AM liquibase.changelog
INFO: New row inserted into notification_trigger_config
Oct 08, 2026 8:55:10 AM liquibase.changelog
INFO: ChangeSet liquibase/3.5.x.x/058-referral-nudge-trigger.xml::3.5.0.0-058-seed-referral-nudge-trigger::samuelmale ran successfully in 1ms
Running Changeset: liquibase/3.5.x.x/053-requester-element-revamp.xml::3.5.0-053-add-organization-phone::reagan-meant
Oct 08, 2026 8:55:10 AM liquibase.changelog
INFO: Columns phone(VARCHAR(20)) added to organization
Oct 08, 2026 8:55:10 AM liquibase.changelog
INFO: ChangeSet liquibase/3.5.x.x/053-requester-element-revamp.xml::3.5.0-053-add-organization-phone::reagan-meant ran successfully in 2ms
Running Changeset: liquibase/3.5.x.x/053-requester-element-revamp.xml::3.5.0-053-add-organization-fax::reagan-meant
Oct 08, 2026 8:55:10 AM liquibase.changelog
INFO: Columns fax(VARCHAR(20)) added to organization
Oct 08, 2026 8:55:10 AM liquibase.changelog
INFO: ChangeSet liquibase/3.5.x.x/053-requester-element-revamp.xml::3.5.0-053-add-organization-fax::reagan-meant ran successfully in 2ms
Running Changeset: liquibase/3.5.x.x/053-requester-element-revamp.xml::3.5.0-053-add-organization-email::reagan-meant
Oct 08, 2026 8:55:10 AM liquibase.changelog
INFO: Columns email(VARCHAR(255)) added to organization
Oct 08, 2026 8:55:10 AM liquibase.changelog
INFO: ChangeSet liquibase/3.5.x.x/053-requester-element-revamp.xml::3.5.0-053-add-organization-email::reagan-meant ran successfully in 2ms
Running Changeset: liquibase/3.5.x.x/053-requester-element-revamp.xml::3.5.0-053-add-person-department::reagan-meant
Oct 08, 2026 8:55:10 AM liquibase.changelog
INFO: Columns department(VARCHAR(100)) added to person
Oct 08, 2026 8:55:10 AM liquibase.changelog
INFO: ChangeSet liquibase/3.5.x.x/053-requester-element-revamp.xml::3.5.0-053-add-person-department::reagan-meant ran successfully in 2ms
Running Changeset: liquibase/3.5.x.x/053-requester-element-revamp.xml::3.5.0-053-add-requestor-contact-requester-type::reagan-meant
Oct 08, 2026 8:55:10 AM liquibase.changelog
INFO: New row inserted into requester_type
Oct 08, 2026 8:55:10 AM liquibase.changelog
INFO: ChangeSet liquibase/3.5.x.x/053-requester-element-revamp.xml::3.5.0-053-add-requestor-contact-requester-type::reagan-meant ran successfully in 1ms
Running Changeset: liquibase/3.5.x.x/054-requestor-free-text-restriction.xml::3.5.0-054-add-restrict-free-text-requestor-entry::reagan-meant
Oct 08, 2026 8:55:10 AM liquibase.changelog
INFO: New row inserted into site_information
Oct 08, 2026 8:55:10 AM liquibase.changelog
INFO: ChangeSet liquibase/3.5.x.x/054-requestor-free-text-restriction.xml::3.5.0-054-add-restrict-free-text-requestor-entry::reagan-meant ran successfully in 1ms
Running Changeset: liquibase/3.5.x.x/055-sampling-site-free-text-restriction.xml::3.5.0-055-add-restrict-free-text-sampling-site-entry::reagan-meant
Oct 08, 2026 8:55:10 AM liquibase.changelog
INFO: New row inserted into site_information
Oct 08, 2026 8:55:10 AM liquibase.changelog
INFO: ChangeSet liquibase/3.5.x.x/055-sampling-site-free-text-restriction.xml::3.5.0-055-add-restrict-free-text-sampling-site-entry::reagan-meant ran successfully in 1ms
Running Changeset: liquibase/3.5.x.x/059-vector-trap-effort-observation-types.xml::3.5.0.0-add-vec-trap-count::vector-surveillance
Oct 08, 2026 8:55:10 AM liquibase.changelog
INFO: New row inserted into observation_history_type
Oct 08, 2026 8:55:10 AM liquibase.changelog
INFO: ChangeSet liquibase/3.5.x.x/059-vector-trap-effort-observation-types.xml::3.5.0.0-add-vec-trap-count::vector-surveillance ran successfully in 1ms
Running Changeset: liquibase/3.5.x.x/059-vector-trap-effort-observation-types.xml::3.5.0.0-add-vec-trap-nights::vector-surveillance
Oct 08, 2026 8:55:10 AM liquibase.changelog
INFO: New row inserted into observation_history_type
Oct 08, 2026 8:55:10 AM liquibase.changelog
INFO: ChangeSet liquibase/3.5.x.x/059-vector-trap-effort-observation-types.xml::3.5.0.0-add-vec-trap-nights::vector-surveillance ran successfully in 1ms
Running Changeset: liquibase/3.5.x.x/040-test-domain-amr-whonet.xml::OGC-936-test-domain-column::OGC
Oct 08, 2026 8:55:10 AM liquibase.changelog
INFO: Columns domain(VARCHAR(20)) added to test
Oct 08, 2026 8:55:10 AM liquibase.changelog
INFO: Custom SQL executed
Oct 08, 2026 8:55:10 AM liquibase.changelog
INFO: ChangeSet liquibase/3.5.x.x/040-test-domain-amr-whonet.xml::OGC-936-test-domain-column::OGC ran successfully in 2ms
Running Changeset: liquibase/3.5.x.x/040-test-domain-amr-whonet.xml::OGC-936-whonet-antibiotic-codes-table::OGC
Oct 08, 2026 8:55:10 AM liquibase.changelog
INFO: Table whonet_antibiotic_codes created
Oct 08, 2026 8:55:10 AM liquibase.changelog
INFO: ChangeSet liquibase/3.5.x.x/040-test-domain-amr-whonet.xml::OGC-936-whonet-antibiotic-codes-table::OGC ran successfully in 1ms
Running Changeset: liquibase/3.5.x.x/040-test-domain-amr-whonet.xml::OGC-936-test-amr-config-table::OGC
Oct 08, 2026 8:55:10 AM liquibase.changelog
INFO: Table test_amr_config created
Oct 08, 2026 8:55:10 AM liquibase.changelog
INFO: Foreign key constraint added to test_amr_config (test_id)
Oct 08, 2026 8:55:10 AM liquibase.changelog
INFO: ChangeSet liquibase/3.5.x.x/040-test-domain-amr-whonet.xml::OGC-936-test-amr-config-table::OGC ran successfully in 3ms
Running Changeset: liquibase/3.5.x.x/041-result-components.xml::OGC-937-test-result-component-table::OGC
Oct 08, 2026 8:55:10 AM liquibase.changelog
INFO: Table test_result_component created
Oct 08, 2026 8:55:10 AM liquibase.changelog
INFO: Unique constraint added to test_result_component(test_id, code)
Oct 08, 2026 8:55:10 AM liquibase.changelog
INFO: Foreign key constraint added to test_result_component (test_id)
Oct 08, 2026 8:55:10 AM liquibase.changelog
INFO: Foreign key constraint added to test_result_component (uom_id)
Oct 08, 2026 8:55:10 AM liquibase.changelog
INFO: ChangeSet liquibase/3.5.x.x/041-result-components.xml::OGC-937-test-result-component-table::OGC ran successfully in 3ms
Running Changeset: liquibase/3.5.x.x/041-result-components.xml::OGC-937-result-limits-component-id::OGC
Oct 08, 2026 8:55:10 AM liquibase.changelog
INFO: Columns component_id(VARCHAR(36)) added to result_limits
Oct 08, 2026 8:55:10 AM liquibase.changelog
INFO: Foreign key constraint added to result_limits (component_id)
Oct 08, 2026 8:55:10 AM liquibase.changelog
INFO: ChangeSet liquibase/3.5.x.x/041-result-components.xml::OGC-937-result-limits-component-id::OGC ran successfully in 2ms
Running Changeset: liquibase/3.5.x.x/041-result-components.xml::OGC-937-test-result-component-id::OGC
Oct 08, 2026 8:55:10 AM liquibase.changelog
INFO: Columns component_id(VARCHAR(36)) added to test_result
Oct 08, 2026 8:55:10 AM liquibase.changelog
INFO: Foreign key constraint added to test_result (component_id)
Oct 08, 2026 8:55:10 AM liquibase.changelog
INFO: ChangeSet liquibase/3.5.x.x/041-result-components.xml::OGC-937-test-result-component-id::OGC ran successfully in 2ms
Running Changeset: liquibase/3.5.x.x/041-result-components.xml::OGC-937-test-result-interpretation-table::OGC
Oct 08, 2026 8:55:10 AM liquibase.changelog
INFO: Table test_result_interpretation created
Oct 08, 2026 8:55:10 AM liquibase.changelog
INFO: Foreign key constraint added to test_result_interpretation (component_id)
Oct 08, 2026 8:55:10 AM liquibase.changelog
INFO: ChangeSet liquibase/3.5.x.x/041-result-components.xml::OGC-937-test-result-interpretation-table::OGC ran successfully in 4ms
Running Changeset: liquibase/3.5.x.x/041-result-components.xml::OGC-937-component-backfill::OGC
Oct 08, 2026 8:55:10 AM liquibase.changelog
INFO: SQL in file 041-component-backfill.sql executed
Oct 08, 2026 8:55:10 AM liquibase.changelog
INFO: ChangeSet liquibase/3.5.x.x/041-result-components.xml::OGC-937-component-backfill::OGC ran successfully in 20ms
Running Changeset: liquibase/3.5.x.x/042-handling-uom-displayorder.xml::OGC-938-test-sample-handling-table::OGC
Oct 08, 2026 8:55:10 AM liquibase.changelog
INFO: Table test_sample_handling created
Oct 08, 2026 8:55:10 AM liquibase.changelog
INFO: Foreign key constraint added to test_sample_handling (test_id)
Oct 08, 2026 8:55:10 AM liquibase.changelog
INFO: ChangeSet liquibase/3.5.x.x/042-handling-uom-displayorder.xml::OGC-938-test-sample-handling-table::OGC ran successfully in 3ms
Running Changeset: liquibase/3.5.x.x/042-handling-uom-displayorder.xml::OGC-938-test-sample-handling-history-table::OGC
Oct 08, 2026 8:55:10 AM liquibase.changelog
INFO: Table test_sample_handling_history created
Oct 08, 2026 8:55:10 AM liquibase.changelog
INFO: Foreign key constraint added to test_sample_handling_history (test_sample_handling_id)
Oct 08, 2026 8:55:10 AM liquibase.changelog
INFO: Foreign key constraint added to test_sample_handling_history (changed_by)
Oct 08, 2026 8:55:10 AM liquibase.changelog
INFO: ChangeSet liquibase/3.5.x.x/042-handling-uom-displayorder.xml::OGC-938-test-sample-handling-history-table::OGC ran successfully in 3ms
Running Changeset: liquibase/3.5.x.x/042-handling-uom-displayorder.xml::OGC-938-unit-of-measure-master::OGC
Oct 08, 2026 8:55:10 AM liquibase.changelog
INFO: Columns code(VARCHAR(20)),ucum_code(VARCHAR(40)),is_active(VARCHAR(2)) added to unit_of_measure
Oct 08, 2026 8:55:10 AM liquibase.changelog
INFO: ChangeSet liquibase/3.5.x.x/042-handling-uom-displayorder.xml::OGC-938-unit-of-measure-master::OGC ran successfully in 2ms
Running Changeset: liquibase/3.5.x.x/042-handling-uom-displayorder.xml::OGC-938-sampletype-test-display-order::OGC
Oct 08, 2026 8:55:10 AM liquibase.changelog
INFO: Columns display_order(INTEGER) added to sampletype_test
Oct 08, 2026 8:55:10 AM liquibase.changelog
INFO: Custom SQL executed
Oct 08, 2026 8:55:10 AM liquibase.changelog
INFO: ChangeSet liquibase/3.5.x.x/042-handling-uom-displayorder.xml::OGC-938-sampletype-test-display-order::OGC ran successfully in 2ms
Running Changeset: liquibase/3.5.x.x/043-acknowledgment-terminology.xml::OGC-939-test-activation-acknowledgment-table::OGC
Oct 08, 2026 8:55:10 AM liquibase.changelog
INFO: Table test_activation_acknowledgment created
Oct 08, 2026 8:55:10 AM liquibase.changelog
INFO: Foreign key constraint added to test_activation_acknowledgment (test_id)
Oct 08, 2026 8:55:10 AM liquibase.changelog
INFO: Foreign key constraint added to test_activation_acknowledgment (user_id)
Oct 08, 2026 8:55:10 AM liquibase.changelog
INFO: ChangeSet liquibase/3.5.x.x/043-acknowledgment-terminology.xml::OGC-939-test-activation-acknowledgment-table::OGC ran successfully in 4ms
Running Changeset: liquibase/3.5.x.x/043-acknowledgment-terminology.xml::OGC-939-test-terminology-mapping-table::OGC
Oct 08, 2026 8:55:10 AM liquibase.changelog
INFO: Table test_terminology_mapping created
Oct 08, 2026 8:55:10 AM liquibase.changelog
INFO: Unique constraint added to test_terminology_mapping(test_id, source, code)
Oct 08, 2026 8:55:10 AM liquibase.changelog
INFO: Foreign key constraint added to test_terminology_mapping (test_id)
Oct 08, 2026 8:55:10 AM liquibase.changelog
INFO: ChangeSet liquibase/3.5.x.x/043-acknowledgment-terminology.xml::OGC-939-test-terminology-mapping-table::OGC ran successfully in 3ms
Running Changeset: liquibase/3.5.x.x/043-acknowledgment-terminology.xml::OGC-939-loinc-mapping-backfill::OGC
Oct 08, 2026 8:55:10 AM liquibase.changelog
INFO: Custom SQL executed
Oct 08, 2026 8:55:10 AM liquibase.changelog
INFO: ChangeSet liquibase/3.5.x.x/043-acknowledgment-terminology.xml::OGC-939-loinc-mapping-backfill::OGC ran successfully in 2ms
Running Changeset: liquibase/3.5.x.x/044-test-method-indexes.xml::OGC-949-test-method-retype-ids::OGC
Oct 08, 2026 8:55:10 AM liquibase.changelog
INFO: Custom SQL executed
Oct 08, 2026 8:55:10 AM liquibase.changelog
INFO: Custom SQL executed
Oct 08, 2026 8:55:10 AM liquibase.changelog
INFO: ChangeSet liquibase/3.5.x.x/044-test-method-indexes.xml::OGC-949-test-method-retype-ids::OGC ran successfully in 4ms
Running Changeset: liquibase/3.5.x.x/044-test-method-indexes.xml::OGC-949-test-method-foreign-keys::OGC
Oct 08, 2026 8:55:10 AM liquibase.changelog
INFO: Foreign key constraint added to test_method (test_id)
Oct 08, 2026 8:55:10 AM liquibase.changelog
INFO: Foreign key constraint added to test_method (method_id)
Oct 08, 2026 8:55:10 AM liquibase.changelog
INFO: ChangeSet liquibase/3.5.x.x/044-test-method-indexes.xml::OGC-949-test-method-foreign-keys::OGC ran successfully in 3ms
Running Changeset: liquibase/3.5.x.x/044-test-method-indexes.xml::OGC-949-test-method-unique-active::OGC
Oct 08, 2026 8:55:10 AM liquibase.changelog
INFO: Custom SQL executed
Oct 08, 2026 8:55:10 AM liquibase.changelog
INFO: ChangeSet liquibase/3.5.x.x/044-test-method-indexes.xml::OGC-949-test-method-unique-active::OGC ran successfully in 2ms
Running Changeset: liquibase/3.5.x.x/044-test-method-indexes.xml::OGC-949-test-method-test-id-index::OGC
Oct 08, 2026 8:55:10 AM liquibase.changelog
INFO: Index idx_test_method_test_id created
Oct 08, 2026 8:55:10 AM liquibase.changelog
INFO: ChangeSet liquibase/3.5.x.x/044-test-method-indexes.xml::OGC-949-test-method-test-id-index::OGC ran successfully in 1ms
Running Changeset: liquibase/3.5.x.x/044-test-method-indexes.xml::OGC-949-drop-unused-test-method-seq::OGC
Oct 08, 2026 8:55:10 AM liquibase.changelog
INFO: Sequence test_method_seq dropped
Oct 08, 2026 8:55:10 AM liquibase.changelog
INFO: ChangeSet liquibase/3.5.x.x/044-test-method-indexes.xml::OGC-949-drop-unused-test-method-seq::OGC ran successfully in 1ms
Running Changeset: liquibase/3.5.x.x/045-widen-observation-history-value.xml::widen-observation-history-value-to-500::openelis
Oct 08, 2026 8:55:10 AM liquibase.changelog
INFO: observation_history.value datatype was changed to VARCHAR(500)
Oct 08, 2026 8:55:10 AM liquibase.changelog
INFO: ChangeSet liquibase/3.5.x.x/045-widen-observation-history-value.xml::widen-observation-history-value-to-500::openelis ran successfully in 3ms
Running Changeset: liquibase/3.5.x.x/046-fix-component-version.xml::OGC-937-fix-test-result-component-version::openelis
Oct 08, 2026 8:55:10 AM liquibase.changelog
INFO: Data updated in test_result_component
Oct 08, 2026 8:55:10 AM liquibase.changelog
INFO: ChangeSet liquibase/3.5.x.x/046-fix-component-version.xml::OGC-937-fix-test-result-component-version::openelis ran successfully in 1ms
Running Changeset: liquibase/3.5.x.x/046-fix-component-version.xml::OGC-937-fix-test-result-interpretation-version::openelis
Oct 08, 2026 8:55:10 AM liquibase.changelog
INFO: Data updated in test_result_interpretation
Oct 08, 2026 8:55:10 AM liquibase.changelog
INFO: ChangeSet liquibase/3.5.x.x/046-fix-component-version.xml::OGC-937-fix-test-result-interpretation-version::openelis ran successfully in 1ms
Running Changeset: liquibase/3.5.x.x/047-fix-loinc-terminology.xml::OGC-957-fix-loinc-mapping-relationship::openelis
Oct 08, 2026 8:55:10 AM liquibase.changelog
INFO: Custom SQL executed
Oct 08, 2026 8:55:10 AM liquibase.changelog
INFO: ChangeSet liquibase/3.5.x.x/047-fix-loinc-terminology.xml::OGC-957-fix-loinc-mapping-relationship::openelis ran successfully in 2ms
Running Changeset: liquibase/3.5.x.x/047-fix-loinc-terminology.xml::OGC-957-fix-terminology-mapping-version::openelis
Oct 08, 2026 8:55:10 AM liquibase.changelog
INFO: Data updated in test_terminology_mapping
Oct 08, 2026 8:55:10 AM liquibase.changelog
INFO: ChangeSet liquibase/3.5.x.x/047-fix-loinc-terminology.xml::OGC-957-fix-terminology-mapping-version::openelis ran successfully in 2ms
Running Changeset: liquibase/3.5.x.x/048-test-reagent-link.xml::OGC-986-test-reagent-link-table::OGC
Oct 08, 2026 8:55:10 AM liquibase.changelog
INFO: Table test_reagent_link created
Oct 08, 2026 8:55:10 AM liquibase.changelog
INFO: Custom SQL executed
Oct 08, 2026 8:55:10 AM liquibase.changelog
INFO: Unique constraint added to test_reagent_link(test_id, reagent_id)
Oct 08, 2026 8:55:10 AM liquibase.changelog
INFO: Foreign key constraint added to test_reagent_link (test_id)
Oct 08, 2026 8:55:10 AM liquibase.changelog
INFO: Foreign key constraint added to test_reagent_link (reagent_id)
Oct 08, 2026 8:55:10 AM liquibase.changelog
INFO: Index idx_test_reagent_link_test_usage created
Oct 08, 2026 8:55:10 AM liquibase.changelog
INFO: ChangeSet liquibase/3.5.x.x/048-test-reagent-link.xml::OGC-986-test-reagent-link-table::OGC ran successfully in 7ms
Running Changeset: liquibase/3.5.x.x/070-inventory-item-code.xml::OGC-658-part-c-add-inventory-item-code::OGC
Oct 08, 2026 8:55:10 AM liquibase.changelog
INFO: Columns code(VARCHAR(64)) added to inventory_item
Oct 08, 2026 8:55:10 AM liquibase.changelog
INFO: Custom SQL executed
Oct 08, 2026 8:55:10 AM liquibase.changelog
INFO: NOT NULL constraint has been added to inventory_item.code
Oct 08, 2026 8:55:10 AM liquibase.changelog
INFO: Unique constraint added to inventory_item(code)
Oct 08, 2026 8:55:10 AM liquibase.changelog
INFO: ChangeSet liquibase/3.5.x.x/070-inventory-item-code.xml::OGC-658-part-c-add-inventory-item-code::OGC ran successfully in 6ms
Running Changeset: inventory/generalize-storage-assignment-occupant.xml::OGC-657-add-occupant-columns-to-storage-assignment::OGC
Oct 08, 2026 8:55:10 AM liquibase.changelog
INFO: Columns occupant_type(VARCHAR(20)),inventory_lot_id(BIGINT) added to sample_storage_assignment
Oct 08, 2026 8:55:10 AM liquibase.changelog
INFO: Foreign key constraint added to sample_storage_assignment (inventory_lot_id)
Oct 08, 2026 8:55:10 AM liquibase.changelog
INFO: Null constraint dropped from sample_storage_assignment.sample_item_id
Oct 08, 2026 8:55:10 AM liquibase.changelog
INFO: Custom SQL executed
Oct 08, 2026 8:55:10 AM liquibase.changelog
INFO: Custom SQL executed
Oct 08, 2026 8:55:10 AM liquibase.changelog
INFO: Custom SQL executed
Oct 08, 2026 8:55:10 AM liquibase.changelog
INFO: Index idx_assignment_inventory_lot created
Oct 08, 2026 8:55:10 AM liquibase.changelog
INFO: Custom SQL executed
Oct 08, 2026 8:55:10 AM liquibase.changelog
INFO: Custom SQL executed
Oct 08, 2026 8:55:10 AM liquibase.changelog
INFO: ChangeSet inventory/generalize-storage-assignment-occupant.xml::OGC-657-add-occupant-columns-to-storage-assignment::OGC ran successfully in 7ms
Running Changeset: inventory/generalize-storage-assignment-occupant.xml::OGC-657-add-occupant-columns-to-storage-movement::OGC
Oct 08, 2026 8:55:10 AM liquibase.changelog
INFO: Columns occupant_type(VARCHAR(20)),inventory_lot_id(BIGINT) added to sample_storage_movement
Oct 08, 2026 8:55:10 AM liquibase.changelog
INFO: Foreign key constraint added to sample_storage_movement (inventory_lot_id)
Oct 08, 2026 8:55:10 AM liquibase.changelog
INFO: Null constraint dropped from sample_storage_movement.sample_item_id
Oct 08, 2026 8:55:10 AM liquibase.changelog
INFO: Index idx_movement_inventory_lot created
Oct 08, 2026 8:55:10 AM liquibase.changelog
INFO: Custom SQL executed
Oct 08, 2026 8:55:10 AM liquibase.changelog
INFO: Custom SQL executed
Oct 08, 2026 8:55:10 AM liquibase.changelog
INFO: ChangeSet inventory/generalize-storage-assignment-occupant.xml::OGC-657-add-occupant-columns-to-storage-movement::OGC ran successfully in 5ms
Running Changeset: inventory/generalize-storage-assignment-occupant.xml::OGC-657-migrate-inventory-storage-locations::OGC
Oct 08, 2026 8:55:10 AM liquibase.changelog
INFO: Marking ChangeSet: inventory/generalize-storage-assignment-occupant.xml::OGC-657-migrate-inventory-storage-locations::OGC ran despite precondition failure due to onFail='MARK_RAN': 
          liquibase/base-changelog.xml : SQL Precondition failed.  Expected 't' got 'f'

Running Changeset: inventory/generalize-storage-assignment-occupant.xml::OGC-657-drop-inventory-lot-storage-location-column::OGC
Oct 08, 2026 8:55:10 AM liquibase.changelog
INFO: Foreign key fk_lot_storage_location dropped
Oct 08, 2026 8:55:10 AM liquibase.changelog
INFO: Column inventory_lot.storage_location_id dropped
Oct 08, 2026 8:55:10 AM liquibase.changelog
INFO: ChangeSet inventory/generalize-storage-assignment-occupant.xml::OGC-657-drop-inventory-lot-storage-location-column::OGC ran successfully in 3ms
Running Changeset: inventory/generalize-storage-assignment-occupant.xml::OGC-657-drop-inventory-storage-location-table::OGC
Oct 08, 2026 8:55:10 AM liquibase.changelog
INFO: Table inventory_storage_location dropped
Oct 08, 2026 8:55:10 AM liquibase.changelog
INFO: Sequence inventory_storage_location_seq dropped
Oct 08, 2026 8:55:10 AM liquibase.changelog
INFO: ChangeSet inventory/generalize-storage-assignment-occupant.xml::OGC-657-drop-inventory-storage-location-table::OGC ran successfully in 2ms
Running Changeset: inventory/generalize-storage-assignment-occupant.xml::OGC-657-allow-room-in-location-type-checks::OGC
Oct 08, 2026 8:55:10 AM liquibase.changelog
INFO: Custom SQL executed
Oct 08, 2026 8:55:10 AM liquibase.changelog
INFO: Custom SQL executed
Oct 08, 2026 8:55:10 AM liquibase.changelog
INFO: Custom SQL executed
Oct 08, 2026 8:55:10 AM liquibase.changelog
INFO: Custom SQL executed
Oct 08, 2026 8:55:10 AM liquibase.changelog
INFO: Custom SQL executed
Oct 08, 2026 8:55:10 AM liquibase.changelog
INFO: Custom SQL executed
Oct 08, 2026 8:55:10 AM liquibase.changelog
INFO: ChangeSet inventory/generalize-storage-assignment-occupant.xml::OGC-657-allow-room-in-location-type-checks::OGC ran successfully in 3ms
Running Changeset: inventory/null-blank-lot-barcodes.xml::OGC-657-null-blank-lot-barcodes::OGC
Oct 08, 2026 8:55:10 AM liquibase.changelog
INFO: Marking ChangeSet: inventory/null-blank-lot-barcodes.xml::OGC-657-null-blank-lot-barcodes::OGC ran despite precondition failure due to onFail='MARK_RAN': 
          liquibase/base-changelog.xml : SQL Precondition failed.  Expected '1' got '0'

Running Changeset: liquibase/3.5.x.x/073-inventory-item-code-sequence.xml::OGC-658-part-d-inventory-item-code-sequence::OGC
Oct 08, 2026 8:55:10 AM liquibase.changelog
INFO: Table inventory_item_code_sequence created
Oct 08, 2026 8:55:10 AM liquibase.changelog
INFO: ChangeSet liquibase/3.5.x.x/073-inventory-item-code-sequence.xml::OGC-658-part-d-inventory-item-code-sequence::OGC ran successfully in 15ms
Running Changeset: storage/storage-menu-collapse.xml::OGC-657-collapse-storage-menu::OGC
Oct 08, 2026 8:55:10 AM liquibase.changelog
INFO: Data updated in menu
Oct 08, 2026 8:55:10 AM liquibase.changelog
INFO: Data updated in menu
Oct 08, 2026 8:55:10 AM liquibase.changelog
INFO: ChangeSet storage/storage-menu-collapse.xml::OGC-657-collapse-storage-menu::OGC ran successfully in 2ms
Running Changeset: liquibase/3.5.x.x/049-test-alert-rule.xml::OGC-763-test-alert-rule-table::OGC
Oct 08, 2026 8:55:10 AM liquibase.changelog
INFO: Table test_alert_rule created
Oct 08, 2026 8:55:10 AM liquibase.changelog
INFO: Custom SQL executed
Oct 08, 2026 8:55:10 AM liquibase.changelog
INFO: Foreign key constraint added to test_alert_rule (test_id)
Oct 08, 2026 8:55:10 AM liquibase.changelog
INFO: Foreign key constraint added to test_alert_rule (notify_role_id)
Oct 08, 2026 8:55:10 AM liquibase.changelog
INFO: Index idx_test_alert_rule_test created
Oct 08, 2026 8:55:10 AM liquibase.changelog
INFO: ChangeSet liquibase/3.5.x.x/049-test-alert-rule.xml::OGC-763-test-alert-rule-table::OGC ran successfully in 4ms
Running Changeset: liquibase/3.5.x.x/050-tsh-history-fk-cascade.xml::OGC-766-tsh-history-fk-cascade::OGC
Oct 08, 2026 8:55:10 AM liquibase.changelog
INFO: Foreign key fk_tsh_history_handling dropped
Oct 08, 2026 8:55:10 AM liquibase.changelog
INFO: Foreign key constraint added to test_sample_handling_history (test_sample_handling_id)
Oct 08, 2026 8:55:10 AM liquibase.changelog
INFO: ChangeSet liquibase/3.5.x.x/050-tsh-history-fk-cascade.xml::OGC-766-tsh-history-fk-cascade::OGC ran successfully in 1ms
Running Changeset: liquibase/3.5.x.x/051-uom-code-ucum.xml::uom-add-code-ucum::openelis
Oct 08, 2026 8:55:10 AM liquibase.changelog
INFO: Marking ChangeSet: liquibase/3.5.x.x/051-uom-code-ucum.xml::uom-add-code-ucum::openelis ran despite precondition failure due to onFail='MARK_RAN': 
          liquibase/base-changelog.xml : Not precondition failed

Running Changeset: liquibase/3.5.x.x/052-component-is-primary.xml::component-add-is-primary::openelis
Oct 08, 2026 8:55:10 AM liquibase.changelog
INFO: Columns is_primary(BOOLEAN) added to test_result_component
Oct 08, 2026 8:55:10 AM liquibase.changelog
INFO: Custom SQL executed
Oct 08, 2026 8:55:10 AM liquibase.changelog
INFO: Custom SQL executed
Oct 08, 2026 8:55:10 AM liquibase.changelog
INFO: ChangeSet liquibase/3.5.x.x/052-component-is-primary.xml::component-add-is-primary::openelis ran successfully in 5ms
Running Changeset: liquibase/3.5.x.x/053-terminology-component-scope.xml::OGC-1128-terminology-component-id::OGC
Oct 08, 2026 8:55:10 AM liquibase.changelog
INFO: Columns component_id(VARCHAR(36)) added to test_terminology_mapping
Oct 08, 2026 8:55:10 AM liquibase.changelog
INFO: Foreign key constraint added to test_terminology_mapping (component_id)
Oct 08, 2026 8:55:10 AM liquibase.changelog
INFO: Unique constraint uq_test_terminology_mapping dropped from test_terminology_mapping
Oct 08, 2026 8:55:10 AM liquibase.changelog
INFO: Custom SQL executed
Oct 08, 2026 8:55:10 AM liquibase.changelog
INFO: ChangeSet liquibase/3.5.x.x/053-terminology-component-scope.xml::OGC-1128-terminology-component-id::OGC ran successfully in 6ms
Running Changeset: liquibase/3.5.x.x/054-component-show-on-report.xml::OGC-1127-component-show-on-report::OGC
Oct 08, 2026 8:55:10 AM liquibase.changelog
INFO: Columns show_on_report(BOOLEAN) added to test_result_component
Oct 08, 2026 8:55:10 AM liquibase.changelog
INFO: ChangeSet liquibase/3.5.x.x/054-component-show-on-report.xml::OGC-1127-component-show-on-report::OGC ran successfully in 2ms
Running Changeset: liquibase/3.5.x.x/055-seed-molecular-components.xml::OGC-1125-seed-ct-uom::OGC
Oct 08, 2026 8:55:10 AM liquibase.changelog
INFO: New row inserted into unit_of_measure
Oct 08, 2026 8:55:10 AM liquibase.changelog
INFO: ChangeSet liquibase/3.5.x.x/055-seed-molecular-components.xml::OGC-1125-seed-ct-uom::OGC ran successfully in 1ms
Running Changeset: liquibase/3.5.x.x/055-seed-molecular-components.xml::OGC-1125-seed-molecular-components::OGC
Oct 08, 2026 8:55:10 AM liquibase.changelog
INFO: Custom SQL executed
Oct 08, 2026 8:55:10 AM liquibase.changelog
INFO: Custom SQL executed
Oct 08, 2026 8:55:10 AM liquibase.changelog
INFO: ChangeSet liquibase/3.5.x.x/055-seed-molecular-components.xml::OGC-1125-seed-molecular-components::OGC ran successfully in 3ms
Running Changeset: liquibase/3.5.x.x/056-analyzer-component-mapping.xml::OGC-1129-analyzer-test-map-component-id::OGC
Oct 08, 2026 8:55:10 AM liquibase.changelog
INFO: Columns component_id(VARCHAR(36)) added to analyzer_test_map
Oct 08, 2026 8:55:10 AM liquibase.changelog
INFO: Foreign key constraint added to analyzer_test_map (component_id)
Oct 08, 2026 8:55:10 AM liquibase.changelog
INFO: ChangeSet liquibase/3.5.x.x/056-analyzer-component-mapping.xml::OGC-1129-analyzer-test-map-component-id::OGC ran successfully in 2ms
Running Changeset: liquibase/3.5.x.x/056-analyzer-component-mapping.xml::OGC-1129-analyzer-results-component-id::OGC
Oct 08, 2026 8:55:10 AM liquibase.changelog
INFO: Columns component_id(VARCHAR(36)) added to analyzer_results
Oct 08, 2026 8:55:10 AM liquibase.changelog
INFO: ChangeSet liquibase/3.5.x.x/056-analyzer-component-mapping.xml::OGC-1129-analyzer-results-component-id::OGC ran successfully in 2ms
Running Changeset: liquibase/3.5.x.x/057-terminology-display-name.xml::OGC-1142-terminology-display-name::OGC
Oct 08, 2026 8:55:10 AM liquibase.changelog
INFO: Columns display_name(VARCHAR(255)) added to test_terminology_mapping
Oct 08, 2026 8:55:10 AM liquibase.changelog
INFO: ChangeSet liquibase/3.5.x.x/057-terminology-display-name.xml::OGC-1142-terminology-display-name::OGC ran successfully in 1ms
Running Changeset: liquibase/3.5.x.x/058-test-variant-link.xml::OGC-1142-test-variant-link-table::OGC
Oct 08, 2026 8:55:10 AM liquibase.changelog
INFO: Table test_variant_link created
Oct 08, 2026 8:55:10 AM liquibase.changelog
INFO: Unique constraint added to test_variant_link(test_id)
Oct 08, 2026 8:55:10 AM liquibase.changelog
INFO: Foreign key constraint added to test_variant_link (test_id)
Oct 08, 2026 8:55:10 AM liquibase.changelog
INFO: Index idx_test_variant_link_group created
Oct 08, 2026 8:55:10 AM liquibase.changelog
INFO: ChangeSet liquibase/3.5.x.x/058-test-variant-link.xml::OGC-1142-test-variant-link-table::OGC ran successfully in 18ms
Running Changeset: liquibase/3.5.x.x/059-results-r1-unified-worklist.xml::OGC-1020-test-section-domain-column::OGC
Oct 08, 2026 8:55:10 AM liquibase.changelog
INFO: Columns domain(VARCHAR(20)) added to test_section
Oct 08, 2026 8:55:10 AM liquibase.changelog
INFO: Custom SQL executed
Oct 08, 2026 8:55:10 AM liquibase.changelog
INFO: ChangeSet liquibase/3.5.x.x/059-results-r1-unified-worklist.xml::OGC-1020-test-section-domain-column::OGC ran successfully in 2ms
Running Changeset: liquibase/3.5.x.x/059-results-r1-unified-worklist.xml::OGC-1020-results-unified-menu-item::OGC
Oct 08, 2026 8:55:10 AM liquibase.changelog
INFO: New row inserted into menu
Oct 08, 2026 8:55:10 AM liquibase.changelog
INFO: ChangeSet liquibase/3.5.x.x/059-results-r1-unified-worklist.xml::OGC-1020-results-unified-menu-item::OGC ran successfully in 1ms
Running Changeset: liquibase/3.5.x.x/059-results-r1-unified-worklist.xml::OGC-1020-results-unified-route-flag::OGC
Oct 08, 2026 8:55:10 AM liquibase.changelog
INFO: New row inserted into site_information
Oct 08, 2026 8:55:10 AM liquibase.changelog
INFO: ChangeSet liquibase/3.5.x.x/059-results-r1-unified-worklist.xml::OGC-1020-results-unified-route-flag::OGC ran successfully in 1ms
Running Changeset: liquibase/3.5.x.x/060-terminology-sample-type-scope.xml::OGC-1145-terminology-sample-type-scope::OGC
Oct 08, 2026 8:55:10 AM liquibase.changelog
INFO: Columns sample_type_id(numeric(10,0)) added to test_terminology_mapping
Oct 08, 2026 8:55:10 AM liquibase.changelog
INFO: Foreign key constraint added to test_terminology_mapping (sample_type_id)
Oct 08, 2026 8:55:10 AM liquibase.changelog
INFO: Custom SQL executed
Oct 08, 2026 8:55:10 AM liquibase.changelog
INFO: ChangeSet liquibase/3.5.x.x/060-terminology-sample-type-scope.xml::OGC-1145-terminology-sample-type-scope::OGC ran successfully in 4ms
Running Changeset: liquibase/3.5.x.x/061-awaiting-specimen-order-status.xml::OGC-1145-awaiting-specimen-order-status::OGC
Oct 08, 2026 8:55:10 AM liquibase.changelog
INFO: New row inserted into status_of_sample
Oct 08, 2026 8:55:10 AM liquibase.changelog
INFO: ChangeSet liquibase/3.5.x.x/061-awaiting-specimen-order-status.xml::OGC-1145-awaiting-specimen-order-status::OGC ran successfully in 1ms
Running Changeset: liquibase/3.5.x.x/062-result-limits-sample-type-scope.xml::OGC-1145-result-limits-sample-type-column::OGC
Oct 08, 2026 8:55:10 AM liquibase.changelog
INFO: Columns sample_type_id(numeric(10,0)) added to result_limits
Oct 08, 2026 8:55:10 AM liquibase.changelog
INFO: Foreign key constraint added to result_limits (sample_type_id)
Oct 08, 2026 8:55:10 AM liquibase.changelog
INFO: ChangeSet liquibase/3.5.x.x/062-result-limits-sample-type-scope.xml::OGC-1145-result-limits-sample-type-column::OGC ran successfully in 2ms
Running Changeset: liquibase/3.5.x.x/063-collapse-variant-groups.xml::OGC-1145-collapse-variant-groups::OGC
Oct 08, 2026 8:55:10 AM liquibase.changelog
INFO: Custom SQL executed
Oct 08, 2026 8:55:10 AM liquibase.changelog
INFO: ChangeSet liquibase/3.5.x.x/063-collapse-variant-groups.xml::OGC-1145-collapse-variant-groups::OGC ran successfully in 5ms
Running Changeset: liquibase/3.5.x.x/063-collapse-variant-groups.xml::OGC-1145-drop-test-variant-link::OGC
Oct 08, 2026 8:55:10 AM liquibase.changelog
INFO: Table test_variant_link dropped
Oct 08, 2026 8:55:10 AM liquibase.changelog
INFO: ChangeSet liquibase/3.5.x.x/063-collapse-variant-groups.xml::OGC-1145-drop-test-variant-link::OGC ran successfully in 2ms
Running Changeset: liquibase/3.5.x.x/064-preserve-vector-domain-code.xml::sample-type-domain-enum-migration-vector-safe::OGC
Oct 08, 2026 8:55:10 AM liquibase.changelog
INFO: type_of_sample.domain datatype was changed to VARCHAR(20)
Oct 08, 2026 8:55:10 AM liquibase.changelog
INFO: Custom SQL executed
Oct 08, 2026 8:55:10 AM liquibase.changelog
INFO: Default value added to type_of_sample.domain
Oct 08, 2026 8:55:10 AM liquibase.changelog
INFO: ChangeSet liquibase/3.5.x.x/064-preserve-vector-domain-code.xml::sample-type-domain-enum-migration-vector-safe::OGC ran successfully in 4ms
Running Changeset: liquibase/3.5.x.x/064-add-whonet-code-to-type-of-sample.xml::add-whonet-code-to-type-of-sample::OGC
Oct 08, 2026 8:55:10 AM liquibase.changelog
INFO: Columns whonet_code(VARCHAR(5)) added to type_of_sample
Oct 08, 2026 8:55:10 AM liquibase.changelog
INFO: ChangeSet liquibase/3.5.x.x/064-add-whonet-code-to-type-of-sample.xml::add-whonet-code-to-type-of-sample::OGC ran successfully in 1ms
Running Changeset: liquibase/3.5.x.x/065-sample-type-terminology-mapping.xml::sample-type-terminology-mapping-table::OGC
Oct 08, 2026 8:55:10 AM liquibase.changelog
INFO: Table sample_type_terminology_mapping created
Oct 08, 2026 8:55:10 AM liquibase.changelog
INFO: Unique constraint added to sample_type_terminology_mapping(sample_type_id, source, code)
Oct 08, 2026 8:55:10 AM liquibase.changelog
INFO: Foreign key constraint added to sample_type_terminology_mapping (sample_type_id)
Oct 08, 2026 8:55:10 AM liquibase.changelog
INFO: ChangeSet liquibase/3.5.x.x/065-sample-type-terminology-mapping.xml::sample-type-terminology-mapping-table::OGC ran successfully in 18ms
Running Changeset: liquibase/3.5.x.x/066-sample-type-domain-enum-migration.xml::sample-type-domain-enum-migration::OGC
Oct 08, 2026 8:55:10 AM liquibase.changelog
INFO: Marking ChangeSet: liquibase/3.5.x.x/066-sample-type-domain-enum-migration.xml::sample-type-domain-enum-migration::OGC ran despite precondition failure due to onFail='MARK_RAN': 
          liquibase/base-changelog.xml : SQL Precondition failed.  Expected '0' got '1'

Running Changeset: liquibase/3.5.x.x/067-sample-type-disposal-instructions.xml::sample-type-disposal-instructions::OGC
Oct 08, 2026 8:55:10 AM liquibase.changelog
INFO: Columns disposal_instructions(TEXT) added to type_of_sample
Oct 08, 2026 8:55:10 AM liquibase.changelog
INFO: ChangeSet liquibase/3.5.x.x/067-sample-type-disposal-instructions.xml::sample-type-disposal-instructions::OGC ran successfully in 2ms
Running Changeset: liquibase/3.5.x.x/068-repair-free-text-dictionary-options.xml::repair-free-text-dictionary-options::OGC
Oct 08, 2026 8:55:10 AM liquibase.changelog
INFO: Custom SQL executed
Oct 08, 2026 8:55:10 AM liquibase.changelog
INFO: ChangeSet liquibase/3.5.x.x/068-repair-free-text-dictionary-options.xml::repair-free-text-dictionary-options::OGC ran successfully in 2ms
Running Changeset: liquibase/3.5.x.x/069-requester-required-config.xml::REQUESTER-REQUIRED-001::herbert
Oct 08, 2026 8:55:10 AM liquibase.changelog
INFO: New row inserted into site_information
Oct 08, 2026 8:55:10 AM liquibase.changelog
INFO: ChangeSet liquibase/3.5.x.x/069-requester-required-config.xml::REQUESTER-REQUIRED-001::herbert ran successfully in 1ms
Running Changeset: liquibase/3.5.x.x/070-critical-result-alert-type.xml::OGC-1022-critical-result-alert-type::OGC
Oct 08, 2026 8:55:10 AM liquibase.changelog
INFO: Custom SQL executed
Oct 08, 2026 8:55:10 AM liquibase.changelog
INFO: ChangeSet liquibase/3.5.x.x/070-critical-result-alert-type.xml::OGC-1022-critical-result-alert-type::OGC ran successfully in 2ms
Running Changeset: liquibase/3.5.x.x/071-order-attachment-result-scope.xml::order-attachment-002-result-scope::mozzy
Oct 08, 2026 8:55:10 AM liquibase.changelog
INFO: Columns analysis_id(numeric(10,0)),test_result_component_id(VARCHAR(36)) added to order_attachment
Oct 08, 2026 8:55:10 AM liquibase.changelog
INFO: Foreign key constraint added to order_attachment (analysis_id)
Oct 08, 2026 8:55:10 AM liquibase.changelog
INFO: Foreign key constraint added to order_attachment (test_result_component_id)
Oct 08, 2026 8:55:10 AM liquibase.changelog
INFO: Index idx_order_attachment_analysis_id created
Oct 08, 2026 8:55:10 AM liquibase.changelog
INFO: ChangeSet liquibase/3.5.x.x/071-order-attachment-result-scope.xml::order-attachment-002-result-scope::mozzy ran successfully in 7ms
Running Changeset: liquibase/3.5.x.x/072-migrate-result-files-to-order-attachments.xml::order-attachment-003-migrate-result-files::mozzy
Oct 08, 2026 8:55:10 AM liquibase.changelog
INFO: Custom SQL executed
Oct 08, 2026 8:55:10 AM liquibase.changelog
INFO: ChangeSet liquibase/3.5.x.x/072-migrate-result-files-to-order-attachments.xml::order-attachment-003-migrate-result-files::mozzy ran successfully in 7ms
Running Changeset: liquibase/3.5.x.x/073-note-component-scope.xml::note-001-component-scope::mozzy
Oct 08, 2026 8:55:10 AM liquibase.changelog
INFO: Columns test_result_component_id(VARCHAR(36)) added to note
Oct 08, 2026 8:55:10 AM liquibase.changelog
INFO: Foreign key constraint added to note (test_result_component_id)
Oct 08, 2026 8:55:10 AM liquibase.changelog
INFO: ChangeSet liquibase/3.5.x.x/073-note-component-scope.xml::note-001-component-scope::mozzy ran successfully in 4ms
Running Changeset: liquibase/3.5.x.x/074-panel-domain.xml::OGC-224-panel-domain-column::mozzy
Oct 08, 2026 8:55:10 AM liquibase.changelog
INFO: Columns domain(VARCHAR(20)) added to panel
Oct 08, 2026 8:55:10 AM liquibase.changelog
INFO: Custom SQL executed
Oct 08, 2026 8:55:10 AM liquibase.changelog
INFO: ChangeSet liquibase/3.5.x.x/074-panel-domain.xml::OGC-224-panel-domain-column::mozzy ran successfully in 3ms
Running Changeset: liquibase/3.5.x.x/075-panel-terminology-mapping.xml::OGC-224-panel-terminology-mapping-table::mozzy
Oct 08, 2026 8:55:10 AM liquibase.changelog
INFO: Table panel_terminology_mapping created
Oct 08, 2026 8:55:10 AM liquibase.changelog
INFO: Unique constraint added to panel_terminology_mapping(panel_id, source, code)
Oct 08, 2026 8:55:10 AM liquibase.changelog
INFO: Foreign key constraint added to panel_terminology_mapping (panel_id)
Oct 08, 2026 8:55:10 AM liquibase.changelog
INFO: ChangeSet liquibase/3.5.x.x/075-panel-terminology-mapping.xml::OGC-224-panel-terminology-mapping-table::mozzy ran successfully in 18ms
Running Changeset: liquibase/3.5.x.x/075-panel-terminology-mapping.xml::OGC-224-panel-loinc-mapping-backfill::mozzy
Oct 08, 2026 8:55:10 AM liquibase.changelog
INFO: Custom SQL executed
Oct 08, 2026 8:55:10 AM liquibase.changelog
INFO: ChangeSet liquibase/3.5.x.x/075-panel-terminology-mapping.xml::OGC-224-panel-loinc-mapping-backfill::mozzy ran successfully in 2ms
Running Changeset: liquibase/3.5.x.x/076-rule-component-sample-type-scope.xml::rule-scope-001-calculation-operation::mozzy
Oct 08, 2026 8:55:10 AM liquibase.changelog
INFO: Columns component_id(VARCHAR(36)),sample_type_id(NUMERIC(10,0)) added to calculation_operation
Oct 08, 2026 8:55:10 AM liquibase.changelog
INFO: Foreign key constraint added to calculation_operation (component_id)
Oct 08, 2026 8:55:10 AM liquibase.changelog
INFO: Foreign key constraint added to calculation_operation (sample_type_id)
Oct 08, 2026 8:55:10 AM liquibase.changelog
INFO: ChangeSet liquibase/3.5.x.x/076-rule-component-sample-type-scope.xml::rule-scope-001-calculation-operation::mozzy ran successfully in 4ms
Running Changeset: liquibase/3.5.x.x/076-rule-component-sample-type-scope.xml::rule-scope-002-calculation-operation-backfill::mozzy
Oct 08, 2026 8:55:10 AM liquibase.changelog
INFO: Custom SQL executed
Oct 08, 2026 8:55:10 AM liquibase.changelog
INFO: ChangeSet liquibase/3.5.x.x/076-rule-component-sample-type-scope.xml::rule-scope-002-calculation-operation-backfill::mozzy ran successfully in 2ms
Running Changeset: liquibase/3.5.x.x/076-rule-component-sample-type-scope.xml::rule-scope-003-reflex-rule-condition::mozzy
Oct 08, 2026 8:55:10 AM liquibase.changelog
INFO: Columns component_id(VARCHAR(36)) added to reflex_rule_condition
Oct 08, 2026 8:55:10 AM liquibase.changelog
INFO: Foreign key constraint added to reflex_rule_condition (component_id)
Oct 08, 2026 8:55:10 AM liquibase.changelog
INFO: ChangeSet liquibase/3.5.x.x/076-rule-component-sample-type-scope.xml::rule-scope-003-reflex-rule-condition::mozzy ran successfully in 3ms
Running Changeset: liquibase/3.5.x.x/076-rule-component-sample-type-scope.xml::rule-scope-004-test-reflex::mozzy
Oct 08, 2026 8:55:10 AM liquibase.changelog
INFO: Columns component_id(VARCHAR(36)),sample_type_id(NUMERIC(10,0)) added to test_reflex
Oct 08, 2026 8:55:10 AM liquibase.changelog
INFO: Foreign key constraint added to test_reflex (component_id)
Oct 08, 2026 8:55:10 AM liquibase.changelog
INFO: Foreign key constraint added to test_reflex (sample_type_id)
Oct 08, 2026 8:55:10 AM liquibase.changelog
INFO: ChangeSet liquibase/3.5.x.x/076-rule-component-sample-type-scope.xml::rule-scope-004-test-reflex::mozzy ran successfully in 5ms
Running Changeset: liquibase/3.5.x.x/076-rule-component-sample-type-scope.xml::rule-scope-005-reflex-backfill::mozzy
Oct 08, 2026 8:55:10 AM liquibase.changelog
INFO: Custom SQL executed
Oct 08, 2026 8:55:10 AM liquibase.changelog
INFO: ChangeSet liquibase/3.5.x.x/076-rule-component-sample-type-scope.xml::rule-scope-005-reflex-backfill::mozzy ran successfully in 3ms
Running Changeset: liquibase/3.5.x.x/077-alert-rule-component-scope.xml::alert-scope-001-component-and-sample-type::mozzy
Oct 08, 2026 8:55:10 AM liquibase.changelog
INFO: Columns component_id(VARCHAR(36)),sample_type_id(NUMERIC(10,0)) added to test_alert_rule
Oct 08, 2026 8:55:10 AM liquibase.changelog
INFO: Foreign key constraint added to test_alert_rule (component_id)
Oct 08, 2026 8:55:10 AM liquibase.changelog
INFO: Foreign key constraint added to test_alert_rule (sample_type_id)
Oct 08, 2026 8:55:10 AM liquibase.changelog
INFO: Index idx_test_alert_rule_component created
Oct 08, 2026 8:55:10 AM liquibase.changelog
INFO: ChangeSet liquibase/3.5.x.x/077-alert-rule-component-scope.xml::alert-scope-001-component-and-sample-type::mozzy ran successfully in 5ms
Running Changeset: liquibase/3.5.x.x/078-calculation-operand-result-map.xml::calc-operand-001-add-operation-key::mozzy
Oct 08, 2026 8:55:10 AM liquibase.changelog
INFO: Columns operation_id(INT) added to test_result_map
Oct 08, 2026 8:55:10 AM liquibase.changelog
INFO: ChangeSet liquibase/3.5.x.x/078-calculation-operand-result-map.xml::calc-operand-001-add-operation-key::mozzy ran successfully in 2ms
Running Changeset: liquibase/3.5.x.x/078-calculation-operand-result-map.xml::calc-operand-002-backfill::mozzy
Oct 08, 2026 8:55:10 AM liquibase.changelog
INFO: Custom SQL executed
Oct 08, 2026 8:55:10 AM liquibase.changelog
INFO: ChangeSet liquibase/3.5.x.x/078-calculation-operand-result-map.xml::calc-operand-002-backfill::mozzy ran successfully in 2ms
Running Changeset: liquibase/3.5.x.x/078-calculation-operand-result-map.xml::calc-operand-003-drop-orphans::mozzy
Oct 08, 2026 8:55:10 AM liquibase.changelog
INFO: Data deleted from test_result_map
Oct 08, 2026 8:55:10 AM liquibase.changelog
INFO: ChangeSet liquibase/3.5.x.x/078-calculation-operand-result-map.xml::calc-operand-003-drop-orphans::mozzy ran successfully in 1ms
Running Changeset: liquibase/3.5.x.x/079-alert-rule-primary-component-backfill.xml::alert-scope-002-primary-component-backfill::mozzy
Oct 08, 2026 8:55:10 AM liquibase.changelog
INFO: Custom SQL executed
Oct 08, 2026 8:55:10 AM liquibase.changelog
INFO: ChangeSet liquibase/3.5.x.x/079-alert-rule-primary-component-backfill.xml::alert-scope-002-primary-component-backfill::mozzy ran successfully in 2ms
Running Changeset: liquibase/3.5.x.x/080-calculation-destination-component.xml::calc-destination-001-component::mozzy
Oct 08, 2026 8:55:10 AM liquibase.changelog
INFO: Columns component_id(VARCHAR(36)) added to calculation
Oct 08, 2026 8:55:10 AM liquibase.changelog
INFO: Foreign key constraint added to calculation (component_id)
Oct 08, 2026 8:55:10 AM liquibase.changelog
INFO: ChangeSet liquibase/3.5.x.x/080-calculation-destination-component.xml::calc-destination-001-component::mozzy ran successfully in 3ms
Running Changeset: liquibase/3.5.x.x/080-calculation-destination-component.xml::calc-destination-002-backfill::mozzy
Oct 08, 2026 8:55:10 AM liquibase.changelog
INFO: Custom SQL executed
Oct 08, 2026 8:55:10 AM liquibase.changelog
INFO: ChangeSet liquibase/3.5.x.x/080-calculation-destination-component.xml::calc-destination-002-backfill::mozzy ran successfully in 2ms
Running Changeset: liquibase/3.5.x.x/081-reflex-sample-type-backfill.xml::reflex-sample-type-001-backfill::mozzy
Oct 08, 2026 8:55:10 AM liquibase.changelog
INFO: Custom SQL executed
Oct 08, 2026 8:55:10 AM liquibase.changelog
INFO: ChangeSet liquibase/3.5.x.x/081-reflex-sample-type-backfill.xml::reflex-sample-type-001-backfill::mozzy ran successfully in 3ms
Running Changeset: liquibase/3.5.x.x/082-reflex-target-sample-type.xml::reflex-target-sample-type-001::mozzy
Oct 08, 2026 8:55:10 AM liquibase.changelog
INFO: Columns add_sample_type_id(NUMERIC(10,0)) added to test_reflex
Oct 08, 2026 8:55:10 AM liquibase.changelog
INFO: Foreign key constraint added to test_reflex (add_sample_type_id)
Oct 08, 2026 8:55:10 AM liquibase.changelog
INFO: ChangeSet liquibase/3.5.x.x/082-reflex-target-sample-type.xml::reflex-target-sample-type-001::mozzy ran successfully in 4ms
Running Changeset: liquibase/3.5.x.x/082-reflex-target-sample-type.xml::reflex-target-sample-type-002-backfill::mozzy
Oct 08, 2026 8:55:10 AM liquibase.changelog
INFO: Custom SQL executed
Oct 08, 2026 8:55:10 AM liquibase.changelog
INFO: ChangeSet liquibase/3.5.x.x/082-reflex-target-sample-type.xml::reflex-target-sample-type-002-backfill::mozzy ran successfully in 2ms
Running Changeset: liquibase/3.5.x.x/083-override-default-translation-config.xml::OVERRIDE-DEFAULT-TRANSLATION-001::oe
Oct 08, 2026 8:55:10 AM liquibase.changelog
INFO: New row inserted into site_information
Oct 08, 2026 8:55:10 AM liquibase.changelog
INFO: ChangeSet liquibase/3.5.x.x/083-override-default-translation-config.xml::OVERRIDE-DEFAULT-TRANSLATION-001::oe ran successfully in 1ms
Running Changeset: liquibase/3.5.x.x/084-panel-loinc-terminology-backfill.xml::OGC-panel-loinc-terminology-backfill::oe
Oct 08, 2026 8:55:10 AM liquibase.changelog
INFO: Custom SQL executed
Oct 08, 2026 8:55:10 AM liquibase.changelog
INFO: ChangeSet liquibase/3.5.x.x/084-panel-loinc-terminology-backfill.xml::OGC-panel-loinc-terminology-backfill::oe ran successfully in 2ms
Running Changeset: liquibase/3.5.x.x/085-restore-add-order-menu-labels.xml::OGC-restore-add-generic-order-label::OGC
Oct 08, 2026 8:55:10 AM liquibase.changelog
INFO: Data updated in menu
Oct 08, 2026 8:55:10 AM liquibase.changelog
INFO: ChangeSet liquibase/3.5.x.x/085-restore-add-order-menu-labels.xml::OGC-restore-add-generic-order-label::OGC ran successfully in 1ms
Running Changeset: liquibase/3.5.x.x/085-restore-add-order-menu-labels.xml::OGC-vector-surveillance-menu-order::OGC
Oct 08, 2026 8:55:10 AM liquibase.changelog
INFO: Data updated in menu
Oct 08, 2026 8:55:10 AM liquibase.changelog
INFO: ChangeSet liquibase/3.5.x.x/085-restore-add-order-menu-labels.xml::OGC-vector-surveillance-menu-order::OGC ran successfully in 2ms
Running Changeset: liquibase/3.5.x.x/085-restore-add-order-menu-labels.xml::OGC-repoint-referred-out-menu::OGC
Oct 08, 2026 8:55:10 AM liquibase.changelog
INFO: Data updated in menu
Oct 08, 2026 8:55:10 AM liquibase.changelog
INFO: ChangeSet liquibase/3.5.x.x/085-restore-add-order-menu-labels.xml::OGC-repoint-referred-out-menu::OGC ran successfully in 1ms
Running Changeset: liquibase/3.5.x.x/086-merge-alert-type-constraint-union.xml::OGC-merge-alert-type-constraint-union::OGC
Oct 08, 2026 8:55:10 AM liquibase.changelog
INFO: Custom SQL executed
Oct 08, 2026 8:55:10 AM liquibase.changelog
INFO: ChangeSet liquibase/3.5.x.x/086-merge-alert-type-constraint-union.xml::OGC-merge-alert-type-constraint-union::OGC ran successfully in 2ms
Running Changeset: liquibase/3.5.x.x/087-validation-bulk-release-flag.xml::OGC-1029-validation-bulk-release-flag::OGC
Oct 08, 2026 8:55:10 AM liquibase.changelog
INFO: New row inserted into site_information
Oct 08, 2026 8:55:10 AM liquibase.changelog
INFO: ChangeSet liquibase/3.5.x.x/087-validation-bulk-release-flag.xml::OGC-1029-validation-bulk-release-flag::OGC ran successfully in 1ms
Running Changeset: liquibase/3.5.x.x/088-validation-retest-note-flag.xml::OGC-1030-validation-retest-note-flag::OGC
Oct 08, 2026 8:55:10 AM liquibase.changelog
INFO: New row inserted into site_information
Oct 08, 2026 8:55:10 AM liquibase.changelog
INFO: ChangeSet liquibase/3.5.x.x/088-validation-retest-note-flag.xml::OGC-1030-validation-retest-note-flag::OGC ran successfully in 1ms
Running Changeset: liquibase/3.5.x.x/089-results-unified-route-default-on.xml::results-unified-route-default-on::OGC
Oct 08, 2026 8:55:10 AM liquibase.changelog
INFO: Data updated in site_information
Oct 08, 2026 8:55:10 AM liquibase.changelog
INFO: ChangeSet liquibase/3.5.x.x/089-results-unified-route-default-on.xml::results-unified-route-default-on::OGC ran successfully in 1ms
Running Changeset: liquibase/3.5.x.x/090-patient-search-trigram-indexes.xml::patient-search-trigram-extensions::OGC
Oct 08, 2026 8:55:10 AM liquibase.changelog
INFO: Custom SQL executed
Oct 08, 2026 8:55:10 AM liquibase.changelog
INFO: Custom SQL executed
Oct 08, 2026 8:55:10 AM liquibase.changelog
INFO: ChangeSet liquibase/3.5.x.x/090-patient-search-trigram-indexes.xml::patient-search-trigram-extensions::OGC ran successfully in 6ms
Running Changeset: liquibase/3.5.x.x/090-patient-search-trigram-indexes.xml::patient-search-trigram-indexes::OGC
Oct 08, 2026 8:55:10 AM liquibase.changelog
INFO: Custom SQL executed
Oct 08, 2026 8:55:10 AM liquibase.changelog
INFO: Custom SQL executed
Oct 08, 2026 8:55:10 AM liquibase.changelog
INFO: Custom SQL executed
Oct 08, 2026 8:55:10 AM liquibase.changelog
INFO: Custom SQL executed
Oct 08, 2026 8:55:10 AM liquibase.changelog
INFO: Custom SQL executed
Oct 08, 2026 8:55:10 AM liquibase.changelog
INFO: ChangeSet liquibase/3.5.x.x/090-patient-search-trigram-indexes.xml::patient-search-trigram-indexes::OGC ran successfully in 3ms
Running Changeset: liquibase/3.5.x.x/091-backfill-fhir-uuids.xml::backfill-organization-fhir-uuid::OGC
Oct 08, 2026 8:55:10 AM liquibase.changelog
INFO: Custom SQL executed
Oct 08, 2026 8:55:10 AM liquibase.changelog
INFO: ChangeSet liquibase/3.5.x.x/091-backfill-fhir-uuids.xml::backfill-organization-fhir-uuid::OGC ran successfully in 1ms
Running Changeset: liquibase/3.5.x.x/091-backfill-fhir-uuids.xml::backfill-provider-fhir-uuid::OGC
Oct 08, 2026 8:55:10 AM liquibase.changelog
INFO: Custom SQL executed
Oct 08, 2026 8:55:10 AM liquibase.changelog
INFO: ChangeSet liquibase/3.5.x.x/091-backfill-fhir-uuids.xml::backfill-provider-fhir-uuid::OGC ran successfully in 0ms
Running Changeset: liquibase/3.5.x.x/091-backfill-fhir-uuids.xml::backfill-analyzer-fhir-uuid::OGC
Oct 08, 2026 8:55:10 AM liquibase.changelog
INFO: Custom SQL executed
Oct 08, 2026 8:55:10 AM liquibase.changelog
INFO: ChangeSet liquibase/3.5.x.x/091-backfill-fhir-uuids.xml::backfill-analyzer-fhir-uuid::OGC ran successfully in 1ms
Running Changeset: liquibase/3.5.x.x/085-analyzer-profile-binding.xml::OGC-1054-analyzer-profile-binding::OGC
Oct 08, 2026 8:55:10 AM liquibase.changelog
INFO: Sequence analyzer_profile_binding_seq created
Oct 08, 2026 8:55:10 AM liquibase.changelog
INFO: Table analyzer_profile_binding created
Oct 08, 2026 8:55:10 AM liquibase.changelog
INFO: Unique constraint added to analyzer_profile_binding(profile_id, profile_revision)
Oct 08, 2026 8:55:10 AM liquibase.changelog
INFO: Custom SQL executed
Oct 08, 2026 8:55:10 AM liquibase.changelog
INFO: Columns profile_binding_id(numeric(10)) added to analyzer
Oct 08, 2026 8:55:10 AM liquibase.changelog
INFO: Foreign key constraint added to analyzer (profile_binding_id)
Oct 08, 2026 8:55:10 AM liquibase.changelog
INFO: Index idx_analyzer_profile_binding created
Oct 08, 2026 8:55:10 AM liquibase.changelog
INFO: ChangeSet liquibase/3.5.x.x/085-analyzer-profile-binding.xml::OGC-1054-analyzer-profile-binding::OGC ran successfully in 5ms
Running Changeset: liquibase/3.5.x.x/086-analyzer-site-binding.xml::OGC-1054-analyzer-site-binding-tables::OGC
Oct 08, 2026 8:55:10 AM liquibase.changelog
INFO: Sequence analyzer_site_binding_seq created
Oct 08, 2026 8:55:10 AM liquibase.changelog
INFO: Sequence analyzer_site_binding_revision_seq created
Oct 08, 2026 8:55:10 AM liquibase.changelog
INFO: Table analyzer_site_binding created
Oct 08, 2026 8:55:10 AM liquibase.changelog
INFO: Unique constraint added to analyzer_site_binding(profile_binding_id)
Oct 08, 2026 8:55:10 AM liquibase.changelog
INFO: Foreign key constraint added to analyzer_site_binding (profile_binding_id)
Oct 08, 2026 8:55:10 AM liquibase.changelog
INFO: Table analyzer_site_binding_revision created
Oct 08, 2026 8:55:10 AM liquibase.changelog
INFO: Unique constraint added to analyzer_site_binding_revision(site_binding_id, revision_number)
Oct 08, 2026 8:55:10 AM liquibase.changelog
INFO: Unique constraint added to analyzer_site_binding_revision(site_binding_id, binding_fingerprint)
Oct 08, 2026 8:55:10 AM liquibase.changelog
INFO: Foreign key constraint added to analyzer_site_binding_revision (site_binding_id)
Oct 08, 2026 8:55:10 AM liquibase.changelog
INFO: Foreign key constraint added to analyzer_site_binding_revision (supersedes_revision_id)
Oct 08, 2026 8:55:10 AM liquibase.changelog
INFO: Table analyzer_site_binding_test created
Oct 08, 2026 8:55:10 AM liquibase.changelog
INFO: Primary key added to analyzer_site_binding_test (site_binding_revision_id, source_row_key)
Oct 08, 2026 8:55:10 AM liquibase.changelog
INFO: Foreign key constraint added to analyzer_site_binding_test (site_binding_revision_id)
Oct 08, 2026 8:55:10 AM liquibase.changelog
INFO: Foreign key constraint added to analyzer_site_binding_test (test_id)
Oct 08, 2026 8:55:10 AM liquibase.changelog
INFO: Table analyzer_site_binding_result created
Oct 08, 2026 8:55:10 AM liquibase.changelog
INFO: Primary key added to analyzer_site_binding_result (site_binding_revision_id, source_row_key, raw_value)
Oct 08, 2026 8:55:10 AM liquibase.changelog
INFO: Foreign key constraint added to analyzer_site_binding_result (site_binding_revision_id)
Oct 08, 2026 8:55:10 AM liquibase.changelog
INFO: Foreign key constraint added to analyzer_site_binding_result (site_binding_revision_id, source_row_key)
Oct 08, 2026 8:55:10 AM liquibase.changelog
INFO: Foreign key constraint added to analyzer_site_binding_result (test_result_id)
Oct 08, 2026 8:55:10 AM liquibase.changelog
INFO: Custom SQL executed
Oct 08, 2026 8:55:10 AM liquibase.changelog
INFO: ChangeSet liquibase/3.5.x.x/086-analyzer-site-binding.xml::OGC-1054-analyzer-site-binding-tables::OGC ran successfully in 16ms
Running Changeset: liquibase/3.5.x.x/086-analyzer-site-binding.xml::OGC-1054-analyzer-site-binding-reference::OGC
Oct 08, 2026 8:55:10 AM liquibase.changelog
INFO: Columns site_binding_revision_id(numeric(10)) added to analyzer
Oct 08, 2026 8:55:10 AM liquibase.changelog
INFO: Foreign key constraint added to analyzer (site_binding_revision_id)
Oct 08, 2026 8:55:10 AM liquibase.changelog
INFO: Index idx_analyzer_site_binding_revision created
Oct 08, 2026 8:55:10 AM liquibase.changelog
INFO: ChangeSet liquibase/3.5.x.x/086-analyzer-site-binding.xml::OGC-1054-analyzer-site-binding-reference::OGC ran successfully in 2ms
Running Changeset: liquibase/3.5.x.x/086-analyzer-site-binding.xml::OGC-1054-analyzer-site-binding-audit-reference::OGC
Oct 08, 2026 8:55:10 AM liquibase.changelog
INFO: New row inserted into reference_tables
Oct 08, 2026 8:55:10 AM liquibase.changelog
INFO: ChangeSet liquibase/3.5.x.x/086-analyzer-site-binding.xml::OGC-1054-analyzer-site-binding-audit-reference::OGC ran successfully in 1ms
Running Changeset: liquibase/3.5.x.x/089-analyzer-site-binding-confirmation.xml::OGC-1054-analyzer-site-binding-confirmation::OGC
Oct 08, 2026 8:55:10 AM liquibase.changelog
INFO: Sequence analyzer_site_binding_confirmation_seq created
Oct 08, 2026 8:55:10 AM liquibase.changelog
INFO: Table analyzer_site_binding_confirmation created
Oct 08, 2026 8:55:10 AM liquibase.changelog
INFO: Unique constraint added to analyzer_site_binding_confirmation(site_binding_revision_id)
Oct 08, 2026 8:55:10 AM liquibase.changelog
INFO: Foreign key constraint added to analyzer_site_binding_confirmation (site_binding_revision_id)
Oct 08, 2026 8:55:10 AM liquibase.changelog
INFO: Custom SQL executed
Oct 08, 2026 8:55:10 AM liquibase.changelog
INFO: ChangeSet liquibase/3.5.x.x/089-analyzer-site-binding-confirmation.xml::OGC-1054-analyzer-site-binding-confirmation::OGC ran successfully in 5ms
Running Changeset: liquibase/3.5.x.x/089-analyzer-site-binding-confirmation.xml::OGC-1054-analyzer-site-binding-confirmation-audit::OGC
Oct 08, 2026 8:55:10 AM liquibase.changelog
INFO: New row inserted into reference_tables
Oct 08, 2026 8:55:10 AM liquibase.changelog
INFO: ChangeSet liquibase/3.5.x.x/089-analyzer-site-binding-confirmation.xml::OGC-1054-analyzer-site-binding-confirmation-audit::OGC ran successfully in 2ms
Running Changeset: liquibase/3.5.x.x/090-analyzer-verification-evidence.xml::OGC-1054-analyzer-verification-evidence::OGC
Oct 08, 2026 8:55:10 AM liquibase.changelog
INFO: Columns profile_revision_fingerprint(VARCHAR(71)),audit_event_id(numeric(10)) added to analyzer_site_binding_confirmation
Oct 08, 2026 8:55:10 AM liquibase.changelog
INFO: Foreign key constraint added to analyzer_site_binding_confirmation (audit_event_id)
Oct 08, 2026 8:55:10 AM liquibase.changelog
INFO: Custom SQL executed
Oct 08, 2026 8:55:10 AM liquibase.changelog
INFO: ChangeSet liquibase/3.5.x.x/090-analyzer-verification-evidence.xml::OGC-1054-analyzer-verification-evidence::OGC ran successfully in 2ms
Running Changeset: liquibase/3.5.x.x/091-analyzer-activation-record.xml::OGC-1054-analyzer-activation-record::OGC
Oct 08, 2026 8:55:10 AM liquibase.changelog
INFO: Sequence analyzer_activation_record_seq created
Oct 08, 2026 8:55:10 AM liquibase.changelog
INFO: Table analyzer_activation_record created
Oct 08, 2026 8:55:10 AM liquibase.changelog
INFO: Foreign key constraint added to analyzer_activation_record (analyzer_id)
Oct 08, 2026 8:55:10 AM liquibase.changelog
INFO: Foreign key constraint added to analyzer_activation_record (site_binding_revision_id)
Oct 08, 2026 8:55:10 AM liquibase.changelog
INFO: Foreign key constraint added to analyzer_activation_record (verification_confirmation_id)
Oct 08, 2026 8:55:10 AM liquibase.changelog
INFO: Index idx_analyzer_activation_record_analyzer created
Oct 08, 2026 8:55:10 AM liquibase.changelog
INFO: Custom SQL executed
Oct 08, 2026 8:55:10 AM liquibase.changelog
INFO: Custom SQL executed
Oct 08, 2026 8:55:10 AM liquibase.changelog
INFO: Columns bridge_connection_id(VARCHAR(255)),latest_activation_record_id(numeric(10)) added to analyzer
Oct 08, 2026 8:55:10 AM liquibase.changelog
INFO: Unique constraint added to analyzer(bridge_connection_id)
Oct 08, 2026 8:55:10 AM liquibase.changelog
INFO: Foreign key constraint added to analyzer (latest_activation_record_id)
Oct 08, 2026 8:55:10 AM liquibase.changelog
INFO: Index idx_analyzer_latest_activation_record created
Oct 08, 2026 8:55:10 AM liquibase.changelog
INFO: ChangeSet liquibase/3.5.x.x/091-analyzer-activation-record.xml::OGC-1054-analyzer-activation-record::OGC ran successfully in 9ms
Running Changeset: liquibase/3.5.x.x/091-analyzer-activation-record.xml::OGC-1054-analyzer-activation-record-audit::OGC
Oct 08, 2026 8:55:10 AM liquibase.changelog
INFO: New row inserted into reference_tables
Oct 08, 2026 8:55:10 AM liquibase.changelog
INFO: ChangeSet liquibase/3.5.x.x/091-analyzer-activation-record.xml::OGC-1054-analyzer-activation-record-audit::OGC ran successfully in 1ms
Running Changeset: liquibase/3.5.x.x/092-normalize-analyzer-deleted-status.xml::092-normalize-analyzer-deleted-status::openelis
Oct 08, 2026 8:55:10 AM liquibase.changelog
INFO: Data updated in analyzer
Oct 08, 2026 8:55:10 AM liquibase.changelog
INFO: ChangeSet liquibase/3.5.x.x/092-normalize-analyzer-deleted-status.xml::092-normalize-analyzer-deleted-status::openelis ran successfully in 2ms
Running Changeset: liquibase/3.5.x.x/095-allow-repeated-analyzer-site-binding-fingerprints.xml::OGC-1054-allow-repeated-site-binding-fingerprints::OGC
Oct 08, 2026 8:55:10 AM liquibase.changelog
INFO: Unique constraint uq_analyzer_site_binding_revision_fingerprint dropped from analyzer_site_binding_revision
Oct 08, 2026 8:55:10 AM liquibase.changelog
INFO: ChangeSet liquibase/3.5.x.x/095-allow-repeated-analyzer-site-binding-fingerprints.xml::OGC-1054-allow-repeated-site-binding-fingerprints::OGC ran successfully in 1ms
Running Changeset: liquibase/3.5.x.x/096-analyzer-result-source-context.xml::096-analyzer-result-source-context::codex
Oct 08, 2026 8:55:10 AM liquibase.changelog
INFO: Columns source_message_id(VARCHAR(255)),source_connection_id(VARCHAR(255)),source_profile_id(VARCHAR(128)),source_profile_revision(INTEGER),source_protocol(VARCHAR(20)),source_transport(VARCHAR(20)),raw_test_code(VARCHAR(255)),raw_result_value(TEXT),result_classification(VARCHAR(12)),recognition_mode(VARCHAR(12)),recognition_outcome(VARCHAR(20)),recognition_fingerprint(VARCHAR(71)),source_payload(TEXT) added to analyzer_results
Oct 08, 2026 8:55:10 AM liquibase.changelog
INFO: ChangeSet liquibase/3.5.x.x/096-analyzer-result-source-context.xml::096-analyzer-result-source-context::codex ran successfully in 5ms
Running Changeset: liquibase/3.5.x.x/097-normalize-analyzer-registration.xml::097-normalize-analyzer-registration::openelis
Oct 08, 2026 8:55:10 AM liquibase.changelog
INFO: Data updated in analyzer
Oct 08, 2026 8:55:10 AM liquibase.changelog
INFO: Data deleted from menu
Oct 08, 2026 8:55:10 AM liquibase.changelog
INFO: ChangeSet liquibase/3.5.x.x/097-normalize-analyzer-registration.xml::097-normalize-analyzer-registration::openelis ran successfully in 2ms
Running Changeset: liquibase/3.5.x.x/051-microbiology-reference-foundations.xml::OGC-782-test-culture-workflow-type-column::OGC
Oct 08, 2026 8:55:10 AM liquibase.changelog
INFO: Columns culture_workflow_type(VARCHAR(40)) added to test
Oct 08, 2026 8:55:10 AM liquibase.changelog
INFO: Custom SQL executed
Oct 08, 2026 8:55:10 AM liquibase.changelog
INFO: ChangeSet liquibase/3.5.x.x/051-microbiology-reference-foundations.xml::OGC-782-test-culture-workflow-type-column::OGC ran successfully in 2ms
Running Changeset: liquibase/3.5.x.x/051-microbiology-reference-foundations.xml::OGC-782-micro-organism-table::OGC
Oct 08, 2026 8:55:10 AM liquibase.changelog
INFO: Table micro_organism created
Oct 08, 2026 8:55:10 AM liquibase.changelog
INFO: ChangeSet liquibase/3.5.x.x/051-microbiology-reference-foundations.xml::OGC-782-micro-organism-table::OGC ran successfully in 1ms
Running Changeset: liquibase/3.5.x.x/051-microbiology-reference-foundations.xml::OGC-782-micro-antibiotic-table::OGC
Oct 08, 2026 8:55:10 AM liquibase.changelog
INFO: Table micro_antibiotic created
Oct 08, 2026 8:55:10 AM liquibase.changelog
INFO: ChangeSet liquibase/3.5.x.x/051-microbiology-reference-foundations.xml::OGC-782-micro-antibiotic-table::OGC ran successfully in 2ms
Running Changeset: liquibase/3.5.x.x/051-microbiology-reference-foundations.xml::OGC-782-micro-ast-panel-tables::OGC
Oct 08, 2026 8:55:10 AM liquibase.changelog
INFO: Table micro_ast_panel created
Oct 08, 2026 8:55:10 AM liquibase.changelog
INFO: Foreign key constraint added to micro_ast_panel (specimen_type_id)
Oct 08, 2026 8:55:10 AM liquibase.changelog
INFO: Custom SQL executed
Oct 08, 2026 8:55:10 AM liquibase.changelog
INFO: Table micro_ast_panel_antibiotic created
Oct 08, 2026 8:55:10 AM liquibase.changelog
INFO: Foreign key constraint added to micro_ast_panel_antibiotic (panel_id)
Oct 08, 2026 8:55:10 AM liquibase.changelog
INFO: Foreign key constraint added to micro_ast_panel_antibiotic (antibiotic_id)
Oct 08, 2026 8:55:10 AM liquibase.changelog
INFO: Unique constraint added to micro_ast_panel_antibiotic(panel_id, antibiotic_id)
Oct 08, 2026 8:55:10 AM liquibase.changelog
INFO: ChangeSet liquibase/3.5.x.x/051-microbiology-reference-foundations.xml::OGC-782-micro-ast-panel-tables::OGC ran successfully in 6ms
Running Changeset: liquibase/3.5.x.x/051-microbiology-reference-foundations.xml::OGC-782-micro-breakpoint-tables::OGC
Oct 08, 2026 8:55:10 AM liquibase.changelog
INFO: Table micro_breakpoint_standard created
Oct 08, 2026 8:55:10 AM liquibase.changelog
INFO: Unique constraint added to micro_breakpoint_standard(authority, version)
Oct 08, 2026 8:55:10 AM liquibase.changelog
INFO: Custom SQL executed
Oct 08, 2026 8:55:10 AM liquibase.changelog
INFO: Table micro_breakpoint_rule created
Oct 08, 2026 8:55:10 AM liquibase.changelog
INFO: Foreign key constraint added to micro_breakpoint_rule (standard_id)
Oct 08, 2026 8:55:10 AM liquibase.changelog
INFO: Foreign key constraint added to micro_breakpoint_rule (organism_id)
Oct 08, 2026 8:55:10 AM liquibase.changelog
INFO: Foreign key constraint added to micro_breakpoint_rule (antibiotic_id)
Oct 08, 2026 8:55:10 AM liquibase.changelog
INFO: Foreign key constraint added to micro_breakpoint_rule (specimen_type_id)
Oct 08, 2026 8:55:10 AM liquibase.changelog
INFO: Custom SQL executed
Oct 08, 2026 8:55:10 AM liquibase.changelog
INFO: ChangeSet liquibase/3.5.x.x/051-microbiology-reference-foundations.xml::OGC-782-micro-breakpoint-tables::OGC ran successfully in 9ms
Running Changeset: liquibase/3.5.x.x/051-microbiology-reference-foundations.xml::OGC-782-micro-culture-setup-table::OGC
Oct 08, 2026 8:55:10 AM liquibase.changelog
INFO: Table micro_culture_setup created
Oct 08, 2026 8:55:10 AM liquibase.changelog
INFO: Foreign key constraint added to micro_culture_setup (method_id)
Oct 08, 2026 8:55:10 AM liquibase.changelog
INFO: Unique constraint added to micro_culture_setup(method_id, workflow_type)
Oct 08, 2026 8:55:10 AM liquibase.changelog
INFO: Custom SQL executed
Oct 08, 2026 8:55:10 AM liquibase.changelog
INFO: ChangeSet liquibase/3.5.x.x/051-microbiology-reference-foundations.xml::OGC-782-micro-culture-setup-table::OGC ran successfully in 4ms
Running Changeset: liquibase/3.5.x.x/052-microbiology-case-core.xml::OGC-782-micro-case-table::OGC
Oct 08, 2026 8:55:10 AM liquibase.changelog
INFO: Table micro_case created
Oct 08, 2026 8:55:10 AM liquibase.changelog
INFO: Foreign key constraint added to micro_case (sample_item_id)
Oct 08, 2026 8:55:10 AM liquibase.changelog
INFO: Foreign key constraint added to micro_case (culture_method_id)
Oct 08, 2026 8:55:10 AM liquibase.changelog
INFO: Unique constraint added to micro_case(sample_item_id, workflow_type)
Oct 08, 2026 8:55:10 AM liquibase.changelog
INFO: Index idx_micro_case_sample_item created
Oct 08, 2026 8:55:10 AM liquibase.changelog
INFO: Custom SQL executed
Oct 08, 2026 8:55:10 AM liquibase.changelog
INFO: Custom SQL executed
Oct 08, 2026 8:55:10 AM liquibase.changelog
INFO: Custom SQL executed
Oct 08, 2026 8:55:10 AM liquibase.changelog
INFO: ChangeSet liquibase/3.5.x.x/052-microbiology-case-core.xml::OGC-782-micro-case-table::OGC ran successfully in 5ms
Running Changeset: liquibase/3.5.x.x/052-microbiology-case-core.xml::OGC-782-micro-case-activity-table::OGC
Oct 08, 2026 8:55:10 AM liquibase.changelog
INFO: Table micro_case_activity created
Oct 08, 2026 8:55:10 AM liquibase.changelog
INFO: Foreign key constraint added to micro_case_activity (case_id)
Oct 08, 2026 8:55:10 AM liquibase.changelog
INFO: Index idx_micro_case_activity_case created
Oct 08, 2026 8:55:10 AM liquibase.changelog
INFO: ChangeSet liquibase/3.5.x.x/052-microbiology-case-core.xml::OGC-782-micro-case-activity-table::OGC ran successfully in 3ms
Running Changeset: liquibase/3.5.x.x/052-microbiology-case-core.xml::OGC-782-micro-isolate-table::OGC
Oct 08, 2026 8:55:10 AM liquibase.changelog
INFO: Table micro_isolate created
Oct 08, 2026 8:55:10 AM liquibase.changelog
INFO: Foreign key constraint added to micro_isolate (case_id)
Oct 08, 2026 8:55:10 AM liquibase.changelog
INFO: Foreign key constraint added to micro_isolate (organism_id)
Oct 08, 2026 8:55:10 AM liquibase.changelog
INFO: Unique constraint added to micro_isolate(case_id, isolate_label)
Oct 08, 2026 8:55:10 AM liquibase.changelog
INFO: Index idx_micro_isolate_case created
Oct 08, 2026 8:55:10 AM liquibase.changelog
INFO: Custom SQL executed
Oct 08, 2026 8:55:10 AM liquibase.changelog
INFO: Custom SQL executed
Oct 08, 2026 8:55:10 AM liquibase.changelog
INFO: ChangeSet liquibase/3.5.x.x/052-microbiology-case-core.xml::OGC-782-micro-isolate-table::OGC ran successfully in 5ms
Running Changeset: liquibase/3.5.x.x/053-microbiology-manual-ast.xml::OGC-782-micro-ast-run-table::OGC
Oct 08, 2026 8:55:10 AM liquibase.changelog
INFO: Table micro_ast_run created
Oct 08, 2026 8:55:10 AM liquibase.changelog
INFO: Foreign key constraint added to micro_ast_run (isolate_id)
Oct 08, 2026 8:55:10 AM liquibase.changelog
INFO: Foreign key constraint added to micro_ast_run (panel_id)
Oct 08, 2026 8:55:10 AM liquibase.changelog
INFO: Index idx_micro_ast_run_isolate created
Oct 08, 2026 8:55:10 AM liquibase.changelog
INFO: Custom SQL executed
Oct 08, 2026 8:55:10 AM liquibase.changelog
INFO: ChangeSet liquibase/3.5.x.x/053-microbiology-manual-ast.xml::OGC-782-micro-ast-run-table::OGC ran successfully in 5ms
Running Changeset: liquibase/3.5.x.x/053-microbiology-manual-ast.xml::OGC-782-micro-ast-reading-table::OGC
Oct 08, 2026 8:55:10 AM liquibase.changelog
INFO: Table micro_ast_reading created
Oct 08, 2026 8:55:10 AM liquibase.changelog
INFO: Foreign key constraint added to micro_ast_reading (ast_run_id)
Oct 08, 2026 8:55:10 AM liquibase.changelog
INFO: Foreign key constraint added to micro_ast_reading (antibiotic_id)
Oct 08, 2026 8:55:10 AM liquibase.changelog
INFO: Foreign key constraint added to micro_ast_reading (breakpoint_rule_id)
Oct 08, 2026 8:55:10 AM liquibase.changelog
INFO: Unique constraint added to micro_ast_reading(ast_run_id, antibiotic_id)
Oct 08, 2026 8:55:10 AM liquibase.changelog
INFO: Custom SQL executed
Oct 08, 2026 8:55:10 AM liquibase.changelog
INFO: Custom SQL executed
Oct 08, 2026 8:55:10 AM liquibase.changelog
INFO: ChangeSet liquibase/3.5.x.x/053-microbiology-manual-ast.xml::OGC-782-micro-ast-reading-table::OGC ran successfully in 5ms
Running Changeset: liquibase/3.5.x.x/054-microbiology-worklists-critical.xml::OGC-782-micro-critical-communication-table::OGC
Oct 08, 2026 8:55:10 AM liquibase.changelog
INFO: Table micro_critical_communication created
Oct 08, 2026 8:55:10 AM liquibase.changelog
INFO: Foreign key constraint added to micro_critical_communication (case_id)
Oct 08, 2026 8:55:10 AM liquibase.changelog
INFO: Foreign key constraint added to micro_critical_communication (correction_of_id)
Oct 08, 2026 8:55:10 AM liquibase.changelog
INFO: Index idx_micro_critical_comm_case created
Oct 08, 2026 8:55:10 AM liquibase.changelog
INFO: ChangeSet liquibase/3.5.x.x/054-microbiology-worklists-critical.xml::OGC-782-micro-critical-communication-table::OGC ran successfully in 5ms
Running Changeset: liquibase/3.5.x.x/055-microbiology-order-detail.xml::OGC-782-micro-case-order-detail-table::OGC
Oct 08, 2026 8:55:10 AM liquibase.changelog
INFO: Table micro_case_order_detail created
Oct 08, 2026 8:55:10 AM liquibase.changelog
INFO: Foreign key constraint added to micro_case_order_detail (case_id)
Oct 08, 2026 8:55:10 AM liquibase.changelog
INFO: ChangeSet liquibase/3.5.x.x/055-microbiology-order-detail.xml::OGC-782-micro-case-order-detail-table::OGC ran successfully in 5ms
Running Changeset: liquibase/3.5.x.x/056-microbiology-ast-breakpoint-standard.xml::OGC-782-micro-ast-run-breakpoint-standard::OGC
Oct 08, 2026 8:55:10 AM liquibase.changelog
INFO: Columns breakpoint_standard_id(varchar(36)) added to micro_ast_run
Oct 08, 2026 8:55:10 AM liquibase.changelog
INFO: Foreign key constraint added to micro_ast_run (breakpoint_standard_id)
Oct 08, 2026 8:55:10 AM liquibase.changelog
INFO: ChangeSet liquibase/3.5.x.x/056-microbiology-ast-breakpoint-standard.xml::OGC-782-micro-ast-run-breakpoint-standard::OGC ran successfully in 1ms
Running Changeset: liquibase/3.5.x.x/057-alert-entity-ref.xml::OGC-782-alert-entity-ref-column::OGC
Oct 08, 2026 8:55:10 AM liquibase.changelog
INFO: Columns alert_entity_ref(varchar(64)) added to alert
Oct 08, 2026 8:55:10 AM liquibase.changelog
INFO: Null constraint dropped from alert.alert_entity_id
Oct 08, 2026 8:55:10 AM liquibase.changelog
INFO: Custom SQL executed
Oct 08, 2026 8:55:10 AM liquibase.changelog
INFO: Index idx_alert_entity_ref created
Oct 08, 2026 8:55:10 AM liquibase.changelog
INFO: ChangeSet liquibase/3.5.x.x/057-alert-entity-ref.xml::OGC-782-alert-entity-ref-column::OGC ran successfully in 4ms
Running Changeset: liquibase/3.5.x.x/058-alert-type-union.xml::OGC-782-alert-type-union-with-entity-ref::OGC
Oct 08, 2026 8:55:10 AM liquibase.changelog
INFO: Custom SQL executed
Oct 08, 2026 8:55:10 AM liquibase.changelog
INFO: ChangeSet liquibase/3.5.x.x/058-alert-type-union.xml::OGC-782-alert-type-union-with-entity-ref::OGC ran successfully in 3ms
Running Changeset: liquibase/3.5.x.x/058-1-restore-upgrade-alert-types.xml::3.5.0-058-1-restore-upgrade-alert-types::mozzy11
Oct 08, 2026 8:55:10 AM liquibase.changelog
INFO: Custom SQL executed
Oct 08, 2026 8:55:10 AM liquibase.changelog
INFO: ChangeSet liquibase/3.5.x.x/058-1-restore-upgrade-alert-types.xml::3.5.0-058-1-restore-upgrade-alert-types::mozzy11 ran successfully in 2ms
Running Changeset: liquibase/3.5.x.x/058-microbiology-critical-lifecycle.xml::OGC-782-micro-critical-lifecycle::OGC
Oct 08, 2026 8:55:10 AM liquibase.changelog
INFO: Columns target_type(varchar(40)),target_id(varchar(64)),recipient_contact(text),communication_method(varchar(40)),closed_at(timestamp),closed_by(varchar(20)),resolution_note(text),alert_id(bigint) added to micro_critical_communication
Oct 08, 2026 8:55:10 AM liquibase.changelog
INFO: Data updated in micro_critical_communication
Oct 08, 2026 8:55:10 AM liquibase.changelog
INFO: NOT NULL constraint has been added to micro_critical_communication.target_type
Oct 08, 2026 8:55:10 AM liquibase.changelog
INFO: NOT NULL constraint has been added to micro_critical_communication.target_id
Oct 08, 2026 8:55:10 AM liquibase.changelog
INFO: NOT NULL constraint has been added to micro_critical_communication.communication_method
Oct 08, 2026 8:55:10 AM liquibase.changelog
INFO: Foreign key constraint added to micro_critical_communication (alert_id)
Oct 08, 2026 8:55:10 AM liquibase.changelog
INFO: Index idx_micro_critical_comm_target created
Oct 08, 2026 8:55:10 AM liquibase.changelog
INFO: Index idx_micro_critical_comm_alert created
Oct 08, 2026 8:55:10 AM liquibase.changelog
INFO: Custom SQL executed
Oct 08, 2026 8:55:10 AM liquibase.changelog
INFO: ChangeSet liquibase/3.5.x.x/058-microbiology-critical-lifecycle.xml::OGC-782-micro-critical-lifecycle::OGC ran successfully in 7ms
Running Changeset: liquibase/3.5.x.x/059-microbiology-report-projection.xml::OGC-782-microbiology-report-projection::OGC
Oct 08, 2026 8:55:10 AM liquibase.changelog
INFO: Columns reportable_test_analyte_id(numeric(10)) added to micro_culture_setup
Oct 08, 2026 8:55:10 AM liquibase.changelog
INFO: Foreign key constraint added to micro_culture_setup (reportable_test_analyte_id)
Oct 08, 2026 8:55:10 AM liquibase.changelog
INFO: Table micro_case_analysis created
Oct 08, 2026 8:55:10 AM liquibase.changelog
INFO: Foreign key constraint added to micro_case_analysis (case_id)
Oct 08, 2026 8:55:10 AM liquibase.changelog
INFO: Foreign key constraint added to micro_case_analysis (analysis_id)
Oct 08, 2026 8:55:10 AM liquibase.changelog
INFO: Foreign key constraint added to micro_case_analysis (reportable_test_analyte_id)
Oct 08, 2026 8:55:10 AM liquibase.changelog
INFO: Foreign key constraint added to micro_case_analysis (projected_result_id)
Oct 08, 2026 8:55:10 AM liquibase.changelog
INFO: Unique constraint added to micro_case_analysis(case_id,analysis_id)
Oct 08, 2026 8:55:10 AM liquibase.changelog
INFO: Index idx_micro_case_analysis_case created
Oct 08, 2026 8:55:10 AM liquibase.changelog
INFO: ChangeSet liquibase/3.5.x.x/059-microbiology-report-projection.xml::OGC-782-microbiology-report-projection::OGC ran successfully in 6ms
Running Changeset: liquibase/3.5.x.x/060-microbiology-amendment-history.xml::OGC-782-microbiology-amendment-history::OGC
Oct 08, 2026 8:55:10 AM liquibase.changelog
INFO: Custom SQL executed
Oct 08, 2026 8:55:10 AM liquibase.changelog
INFO: Table micro_case_amendment created
Oct 08, 2026 8:55:10 AM liquibase.changelog
INFO: Foreign key constraint added to micro_case_amendment (case_id)
Oct 08, 2026 8:55:10 AM liquibase.changelog
INFO: Unique constraint added to micro_case_amendment(case_id, sequence_number)
Oct 08, 2026 8:55:10 AM liquibase.changelog
INFO: Index idx_micro_case_amendment_case created
Oct 08, 2026 8:55:10 AM liquibase.changelog
INFO: Custom SQL executed
Oct 08, 2026 8:55:10 AM liquibase.changelog
INFO: Columns amendment_id(VARCHAR(36)) added to micro_ast_run
Oct 08, 2026 8:55:10 AM liquibase.changelog
INFO: Foreign key constraint added to micro_ast_run (amendment_id)
Oct 08, 2026 8:55:10 AM liquibase.changelog
INFO: Index idx_micro_ast_run_amendment created
Oct 08, 2026 8:55:10 AM liquibase.changelog
INFO: Table micro_report_version created
Oct 08, 2026 8:55:10 AM liquibase.changelog
INFO: Foreign key constraint added to micro_report_version (case_id)
Oct 08, 2026 8:55:10 AM liquibase.changelog
INFO: Foreign key constraint added to micro_report_version (amendment_id)
Oct 08, 2026 8:55:10 AM liquibase.changelog
INFO: Foreign key constraint added to micro_report_version (corrects_version_id)
Oct 08, 2026 8:55:10 AM liquibase.changelog
INFO: Unique constraint added to micro_report_version(case_id, version_number)
Oct 08, 2026 8:55:10 AM liquibase.changelog
INFO: Unique constraint added to micro_report_version(amendment_id)
Oct 08, 2026 8:55:10 AM liquibase.changelog
INFO: Index idx_micro_report_version_case created
Oct 08, 2026 8:55:10 AM liquibase.changelog
INFO: Custom SQL executed
Oct 08, 2026 8:55:10 AM liquibase.changelog
INFO: Table micro_report_version_source created
Oct 08, 2026 8:55:10 AM liquibase.changelog
INFO: Foreign key constraint added to micro_report_version_source (report_version_id)
Oct 08, 2026 8:55:10 AM liquibase.changelog
INFO: Foreign key constraint added to micro_report_version_source (analysis_id)
Oct 08, 2026 8:55:10 AM liquibase.changelog
INFO: Foreign key constraint added to micro_report_version_source (result_id)
Oct 08, 2026 8:55:10 AM liquibase.changelog
INFO: Unique constraint added to micro_report_version_source(report_version_id, analysis_id)
Oct 08, 2026 8:55:10 AM liquibase.changelog
INFO: Index idx_micro_report_source_version created
Oct 08, 2026 8:55:10 AM liquibase.changelog
INFO: Table micro_isolate_identification_event created
Oct 08, 2026 8:55:10 AM liquibase.changelog
INFO: Foreign key constraint added to micro_isolate_identification_event (isolate_id)
Oct 08, 2026 8:55:10 AM liquibase.changelog
INFO: Foreign key constraint added to micro_isolate_identification_event (amendment_id)
Oct 08, 2026 8:55:10 AM liquibase.changelog
INFO: Index idx_micro_identification_event_isolate created
Oct 08, 2026 8:55:10 AM liquibase.changelog
INFO: Custom SQL executed
Oct 08, 2026 8:55:10 AM liquibase.changelog
INFO: ChangeSet liquibase/3.5.x.x/060-microbiology-amendment-history.xml::OGC-782-microbiology-amendment-history::OGC ran successfully in 19ms
Running Changeset: liquibase/3.5.x.x/060a-microbiology-amendment-isolate-lifecycle.xml::OGC-782-microbiology-amendment-isolate-lifecycle::OGC
Oct 08, 2026 8:55:10 AM liquibase.changelog
INFO: Columns amendment_id(VARCHAR(36)),cancelled_at(TIMESTAMP) added to micro_isolate
Oct 08, 2026 8:55:10 AM liquibase.changelog
INFO: Foreign key constraint added to micro_isolate (amendment_id)
Oct 08, 2026 8:55:10 AM liquibase.changelog
INFO: Index idx_micro_isolate_amendment created
Oct 08, 2026 8:55:10 AM liquibase.changelog
INFO: ChangeSet liquibase/3.5.x.x/060a-microbiology-amendment-isolate-lifecycle.xml::OGC-782-microbiology-amendment-isolate-lifecycle::OGC ran successfully in 3ms
Running Changeset: liquibase/3.5.x.x/061-microbiology-ast-attempts.xml::OGC-782-microbiology-ast-attempts::OGC
Oct 08, 2026 8:55:10 AM liquibase.changelog
INFO: Columns attempt_type(VARCHAR(20)),source_run_id(VARCHAR(36)),attempt_reason(TEXT),method(VARCHAR(20)),reportable(BOOLEAN) added to micro_ast_run
Oct 08, 2026 8:55:10 AM liquibase.changelog
INFO: Foreign key constraint added to micro_ast_run (source_run_id)
Oct 08, 2026 8:55:10 AM liquibase.changelog
INFO: Index idx_micro_ast_run_source created
Oct 08, 2026 8:55:10 AM liquibase.changelog
INFO: Custom SQL executed
Oct 08, 2026 8:55:10 AM liquibase.changelog
INFO: ChangeSet liquibase/3.5.x.x/061-microbiology-ast-attempts.xml::OGC-782-microbiology-ast-attempts::OGC ran successfully in 6ms
Running Changeset: liquibase/3.5.x.x/062-microbiology-inventory-usage-link.xml::OGC-782-microbiology-inventory-usage-link::OGC
Oct 08, 2026 8:55:10 AM liquibase.changelog
INFO: Table micro_inventory_usage_link created
Oct 08, 2026 8:55:10 AM liquibase.changelog
INFO: Foreign key constraint added to micro_inventory_usage_link (case_id)
Oct 08, 2026 8:55:10 AM liquibase.changelog
INFO: Foreign key constraint added to micro_inventory_usage_link (inventory_usage_id)
Oct 08, 2026 8:55:11 AM liquibase.changelog
INFO: Foreign key constraint added to micro_inventory_usage_link (activity_id)
Oct 08, 2026 8:55:11 AM liquibase.changelog
INFO: Foreign key constraint added to micro_inventory_usage_link (ast_run_id)
Oct 08, 2026 8:55:11 AM liquibase.changelog
INFO: Index idx_micro_inventory_usage_case created
Oct 08, 2026 8:55:11 AM liquibase.changelog
INFO: Index idx_micro_inventory_usage_action created
Oct 08, 2026 8:55:11 AM liquibase.changelog
INFO: Custom SQL executed
Oct 08, 2026 8:55:11 AM liquibase.changelog
INFO: ChangeSet liquibase/3.5.x.x/062-microbiology-inventory-usage-link.xml::OGC-782-microbiology-inventory-usage-link::OGC ran successfully in 8ms
Running Changeset: liquibase/3.5.x.x/063-microbiology-inventory-usage-version.xml::OGC-782-microbiology-inventory-usage-version::OGC
Oct 08, 2026 8:55:11 AM liquibase.changelog
INFO: Columns last_updated(TIMESTAMP) added to micro_inventory_usage_link
Oct 08, 2026 8:55:11 AM liquibase.changelog
INFO: ChangeSet liquibase/3.5.x.x/063-microbiology-inventory-usage-version.xml::OGC-782-microbiology-inventory-usage-version::OGC ran successfully in 1ms
Running Changeset: liquibase/3.5.x.x/064-microbiology-reference-administration.xml::OGC-782-m9-reference-admin-metadata::OGC
Oct 08, 2026 8:55:11 AM liquibase.changelog
INFO: Columns gram_stain(VARCHAR(20)),initial_significance(VARCHAR(20)),default_ast_panel_id(VARCHAR(36)),notes(TEXT),seeded(BOOLEAN),last_updated_by(VARCHAR(20)) added to micro_organism
Oct 08, 2026 8:55:11 AM liquibase.changelog
INFO: Foreign key constraint added to micro_organism (default_ast_panel_id)
Oct 08, 2026 8:55:11 AM liquibase.changelog
INFO: Columns route(VARCHAR(20)),notes(TEXT),seeded(BOOLEAN),last_updated_by(VARCHAR(20)) added to micro_antibiotic
Oct 08, 2026 8:55:11 AM liquibase.changelog
INFO: Columns last_updated_by(VARCHAR(20)) added to micro_culture_setup
Oct 08, 2026 8:55:11 AM liquibase.changelog
INFO: ChangeSet liquibase/3.5.x.x/064-microbiology-reference-administration.xml::OGC-782-m9-reference-admin-metadata::OGC ran successfully in 4ms
Running Changeset: liquibase/3.5.x.x/064-microbiology-reference-administration.xml::OGC-782-m9-versioned-ast-panels::OGC
Oct 08, 2026 8:55:11 AM liquibase.changelog
INFO: Columns logical_key(VARCHAR(36)),version_number(INTEGER),is_current(VARCHAR(2)),supersedes_panel_id(VARCHAR(36)),published_at(TIMESTAMP),published_by(VARCHAR(20)) added to micro_ast_panel
Oct 08, 2026 8:55:11 AM liquibase.changelog
INFO: Custom SQL executed
Oct 08, 2026 8:55:11 AM liquibase.changelog
INFO: NOT NULL constraint has been added to micro_ast_panel.logical_key
Oct 08, 2026 8:55:11 AM liquibase.changelog
INFO: Unique constraint added to micro_ast_panel(logical_key, version_number)
Oct 08, 2026 8:55:11 AM liquibase.changelog
INFO: Foreign key constraint added to micro_ast_panel (supersedes_panel_id)
Oct 08, 2026 8:55:11 AM liquibase.changelog
INFO: Columns tier(INTEGER),report_behavior(VARCHAR(30)) added to micro_ast_panel_antibiotic
Oct 08, 2026 8:55:11 AM liquibase.changelog
INFO: Custom SQL executed
Oct 08, 2026 8:55:11 AM liquibase.changelog
INFO: Custom SQL executed
Oct 08, 2026 8:55:11 AM liquibase.changelog
INFO: ChangeSet liquibase/3.5.x.x/064-microbiology-reference-administration.xml::OGC-782-m9-versioned-ast-panels::OGC ran successfully in 6ms
Running Changeset: liquibase/3.5.x.x/064-microbiology-reference-administration.xml::OGC-782-m9-breakpoint-lifecycle-import::OGC
Oct 08, 2026 8:55:11 AM liquibase.changelog
INFO: Columns lifecycle_status(VARCHAR(20)),last_updated_by(VARCHAR(20)) added to micro_breakpoint_standard
Oct 08, 2026 8:55:11 AM liquibase.changelog
INFO: Custom SQL executed
Oct 08, 2026 8:55:11 AM liquibase.changelog
INFO: Custom SQL executed
Oct 08, 2026 8:55:11 AM liquibase.changelog
INFO: Columns units(VARCHAR(40)),notes(TEXT),seeded(BOOLEAN),locally_customized(BOOLEAN),source_row_hash(VARCHAR(64)),last_updated_by(VARCHAR(20)) added to micro_breakpoint_rule
Oct 08, 2026 8:55:11 AM liquibase.changelog
INFO: Index idx_micro_breakpoint_rule_source_hash created
Oct 08, 2026 8:55:11 AM liquibase.changelog
INFO: Table micro_breakpoint_activation_event created
Oct 08, 2026 8:55:11 AM liquibase.changelog
INFO: Foreign key constraint added to micro_breakpoint_activation_event (standard_id)
Oct 08, 2026 8:55:11 AM liquibase.changelog
INFO: Custom SQL executed
Oct 08, 2026 8:55:11 AM liquibase.changelog
INFO: ChangeSet liquibase/3.5.x.x/064-microbiology-reference-administration.xml::OGC-782-m9-breakpoint-lifecycle-import::OGC ran successfully in 8ms
Running Changeset: liquibase/3.5.x.x/065-microbiology-whonet-export-run.xml::OGC-782-microbiology-whonet-export-run::OGC
Oct 08, 2026 8:55:11 AM liquibase.changelog
INFO: Table micro_whonet_export_run created
Oct 08, 2026 8:55:11 AM liquibase.changelog
INFO: Index idx_micro_whonet_export_generated_at created
Oct 08, 2026 8:55:11 AM liquibase.changelog
INFO: ChangeSet liquibase/3.5.x.x/065-microbiology-whonet-export-run.xml::OGC-782-microbiology-whonet-export-run::OGC ran successfully in 3ms
Running Changeset: liquibase/3.5.x.x/065-microbiology-whonet-export-run.xml::OGC-782-microbiology-whonet-export-run-cleanup::OGC
Oct 08, 2026 8:55:11 AM liquibase.changelog
INFO: Index idx_micro_whonet_export_generated_at dropped from table micro_whonet_export_run
Oct 08, 2026 8:55:11 AM liquibase.changelog
INFO: Column micro_whonet_export_run.lastupdated dropped
Oct 08, 2026 8:55:11 AM liquibase.changelog
INFO: ChangeSet liquibase/3.5.x.x/065-microbiology-whonet-export-run.xml::OGC-782-microbiology-whonet-export-run-cleanup::OGC ran successfully in 2ms
Running Changeset: liquibase/3.5.x.x/069-microbiology-unassigned-workflow.xml::OGC-782-allow-unassigned-microbiology-workflow::OGC
Oct 08, 2026 8:55:11 AM liquibase.changelog
INFO: Custom SQL executed
Oct 08, 2026 8:55:11 AM liquibase.changelog
INFO: ChangeSet liquibase/3.5.x.x/069-microbiology-unassigned-workflow.xml::OGC-782-allow-unassigned-microbiology-workflow::OGC ran successfully in 1ms
Running Changeset: liquibase/3.5.x.x/070-microbiology-inoculation-lineage.xml::OGC-782-microbiology-inoculation-lineage::OGC
Oct 08, 2026 8:55:11 AM liquibase.changelog
INFO: Table micro_case_inoculation created
Oct 08, 2026 8:55:11 AM liquibase.changelog
INFO: Foreign key constraint added to micro_case_inoculation (case_id)
Oct 08, 2026 8:55:11 AM liquibase.changelog
INFO: Foreign key constraint added to micro_case_inoculation (source_inoculation_id)
Oct 08, 2026 8:55:11 AM liquibase.changelog
INFO: Foreign key constraint added to micro_case_inoculation (activity_id)
Oct 08, 2026 8:55:11 AM liquibase.changelog
INFO: Foreign key constraint added to micro_case_inoculation (method_id)
Oct 08, 2026 8:55:11 AM liquibase.changelog
INFO: Index idx_micro_inoculation_case created
Oct 08, 2026 8:55:11 AM liquibase.changelog
INFO: Index idx_micro_inoculation_source created
Oct 08, 2026 8:55:11 AM liquibase.changelog
INFO: ChangeSet liquibase/3.5.x.x/070-microbiology-inoculation-lineage.xml::OGC-782-microbiology-inoculation-lineage::OGC ran successfully in 6ms
Running Changeset: liquibase/3.5.x.x/071-microbiology-isolate-workup.xml::OGC-782-microbiology-isolate-workup::OGC
Oct 08, 2026 8:55:11 AM liquibase.changelog
INFO: Columns gram_stain(TEXT),colony_morphology(TEXT),identification_method(VARCHAR(80)),identification_confidence(NUMERIC(5,2)) added to micro_isolate
Oct 08, 2026 8:55:11 AM liquibase.changelog
INFO: Columns previous_identification_method(VARCHAR(80)),previous_identification_confidence(NUMERIC(5,2)),new_identification_method(VARCHAR(80)),new_identification_confidence(NUMERIC(5,2)) added to micro_isolate_identification_event
Oct 08, 2026 8:55:11 AM liquibase.changelog
INFO: Custom SQL executed
Oct 08, 2026 8:55:11 AM liquibase.changelog
INFO: ChangeSet liquibase/3.5.x.x/071-microbiology-isolate-workup.xml::OGC-782-microbiology-isolate-workup::OGC ran successfully in 4ms
Running Changeset: liquibase/3.5.x.x/072-microbiology-ast-provenance.xml::OGC-782-microbiology-ast-provenance::OGC
Oct 08, 2026 8:55:11 AM liquibase.changelog
INFO: Columns panel_version(INTEGER),panel_provenance(VARCHAR(40)),panel_adjustment_reason(TEXT),breakpoint_version(VARCHAR(50)) added to micro_ast_run
Oct 08, 2026 8:55:11 AM liquibase.changelog
INFO: ChangeSet liquibase/3.5.x.x/072-microbiology-ast-provenance.xml::OGC-782-microbiology-ast-provenance::OGC ran successfully in 2ms
Running Changeset: liquibase/3.5.x.x/073-microbiology-ast-reading-provenance.xml::OGC-782-microbiology-ast-reading-provenance::OGC
Oct 08, 2026 8:55:11 AM liquibase.changelog
INFO: Columns source(VARCHAR(40)),matched_by(VARCHAR(40)),units(VARCHAR(40)) added to micro_ast_reading
Oct 08, 2026 8:55:11 AM liquibase.changelog
INFO: Custom SQL executed
Oct 08, 2026 8:55:11 AM liquibase.changelog
INFO: ChangeSet liquibase/3.5.x.x/073-microbiology-ast-reading-provenance.xml::OGC-782-microbiology-ast-reading-provenance::OGC ran successfully in 3ms
Running Changeset: liquibase/3.5.x.x/074-microbiology-ast-override-history.xml::OGC-782-microbiology-ast-override-history::OGC
Oct 08, 2026 8:55:11 AM liquibase.changelog
INFO: Table micro_ast_override_event created
Oct 08, 2026 8:55:11 AM liquibase.changelog
INFO: Foreign key constraint added to micro_ast_override_event (reading_id)
Oct 08, 2026 8:55:11 AM liquibase.changelog
INFO: Index idx_micro_ast_override_event_reading_time created
Oct 08, 2026 8:55:11 AM liquibase.changelog
INFO: Custom SQL executed
Oct 08, 2026 8:55:11 AM liquibase.changelog
INFO: ChangeSet liquibase/3.5.x.x/074-microbiology-ast-override-history.xml::OGC-782-microbiology-ast-override-history::OGC ran successfully in 3ms
Running Changeset: liquibase/3.5.x.x/075-microbiology-ast-technique.xml::OGC-782-microbiology-ast-technique::OGC
Oct 08, 2026 8:55:11 AM liquibase.changelog
INFO: Columns technique(VARCHAR(40)) added to micro_ast_run
Oct 08, 2026 8:55:11 AM liquibase.changelog
INFO: Data updated in micro_ast_run
Oct 08, 2026 8:55:11 AM liquibase.changelog
INFO: Data updated in micro_ast_run
Oct 08, 2026 8:55:11 AM liquibase.changelog
INFO: NOT NULL constraint has been added to micro_ast_run.technique
Oct 08, 2026 8:55:11 AM liquibase.changelog
INFO: Custom SQL executed
Oct 08, 2026 8:55:11 AM liquibase.changelog
INFO: ChangeSet liquibase/3.5.x.x/075-microbiology-ast-technique.xml::OGC-782-microbiology-ast-technique::OGC ran successfully in 3ms
Running Changeset: liquibase/3.5.x.x/076-microbiology-ast-ordered-antibiotics.xml::OGC-782-microbiology-ast-ordered-antibiotics::OGC
Oct 08, 2026 8:55:11 AM liquibase.changelog
INFO: Table micro_ast_run_antibiotic created
Oct 08, 2026 8:55:11 AM liquibase.changelog
INFO: Foreign key constraint added to micro_ast_run_antibiotic (ast_run_id)
Oct 08, 2026 8:55:11 AM liquibase.changelog
INFO: Foreign key constraint added to micro_ast_run_antibiotic (antibiotic_id)
Oct 08, 2026 8:55:11 AM liquibase.changelog
INFO: Unique constraint added to micro_ast_run_antibiotic(ast_run_id, antibiotic_id)
Oct 08, 2026 8:55:11 AM liquibase.changelog
INFO: Index idx_micro_ast_run_antibiotic_order created
Oct 08, 2026 8:55:11 AM liquibase.changelog
INFO: Custom SQL executed
Oct 08, 2026 8:55:11 AM liquibase.changelog
INFO: ChangeSet liquibase/3.5.x.x/076-microbiology-ast-ordered-antibiotics.xml::OGC-782-microbiology-ast-ordered-antibiotics::OGC ran successfully in 5ms
Running Changeset: liquibase/3.5.x.x/077-microbiology-ast-analyzer-lifecycle.xml::OGC-782-microbiology-ast-analyzer-lifecycle::OGC
Oct 08, 2026 8:55:11 AM liquibase.changelog
INFO: Unique constraint uq_micro_ast_reading_run_antibiotic dropped from micro_ast_reading
Oct 08, 2026 8:55:11 AM liquibase.changelog
INFO: Custom SQL executed
Oct 08, 2026 8:55:11 AM liquibase.changelog
INFO: Custom SQL executed
Oct 08, 2026 8:55:11 AM liquibase.changelog
INFO: Columns analyzer_instrument_id(INTEGER),analyzer_card_id(VARCHAR(100)),analyzer_software_version(VARCHAR(100)),analyzer_organism_id(VARCHAR(100)),analyzer_organism_name(VARCHAR(255)),analyzer_organism_confidence(numeric(7,3)),analyzer_expert_flags(TEXT),instrument_qc_reference(VARCHAR(100)),qc_state(VARCHAR(20)),qc_override_reason(TEXT),qc_overridden_at(TIMESTAMP),qc_overridden_by(VARCHAR(20)),analyzer_flags_acknowledged_at(TIMESTAMP),analyzer_flags_acknowledged_by(VARCHAR(20)),analyzer_flags_acknowledgement_reason(TEXT),analyzer_loaded_at(TIMESTAMP),analyzer_completed_at(TIMESTAMP),analyzer_message_codes(TEXT),source_event_id(VARCHAR(100)) added to micro_ast_run
Oct 08, 2026 8:55:11 AM liquibase.changelog
INFO: Columns instrument_interpretation(VARCHAR(40)),analyzer_result_reference(VARCHAR(100)) added to micro_ast_reading
Oct 08, 2026 8:55:11 AM liquibase.changelog
INFO: Foreign key constraint added to micro_ast_run (analyzer_instrument_id)
Oct 08, 2026 8:55:11 AM liquibase.changelog
INFO: Index idx_micro_ast_run_analyzer_card created
Oct 08, 2026 8:55:11 AM liquibase.changelog
INFO: Index idx_micro_ast_reading_revision created
Oct 08, 2026 8:55:11 AM liquibase.changelog
INFO: Custom SQL executed
Oct 08, 2026 8:55:11 AM liquibase.changelog
INFO: Custom SQL executed
Oct 08, 2026 8:55:11 AM liquibase.changelog
INFO: ChangeSet liquibase/3.5.x.x/077-microbiology-ast-analyzer-lifecycle.xml::OGC-782-microbiology-ast-analyzer-lifecycle::OGC ran successfully in 12ms
Running Changeset: liquibase/3.5.x.x/078-analyzer-event-reconciliation.xml::OGC-782-analyzer-event-reconciliation::OGC
Oct 08, 2026 8:55:11 AM liquibase.changelog
INFO: Table analyzer_event created
Oct 08, 2026 8:55:11 AM liquibase.changelog
INFO: Index idx_analyzer_event_failed created
Oct 08, 2026 8:55:11 AM liquibase.changelog
INFO: Custom SQL executed
Oct 08, 2026 8:55:11 AM liquibase.changelog
INFO: ChangeSet liquibase/3.5.x.x/078-analyzer-event-reconciliation.xml::OGC-782-analyzer-event-reconciliation::OGC ran successfully in 3ms
Running Changeset: liquibase/3.5.x.x/079-microbiology-positive-culture-stage.xml::079-microbiology-positive-culture-stage::OGC-782
Oct 08, 2026 8:55:11 AM liquibase.changelog
INFO: Custom SQL executed
Oct 08, 2026 8:55:11 AM liquibase.changelog
INFO: ChangeSet liquibase/3.5.x.x/079-microbiology-positive-culture-stage.xml::079-microbiology-positive-culture-stage::OGC-782 ran successfully in 1ms
Running Changeset: liquibase/3.5.x.x/080-microbiology-culture-timing.xml::OGC-782-microbiology-culture-timing::OGC
Oct 08, 2026 8:55:11 AM liquibase.changelog
INFO: Columns incubation_hours(INTEGER),subculture_at_hours(INTEGER),max_incubation_days(INTEGER) added to micro_culture_setup
Oct 08, 2026 8:55:11 AM liquibase.changelog
INFO: Custom SQL executed
Oct 08, 2026 8:55:11 AM liquibase.changelog
INFO: Custom SQL executed
Oct 08, 2026 8:55:11 AM liquibase.changelog
INFO: Custom SQL executed
Oct 08, 2026 8:55:11 AM liquibase.changelog
INFO: ChangeSet liquibase/3.5.x.x/080-microbiology-culture-timing.xml::OGC-782-microbiology-culture-timing::OGC ran successfully in 3ms
Running Changeset: liquibase/3.5.x.x/081-microbiology-order-detail-booleans.xml::OGC-782-microbiology-order-detail-booleans::OGC
Oct 08, 2026 8:55:11 AM liquibase.changelog
INFO: Custom SQL executed
Oct 08, 2026 8:55:11 AM liquibase.changelog
INFO: Custom SQL executed
Oct 08, 2026 8:55:11 AM liquibase.changelog
INFO: ChangeSet liquibase/3.5.x.x/081-microbiology-order-detail-booleans.xml::OGC-782-microbiology-order-detail-booleans::OGC ran successfully in 3ms
Running Changeset: liquibase/3.5.x.x/082-microbiology-order-detail-draft.xml::OGC-782-microbiology-order-detail-draft::OpenELIS
Oct 08, 2026 8:55:11 AM liquibase.changelog
INFO: Columns sample_id(numeric(10)),culture_method_id(varchar(20)) added to micro_case_order_detail
Oct 08, 2026 8:55:11 AM liquibase.changelog
INFO: Null constraint dropped from micro_case_order_detail.case_id
Oct 08, 2026 8:55:11 AM liquibase.changelog
INFO: Unique constraint added to micro_case_order_detail(sample_id)
Oct 08, 2026 8:55:11 AM liquibase.changelog
INFO: Foreign key constraint added to micro_case_order_detail (sample_id)
Oct 08, 2026 8:55:11 AM liquibase.changelog
INFO: Custom SQL executed
Oct 08, 2026 8:55:11 AM liquibase.changelog
INFO: ChangeSet liquibase/3.5.x.x/082-microbiology-order-detail-draft.xml::OGC-782-microbiology-order-detail-draft::OpenELIS ran successfully in 4ms
Running Changeset: liquibase/3.5.x.x/083-program-code-length.xml::OGC-782-program-code-length::OpenELIS
Oct 08, 2026 8:55:11 AM liquibase.changelog
INFO: program.code datatype was changed to varchar(20)
Oct 08, 2026 8:55:11 AM liquibase.changelog
INFO: ChangeSet liquibase/3.5.x.x/083-program-code-length.xml::OGC-782-program-code-length::OpenELIS ran successfully in 0ms
Running Changeset: liquibase/3.5.x.x/084-microbiology-activity-actor-reference.xml::OGC-782-microbiology-activity-actor-reference::OpenELIS
Oct 08, 2026 8:55:11 AM liquibase.changelog
INFO: micro_case_activity.performed_by datatype was changed to numeric(10)
Oct 08, 2026 8:55:11 AM liquibase.changelog
INFO: Foreign key constraint added to micro_case_activity (performed_by)
Oct 08, 2026 8:55:11 AM liquibase.changelog
INFO: ChangeSet liquibase/3.5.x.x/084-microbiology-activity-actor-reference.xml::OGC-782-microbiology-activity-actor-reference::OpenELIS ran successfully in 2ms
Running Changeset: liquibase/3.5.x.x/085-microbiology-patient-origin-reference.xml::OGC-782-microbiology-patient-origin-reference::OpenELIS
Oct 08, 2026 8:55:11 AM liquibase.changelog
INFO: Table micro_patient_origin created
Oct 08, 2026 8:55:11 AM liquibase.changelog
INFO: Table micro_patient_origin_default created
Oct 08, 2026 8:55:11 AM liquibase.changelog
INFO: Foreign key constraint added to micro_patient_origin_default (organization_id)
Oct 08, 2026 8:55:11 AM liquibase.changelog
INFO: Foreign key constraint added to micro_patient_origin_default (patient_origin_id)
Oct 08, 2026 8:55:11 AM liquibase.changelog
INFO: New row inserted into micro_patient_origin
Oct 08, 2026 8:55:11 AM liquibase.changelog
INFO: New row inserted into micro_patient_origin
Oct 08, 2026 8:55:11 AM liquibase.changelog
INFO: New row inserted into micro_patient_origin
Oct 08, 2026 8:55:11 AM liquibase.changelog
INFO: New row inserted into micro_patient_origin
Oct 08, 2026 8:55:11 AM liquibase.changelog
INFO: New row inserted into micro_patient_origin
Oct 08, 2026 8:55:11 AM liquibase.changelog
INFO: New row inserted into micro_patient_origin
Oct 08, 2026 8:55:11 AM liquibase.changelog
INFO: ChangeSet liquibase/3.5.x.x/085-microbiology-patient-origin-reference.xml::OGC-782-microbiology-patient-origin-reference::OpenELIS ran successfully in 7ms
Running Changeset: liquibase/3.5.x.x/086-microbiology-admission-date.xml::OGC-782-microbiology-admission-date::OpenELIS
Oct 08, 2026 8:55:11 AM liquibase.changelog
INFO: Columns admission_date(date) added to micro_case_order_detail
Oct 08, 2026 8:55:11 AM liquibase.changelog
INFO: ChangeSet liquibase/3.5.x.x/086-microbiology-admission-date.xml::OGC-782-microbiology-admission-date::OpenELIS ran successfully in 1ms
Running Changeset: liquibase/3.5.x.x/087-microbiology-whonet-export-selection.xml::OGC-782-microbiology-whonet-export-selection::OGC
Oct 08, 2026 8:55:11 AM liquibase.changelog
INFO: Columns population_selection(jsonb) added to micro_whonet_export_run
Oct 08, 2026 8:55:11 AM liquibase.changelog
INFO: ChangeSet liquibase/3.5.x.x/087-microbiology-whonet-export-selection.xml::OGC-782-microbiology-whonet-export-selection::OGC ran successfully in 2ms
Running Changeset: liquibase/3.5.x.x/088-microbiology-culture-purpose.xml::OGC-782-microbiology-culture-purpose::OGC
Oct 08, 2026 8:55:11 AM liquibase.changelog
INFO: Columns culture_purpose(varchar(32)) added to micro_case_order_detail
Oct 08, 2026 8:55:11 AM liquibase.changelog
INFO: ChangeSet liquibase/3.5.x.x/088-microbiology-culture-purpose.xml::OGC-782-microbiology-culture-purpose::OGC ran successfully in 1ms
Running Changeset: liquibase/3.5.x.x/093-order-entry-domain-actions.xml::OGC-782-order-entry-domain-actions::OGC
Oct 08, 2026 8:55:11 AM liquibase.changelog
INFO: Data updated in menu
Oct 08, 2026 8:55:11 AM liquibase.changelog
INFO: Data updated in menu
Oct 08, 2026 8:55:11 AM liquibase.changelog
INFO: Data updated in menu
Oct 08, 2026 8:55:11 AM liquibase.changelog
INFO: Data updated in menu
Oct 08, 2026 8:55:11 AM liquibase.changelog
INFO: Data updated in menu
Oct 08, 2026 8:55:11 AM liquibase.changelog
INFO: Data updated in menu
Oct 08, 2026 8:55:11 AM liquibase.changelog
INFO: Data updated in menu
Oct 08, 2026 8:55:11 AM liquibase.changelog
INFO: Data updated in menu
Oct 08, 2026 8:55:11 AM liquibase.changelog
INFO: ChangeSet liquibase/3.5.x.x/093-order-entry-domain-actions.xml::OGC-782-order-entry-domain-actions::OGC ran successfully in 4ms
Running Changeset: liquibase/3.5.x.x/094-order-entry-domain-actions-guard.xml::OGC-782-order-entry-domain-actions-guard::OGC
Oct 08, 2026 8:55:11 AM liquibase.changelog
INFO: Custom SQL executed
Oct 08, 2026 8:55:11 AM liquibase.changelog
INFO: ChangeSet liquibase/3.5.x.x/094-order-entry-domain-actions-guard.xml::OGC-782-order-entry-domain-actions-guard::OGC ran successfully in 2ms
Running Changeset: liquibase/3.5.x.x/095-microbiology-order-draft-discard-audit.xml::OGC-782-microbiology-order-draft-discard-audit::OpenELIS
Oct 08, 2026 8:55:11 AM liquibase.changelog
INFO: Columns discarded_at(timestamp),discarded_by(varchar(20)) added to micro_case_order_detail
Oct 08, 2026 8:55:11 AM liquibase.changelog
INFO: ChangeSet liquibase/3.5.x.x/095-microbiology-order-draft-discard-audit.xml::OGC-782-microbiology-order-draft-discard-audit::OpenELIS ran successfully in 2ms
Running Changeset: liquibase/3.5.x.x/089-cold-storage-monitoring-hardening.xml::3.5.0-089-add-freezer-offline-alert-type::mherman22
Oct 08, 2026 8:55:11 AM liquibase.changelog
INFO: Custom SQL executed
Oct 08, 2026 8:55:11 AM liquibase.changelog
INFO: ChangeSet liquibase/3.5.x.x/089-cold-storage-monitoring-hardening.xml::3.5.0-089-add-freezer-offline-alert-type::mherman22 ran successfully in 2ms
Running Changeset: liquibase/3.5.x.x/089-cold-storage-monitoring-hardening.xml::3.5.0-089-add-freezer-deleted-column::mherman22
Oct 08, 2026 8:55:11 AM liquibase.changelog
INFO: Columns deleted(BOOLEAN) added to freezer
Oct 08, 2026 8:55:11 AM liquibase.changelog
INFO: ChangeSet liquibase/3.5.x.x/089-cold-storage-monitoring-hardening.xml::3.5.0-089-add-freezer-deleted-column::mherman22 ran successfully in 1ms
Running Changeset: liquibase/3.5.x.x/089-cold-storage-monitoring-hardening.xml::3.5.0-089-freezer-register-and-rs485-config::mherman22
Oct 08, 2026 8:55:11 AM liquibase.changelog
INFO: Columns register_count(INTEGER),word_order(VARCHAR(16)),rs485_mode(BOOLEAN),rs485_rts_active_high(BOOLEAN),rs485_termination(BOOLEAN),rs485_rx_during_tx(BOOLEAN),rs485_delay_before_ms(INTEGER),rs485_delay_after_ms(INTEGER) added to freezer
Oct 08, 2026 8:55:11 AM liquibase.changelog
INFO: Custom SQL executed
Oct 08, 2026 8:55:11 AM liquibase.changelog
INFO: ChangeSet liquibase/3.5.x.x/089-cold-storage-monitoring-hardening.xml::3.5.0-089-freezer-register-and-rs485-config::mherman22 ran successfully in 5ms
Running Changeset: liquibase/3.5.x.x/089-cold-storage-monitoring-hardening.xml::3.5.0-089-freezer-reading-unique-constraint::mherman22
Oct 08, 2026 8:55:11 AM liquibase.changelog
INFO: Custom SQL executed
Oct 08, 2026 8:55:11 AM liquibase.changelog
INFO: Unique constraint added to freezer_reading(freezer_id, recorded_at)
Oct 08, 2026 8:55:11 AM liquibase.changelog
INFO: ChangeSet liquibase/3.5.x.x/089-cold-storage-monitoring-hardening.xml::3.5.0-089-freezer-reading-unique-constraint::mherman22 ran successfully in 3ms
Running Changeset: liquibase/3.5.x.x/089-cold-storage-monitoring-hardening.xml::3.5.0-089-freezer-decimal-precision::mherman22
Oct 08, 2026 8:55:11 AM liquibase.changelog
INFO: freezer.temperature_scale datatype was changed to DECIMAL(10,4)
Oct 08, 2026 8:55:11 AM liquibase.changelog
INFO: freezer.temperature_offset datatype was changed to DECIMAL(6,2)
Oct 08, 2026 8:55:11 AM liquibase.changelog
INFO: freezer.humidity_scale datatype was changed to DECIMAL(10,4)
Oct 08, 2026 8:55:11 AM liquibase.changelog
INFO: freezer.humidity_offset datatype was changed to DECIMAL(6,2)
Oct 08, 2026 8:55:11 AM liquibase.changelog
INFO: freezer.target_temperature datatype was changed to DECIMAL(6,2)
Oct 08, 2026 8:55:11 AM liquibase.changelog
INFO: freezer.warning_threshold datatype was changed to DECIMAL(6,2)
Oct 08, 2026 8:55:11 AM liquibase.changelog
INFO: freezer.critical_threshold datatype was changed to DECIMAL(6,2)
Oct 08, 2026 8:55:11 AM liquibase.changelog
INFO: threshold_profile.warning_min datatype was changed to DECIMAL(6,2)
Oct 08, 2026 8:55:11 AM liquibase.changelog
INFO: threshold_profile.warning_max datatype was changed to DECIMAL(6,2)
Oct 08, 2026 8:55:11 AM liquibase.changelog
INFO: threshold_profile.critical_min datatype was changed to DECIMAL(6,2)
Oct 08, 2026 8:55:11 AM liquibase.changelog
INFO: threshold_profile.critical_max datatype was changed to DECIMAL(6,2)
Oct 08, 2026 8:55:11 AM liquibase.changelog
INFO: threshold_profile.humidity_warning_min datatype was changed to DECIMAL(6,2)
Oct 08, 2026 8:55:11 AM liquibase.changelog
INFO: threshold_profile.humidity_warning_max datatype was changed to DECIMAL(6,2)
Oct 08, 2026 8:55:11 AM liquibase.changelog
INFO: threshold_profile.humidity_critical_min datatype was changed to DECIMAL(6,2)
Oct 08, 2026 8:55:11 AM liquibase.changelog
INFO: threshold_profile.humidity_critical_max datatype was changed to DECIMAL(6,2)
Oct 08, 2026 8:55:11 AM liquibase.changelog
INFO: ChangeSet liquibase/3.5.x.x/089-cold-storage-monitoring-hardening.xml::3.5.0-089-freezer-decimal-precision::mherman22 ran successfully in 22ms
Running Changeset: liquibase/3.5.x.x/089-cold-storage-monitoring-hardening.xml::3.5.0-089-freezer-name-unique-partial-index::mherman22
Oct 08, 2026 8:55:11 AM liquibase.changelog
INFO: Custom SQL executed
Oct 08, 2026 8:55:11 AM liquibase.changelog
INFO: Custom SQL executed
Oct 08, 2026 8:55:11 AM liquibase.changelog
INFO: Custom SQL executed
Oct 08, 2026 8:55:11 AM liquibase.changelog
INFO: ChangeSet liquibase/3.5.x.x/089-cold-storage-monitoring-hardening.xml::3.5.0-089-freezer-name-unique-partial-index::mherman22 ran successfully in 4ms
Running Changeset: liquibase/3.5.x.x/089-cold-storage-monitoring-hardening.xml::3.5.0-089-freezer-second-temperature-probe::mherman22
Oct 08, 2026 8:55:11 AM liquibase.changelog
INFO: Columns temperature_register_2(INTEGER),temperature_scale_2(DECIMAL(10,4)),temperature_offset_2(DECIMAL(6,2)) added to freezer
Oct 08, 2026 8:55:11 AM liquibase.changelog
INFO: Columns temperature_celsius_2(DECIMAL) added to freezer_reading
Oct 08, 2026 8:55:11 AM liquibase.changelog
INFO: ChangeSet liquibase/3.5.x.x/089-cold-storage-monitoring-hardening.xml::3.5.0-089-freezer-second-temperature-probe::mherman22 ran successfully in 3ms
Running Changeset: liquibase/3.5.x.x/089-cold-storage-monitoring-hardening.xml::3.5.0-089-freezer-monitoring-config-site-information::mherman22
Oct 08, 2026 8:55:11 AM liquibase.changelog
INFO: New row inserted into site_information
Oct 08, 2026 8:55:11 AM liquibase.changelog
INFO: New row inserted into site_information
Oct 08, 2026 8:55:11 AM liquibase.changelog
INFO: ChangeSet liquibase/3.5.x.x/089-cold-storage-monitoring-hardening.xml::3.5.0-089-freezer-monitoring-config-site-information::mherman22 ran successfully in 1ms
Running Changeset: liquibase/3.5.x.x/090-alert-acknowledgment-notes.xml::3.5.0-090-alert-acknowledgment-notes::mherman22
Oct 08, 2026 8:55:11 AM liquibase.changelog
INFO: Columns acknowledgment_notes(TEXT) added to alert
Oct 08, 2026 8:55:11 AM liquibase.changelog
INFO: ChangeSet liquibase/3.5.x.x/090-alert-acknowledgment-notes.xml::3.5.0-090-alert-acknowledgment-notes::mherman22 ran successfully in 2ms
Running Changeset: liquibase/3.5.x.x/091-freezer-monitoring-enabled-value-type.xml::3.5.0-091-freezer-monitoring-enabled-value-type::mherman22
Oct 08, 2026 8:55:11 AM liquibase.changelog
INFO: Marking ChangeSet: liquibase/3.5.x.x/091-freezer-monitoring-enabled-value-type.xml::3.5.0-091-freezer-monitoring-enabled-value-type::mherman22 ran despite precondition failure due to onFail='MARK_RAN': 
          liquibase/base-changelog.xml : SQL Precondition failed.  Expected '1' got '0'

Running Changeset: liquibase/3.5.x.x/092-freezer-humidity-alert-type.xml::3.5.0-092-add-freezer-humidity-alert-type::mherman22
Oct 08, 2026 8:55:11 AM liquibase.changelog
INFO: Custom SQL executed
Oct 08, 2026 8:55:11 AM liquibase.changelog
INFO: ChangeSet liquibase/3.5.x.x/092-freezer-humidity-alert-type.xml::3.5.0-092-add-freezer-humidity-alert-type::mherman22 ran successfully in 2ms
Running Changeset: liquibase/3.5.x.x/099-order-consent-required.xml::099-order-consent-required-1::oe
Oct 08, 2026 8:55:11 AM liquibase.changelog
INFO: New row inserted into site_information
Oct 08, 2026 8:55:11 AM liquibase.changelog
INFO: ChangeSet liquibase/3.5.x.x/099-order-consent-required.xml::099-order-consent-required-1::oe ran successfully in 1ms
Running Changeset: liquibase/3.5.x.x/100-order-override-record.xml::100-order-override-record-1::oe
Oct 08, 2026 8:55:11 AM liquibase.changelog
INFO: Sequence sample_order_override_seq created
Oct 08, 2026 8:55:11 AM liquibase.changelog
INFO: Table sample_order_override created
Oct 08, 2026 8:55:11 AM liquibase.changelog
INFO: Foreign key constraint added to sample_order_override (sample_id)
Oct 08, 2026 8:55:11 AM liquibase.changelog
INFO: Unique constraint added to sample_order_override(sample_id, override_type)
Oct 08, 2026 8:55:11 AM liquibase.changelog
INFO: Index idx_sample_order_override_sample created
Oct 08, 2026 8:55:11 AM liquibase.changelog
INFO: ChangeSet liquibase/3.5.x.x/100-order-override-record.xml::100-order-override-record-1::oe ran successfully in 21ms
Running Changeset: liquibase/3.5.x.x/101-referral-sent-status-backfill.xml::OGC-1188-referral-sent-status-backfill::OGC
Oct 08, 2026 8:55:11 AM liquibase.changelog
INFO: Data updated in referral
Oct 08, 2026 8:55:11 AM liquibase.changelog
INFO: ChangeSet liquibase/3.5.x.x/101-referral-sent-status-backfill.xml::OGC-1188-referral-sent-status-backfill::OGC ran successfully in 1ms
Running Changeset: liquibase/3.5.x.x/101-referral-sent-status-backfill.xml::OGC-1188-referral-subcontract-backfill::OGC
Oct 08, 2026 8:55:11 AM liquibase.changelog
INFO: Custom SQL executed
Oct 08, 2026 8:55:11 AM liquibase.changelog
INFO: ChangeSet liquibase/3.5.x.x/101-referral-sent-status-backfill.xml::OGC-1188-referral-subcontract-backfill::OGC ran successfully in 2ms
Running Changeset: liquibase/3.5.x.x/102-referral-sent-date-backfill.xml::referral-sent-date-from-subcontract-handoff::OGC
Oct 08, 2026 8:55:11 AM liquibase.changelog
INFO: Custom SQL executed
Oct 08, 2026 8:55:11 AM liquibase.changelog
INFO: ChangeSet liquibase/3.5.x.x/102-referral-sent-date-backfill.xml::referral-sent-date-from-subcontract-handoff::OGC ran successfully in 6ms
Running Changeset: liquibase/3.5.x.x/102-test-qc-targets.xml::102-test-qc-targets-1::oe
Oct 08, 2026 8:55:11 AM liquibase.changelog
INFO: Table test_qc_target created
Oct 08, 2026 8:55:11 AM liquibase.changelog
INFO: Custom SQL executed
Oct 08, 2026 8:55:11 AM liquibase.changelog
INFO: Custom SQL executed
Oct 08, 2026 8:55:11 AM liquibase.changelog
INFO: Foreign key constraint added to test_qc_target (test_id)
Oct 08, 2026 8:55:11 AM liquibase.changelog
INFO: Foreign key constraint added to test_qc_target (component_id)
Oct 08, 2026 8:55:11 AM liquibase.changelog
INFO: Index idx_test_qc_target_lot created
Oct 08, 2026 8:55:11 AM liquibase.changelog
INFO: Foreign key constraint added to test_qc_target (expected_dict_result_id)
Oct 08, 2026 8:55:11 AM liquibase.changelog
INFO: Index idx_test_qc_target_test created
Oct 08, 2026 8:55:11 AM liquibase.changelog
INFO: ChangeSet liquibase/3.5.x.x/102-test-qc-targets.xml::102-test-qc-targets-1::oe ran successfully in 24ms
Running Changeset: liquibase/3.5.x.x/102-test-qc-targets.xml::102-test-qc-targets-2::oe
Oct 08, 2026 8:55:11 AM liquibase.changelog
INFO: Columns lod(NUMERIC(15,5)),loq(NUMERIC(15,5)) added to test_result_component
Oct 08, 2026 8:55:11 AM liquibase.changelog
INFO: Custom SQL executed
Oct 08, 2026 8:55:11 AM liquibase.changelog
INFO: ChangeSet liquibase/3.5.x.x/102-test-qc-targets.xml::102-test-qc-targets-2::oe ran successfully in 4ms
Running Changeset: liquibase/3.5.x.x/103-catalog-import-decisions.xml::103-catalog-import-decisions-1::oe
Oct 08, 2026 8:55:11 AM liquibase.changelog
INFO: Table configuration_import_run created
Oct 08, 2026 8:55:11 AM liquibase.changelog
INFO: ChangeSet liquibase/3.5.x.x/103-catalog-import-decisions.xml::103-catalog-import-decisions-1::oe ran successfully in 19ms
Running Changeset: liquibase/3.5.x.x/103-catalog-import-decisions.xml::103-catalog-import-decisions-2::oe
Oct 08, 2026 8:55:11 AM liquibase.changelog
INFO: Table unresolved_reference created
Oct 08, 2026 8:55:11 AM liquibase.changelog
INFO: Index idx_unresolved_reference_status created
Oct 08, 2026 8:55:11 AM liquibase.changelog
INFO: ChangeSet liquibase/3.5.x.x/103-catalog-import-decisions.xml::103-catalog-import-decisions-2::oe ran successfully in 17ms
Running Changeset: liquibase/3.5.x.x/103-catalog-import-decisions.xml::103-catalog-import-decisions-3::oe
Oct 08, 2026 8:55:11 AM liquibase.changelog
INFO: Table reference_alias created
Oct 08, 2026 8:55:11 AM liquibase.changelog
INFO: Unique constraint added to reference_alias(reference_type, alias)
Oct 08, 2026 8:55:11 AM liquibase.changelog
INFO: ChangeSet liquibase/3.5.x.x/103-catalog-import-decisions.xml::103-catalog-import-decisions-3::oe ran successfully in 19ms
Running Changeset: liquibase/3.5.x.x/104-analyzer-delivery-receipt.xml::104-analyzer-delivery-receipt::pmanko
Oct 08, 2026 8:55:11 AM liquibase.changelog
INFO: Table analyzer_delivery_receipt created
Oct 08, 2026 8:55:11 AM liquibase.changelog
INFO: Unique constraint added to analyzer_delivery_receipt(connection_id,message_id)
Oct 08, 2026 8:55:11 AM liquibase.changelog
INFO: Foreign key constraint added to analyzer_delivery_receipt (analyzer_id)
Oct 08, 2026 8:55:11 AM liquibase.changelog
INFO: ChangeSet liquibase/3.5.x.x/104-analyzer-delivery-receipt.xml::104-analyzer-delivery-receipt::pmanko ran successfully in 3ms
Running Changeset: liquibase/3.5.x.x/083-nce-trigger-source.xml::nce-trigger-001-add-nc-event-trigger-source::samuelmale
Oct 08, 2026 8:55:11 AM liquibase.changelog
INFO: Columns trigger_source_type(VARCHAR(50)),trigger_source_id(VARCHAR(36)),auto_generated(BOOLEAN),westgard_rule(VARCHAR(20)),affected_samples_cap_reason(VARCHAR(20)) added to nc_event
Oct 08, 2026 8:55:11 AM liquibase.changelog
INFO: ChangeSet liquibase/3.5.x.x/083-nce-trigger-source.xml::nce-trigger-001-add-nc-event-trigger-source::samuelmale ran successfully in 4ms
Running Changeset: liquibase/3.5.x.x/083-nce-trigger-source.xml::nce-trigger-002-unique-trigger-source::samuelmale
Oct 08, 2026 8:55:11 AM liquibase.changelog
INFO: Unique constraint added to nc_event(trigger_source_type, trigger_source_id)
Oct 08, 2026 8:55:11 AM liquibase.changelog
INFO: ChangeSet liquibase/3.5.x.x/083-nce-trigger-source.xml::nce-trigger-002-unique-trigger-source::samuelmale ran successfully in 73ms
Running Changeset: liquibase/3.5.x.x/084-nce-action-log-due-date.xml::capa-register-001-add-nce-action-log-due-date::samuelmale
Oct 08, 2026 8:55:11 AM liquibase.changelog
INFO: Columns due_date(DATE) added to nce_action_log
Oct 08, 2026 8:55:11 AM liquibase.changelog
INFO: ChangeSet liquibase/3.5.x.x/084-nce-action-log-due-date.xml::capa-register-001-add-nce-action-log-due-date::samuelmale ran successfully in 2ms
Running Changeset: liquibase/3.5.x.x/085-add-test-tea-column.xml::qc-sigma-001-add-test-tea::samuelmale
Oct 08, 2026 8:55:11 AM liquibase.changelog
INFO: Columns tea(NUMERIC(10,4)) added to test
Oct 08, 2026 8:55:11 AM liquibase.changelog
INFO: ChangeSet liquibase/3.5.x.x/085-add-test-tea-column.xml::qc-sigma-001-add-test-tea::samuelmale ran successfully in 3ms
Running Changeset: liquibase/3.5.x.x/076-nce-trigger-source.xml::nce-trigger-001-add-nc-event-trigger-source::samuelmale
Oct 08, 2026 8:55:11 AM liquibase.changelog
INFO: Marking ChangeSet: liquibase/3.5.x.x/076-nce-trigger-source.xml::nce-trigger-001-add-nc-event-trigger-source::samuelmale ran despite precondition failure due to onFail='MARK_RAN': 
          liquibase/base-changelog.xml : Not precondition failed

Running Changeset: liquibase/3.5.x.x/076-nce-trigger-source.xml::nce-trigger-002-unique-trigger-source::samuelmale
Oct 08, 2026 8:55:11 AM liquibase.changelog
INFO: Marking ChangeSet: liquibase/3.5.x.x/076-nce-trigger-source.xml::nce-trigger-002-unique-trigger-source::samuelmale ran despite precondition failure due to onFail='MARK_RAN': 
          liquibase/base-changelog.xml : Not precondition failed

Running Changeset: liquibase/3.5.x.x/104-batch-workplan-foundation.xml::OGC-427-batch-workplan-foundation::OGC
Oct 08, 2026 8:55:11 AM liquibase.changelog
INFO: Sequence batch_workplan_seq created
Oct 08, 2026 8:55:11 AM liquibase.changelog
INFO: Sequence batch_workplan_item_seq created
Oct 08, 2026 8:55:11 AM liquibase.changelog
INFO: Table batch_workplan created
Oct 08, 2026 8:55:11 AM liquibase.changelog
INFO: Table batch_workplan_item created
Oct 08, 2026 8:55:11 AM liquibase.changelog
INFO: Custom SQL executed
Oct 08, 2026 8:55:11 AM liquibase.changelog
INFO: Foreign key constraint added to batch_workplan (test_section_id)
Oct 08, 2026 8:55:11 AM liquibase.changelog
INFO: Foreign key constraint added to batch_workplan (created_by_user_id)
Oct 08, 2026 8:55:11 AM liquibase.changelog
INFO: Foreign key constraint added to batch_workplan (updated_by_user_id)
Oct 08, 2026 8:55:11 AM liquibase.changelog
INFO: Foreign key constraint added to batch_workplan_item (batch_workplan_id)
Oct 08, 2026 8:55:11 AM liquibase.changelog
INFO: Foreign key constraint added to batch_workplan_item (analysis_id)
Oct 08, 2026 8:55:11 AM liquibase.changelog
INFO: Unique constraint added to batch_workplan_item(batch_workplan_id, analysis_id)
Oct 08, 2026 8:55:11 AM liquibase.changelog
INFO: Index idx_batch_workplan_status_created created
Oct 08, 2026 8:55:11 AM liquibase.changelog
INFO: Index idx_batch_workplan_item_analysis created
Oct 08, 2026 8:55:11 AM liquibase.changelog
INFO: ChangeSet liquibase/3.5.x.x/104-batch-workplan-foundation.xml::OGC-427-batch-workplan-foundation::OGC ran successfully in 27ms
Running Changeset: liquibase/3.5.x.x/104-batch-workplan-foundation.xml::OGC-427-batch-workplan-menu::OGC
Oct 08, 2026 8:55:11 AM liquibase.changelog
INFO: New row inserted into menu
Oct 08, 2026 8:55:11 AM liquibase.changelog
INFO: ChangeSet liquibase/3.5.x.x/104-batch-workplan-foundation.xml::OGC-427-batch-workplan-menu::OGC ran successfully in 2ms
Running Changeset: liquibase/3.5.x.x/104-batch-workplan-foundation.xml::OGC-427-batch-workplan-module-url::OGC
Oct 08, 2026 8:55:11 AM liquibase.changelog
INFO: New row inserted into system_module_url
Oct 08, 2026 8:55:11 AM liquibase.changelog
INFO: ChangeSet liquibase/3.5.x.x/104-batch-workplan-foundation.xml::OGC-427-batch-workplan-module-url::OGC ran successfully in 1ms
Running Changeset: liquibase/3.5.x.x/105-program-domain.xml::programs-v2-domain-column::herbert
Oct 08, 2026 8:55:11 AM liquibase.changelog
INFO: Columns domain(VARCHAR(20)) added to program
Oct 08, 2026 8:55:11 AM liquibase.changelog
INFO: Custom SQL executed
Oct 08, 2026 8:55:11 AM liquibase.changelog
INFO: ChangeSet liquibase/3.5.x.x/105-program-domain.xml::programs-v2-domain-column::herbert ran successfully in 3ms
Running Changeset: liquibase/3.5.x.x/106-program-active.xml::programs-v2-active-column::herbert
Oct 08, 2026 8:55:11 AM liquibase.changelog
INFO: Columns is_active(VARCHAR(1)) added to program
Oct 08, 2026 8:55:11 AM liquibase.changelog
INFO: Custom SQL executed
Oct 08, 2026 8:55:11 AM liquibase.changelog
INFO: ChangeSet liquibase/3.5.x.x/106-program-active.xml::programs-v2-active-column::herbert ran successfully in 2ms
Running Changeset: liquibase/3.5.x.x/107-program-lab-unit-junction.xml::programs-v2-lab-unit-junction-create::herbert
Oct 08, 2026 8:55:11 AM liquibase.changelog
INFO: Table program_lab_unit created
Oct 08, 2026 8:55:11 AM liquibase.changelog
INFO: Primary key added to program_lab_unit (program_id, test_section_id)
Oct 08, 2026 8:55:11 AM liquibase.changelog
INFO: Foreign key constraint added to program_lab_unit (program_id)
Oct 08, 2026 8:55:11 AM liquibase.changelog
INFO: Foreign key constraint added to program_lab_unit (test_section_id)
Oct 08, 2026 8:55:11 AM liquibase.changelog
INFO: ChangeSet liquibase/3.5.x.x/107-program-lab-unit-junction.xml::programs-v2-lab-unit-junction-create::herbert ran successfully in 21ms
Running Changeset: liquibase/3.5.x.x/107-program-lab-unit-junction.xml::programs-v2-lab-unit-junction-backfill::herbert
Oct 08, 2026 8:55:11 AM liquibase.changelog
INFO: Custom SQL executed
Oct 08, 2026 8:55:11 AM liquibase.changelog
INFO: ChangeSet liquibase/3.5.x.x/107-program-lab-unit-junction.xml::programs-v2-lab-unit-junction-backfill::herbert ran successfully in 2ms
Running Changeset: liquibase/3.5.x.x/108-program-domain-shipped-classification.xml::programs-v2-classify-vector-field-survey::mozzy11
Oct 08, 2026 8:55:11 AM liquibase.changelog
INFO: Marking ChangeSet: liquibase/3.5.x.x/108-program-domain-shipped-classification.xml::programs-v2-classify-vector-field-survey::mozzy11 ran despite precondition failure due to onFail='MARK_RAN': 
          liquibase/base-changelog.xml : SQL Precondition failed.  Expected '1' got '0'

Running Changeset: liquibase/3.5.x.x/109-history-reference-key.xml::history-reference-key-add-column::mozzy11
Oct 08, 2026 8:55:11 AM liquibase.changelog
INFO: Columns reference_key(varchar(64)) added to history
Oct 08, 2026 8:55:11 AM liquibase.changelog
INFO: Null constraint dropped from history.reference_id
Oct 08, 2026 8:55:11 AM liquibase.changelog
INFO: Index history_reference_key_idx created
Oct 08, 2026 8:55:11 AM liquibase.changelog
INFO: ChangeSet liquibase/3.5.x.x/109-history-reference-key.xml::history-reference-key-add-column::mozzy11 ran successfully in 3ms
Running Changeset: liquibase/3.5.x.x/110-optional-patient-sex-age-config.xml::OGC-1362-patient-sex-required::mozzy11
Oct 08, 2026 8:55:11 AM liquibase.changelog
INFO: New row inserted into site_information
Oct 08, 2026 8:55:11 AM liquibase.changelog
INFO: ChangeSet liquibase/3.5.x.x/110-optional-patient-sex-age-config.xml::OGC-1362-patient-sex-required::mozzy11 ran successfully in 1ms
Running Changeset: liquibase/3.5.x.x/110-optional-patient-sex-age-config.xml::OGC-1362-patient-age-required::mozzy11
Oct 08, 2026 8:55:11 AM liquibase.changelog
INFO: New row inserted into site_information
Oct 08, 2026 8:55:11 AM liquibase.changelog
INFO: ChangeSet liquibase/3.5.x.x/110-optional-patient-sex-age-config.xml::OGC-1362-patient-age-required::mozzy11 ran successfully in 1ms
Running Changeset: liquibase/3.5.x.x/111-order-progress-status.xml::OGC-1266-order-progress-status::mozzy11
Oct 08, 2026 8:55:11 AM liquibase.changelog
INFO: Columns order_progress_status(varchar(30)),order_entered_at(timestamp),order_prepared_at(timestamp),order_ready_at(timestamp),order_release_note(varchar(255)),order_cancelled_at(timestamp),order_cancelled_by(numeric(10)),order_cancel_reason(varchar(255)) added to sample
Oct 08, 2026 8:55:11 AM liquibase.changelog
INFO: ChangeSet liquibase/3.5.x.x/111-order-progress-status.xml::OGC-1266-order-progress-status::mozzy11 ran successfully in 4ms
Running Changeset: liquibase/3.5.x.x/111-order-progress-status.xml::OGC-1266-order-cancel-reasons::mozzy11
Oct 08, 2026 8:55:11 AM liquibase.changelog
INFO: New row inserted into dictionary_category
Oct 08, 2026 8:55:11 AM liquibase.changelog
INFO: New row inserted into dictionary
Oct 08, 2026 8:55:11 AM liquibase.changelog
INFO: New row inserted into dictionary
Oct 08, 2026 8:55:11 AM liquibase.changelog
INFO: New row inserted into dictionary
Oct 08, 2026 8:55:11 AM liquibase.changelog
INFO: New row inserted into dictionary
Oct 08, 2026 8:55:11 AM liquibase.changelog
INFO: ChangeSet liquibase/3.5.x.x/111-order-progress-status.xml::OGC-1266-order-cancel-reasons::mozzy11 ran successfully in 3ms
Running Changeset: liquibase/3.5.x.x/111-order-progress-status.xml::OGC-1266-order-progress-backfill::mozzy11
Oct 08, 2026 8:55:11 AM liquibase.changelog
INFO: Custom SQL executed
Oct 08, 2026 8:55:11 AM liquibase.changelog
INFO: ChangeSet liquibase/3.5.x.x/111-order-progress-status.xml::OGC-1266-order-progress-backfill::mozzy11 ran successfully in 4ms
Running Changeset: liquibase/3.5.x.x/111-order-progress-status.xml::OGC-1266-clinical-menu-steps::mozzy11
Oct 08, 2026 8:55:11 AM liquibase.changelog
INFO: Data updated in menu
Oct 08, 2026 8:55:11 AM liquibase.changelog
INFO: Data updated in menu
Oct 08, 2026 8:55:11 AM liquibase.changelog
INFO: Data updated in menu
Oct 08, 2026 8:55:11 AM liquibase.changelog
INFO: ChangeSet liquibase/3.5.x.x/111-order-progress-status.xml::OGC-1266-clinical-menu-steps::mozzy11 ran successfully in 3ms
Running Changeset: liquibase/3.5.x.x/112-locations-organizations.xml::OGC-1363-organization-name-length::mozzy11
Oct 08, 2026 8:55:11 AM liquibase.changelog
INFO: organization.name datatype was changed to varchar(200)
Oct 08, 2026 8:55:11 AM liquibase.changelog
INFO: ChangeSet liquibase/3.5.x.x/112-locations-organizations.xml::OGC-1363-organization-name-length::mozzy11 ran successfully in 2ms
Running Changeset: liquibase/3.5.x.x/112-locations-organizations.xml::OGC-1363-organization-profile-columns::mozzy11
Oct 08, 2026 8:55:11 AM liquibase.changelog
INFO: Columns gps_latitude(numeric(10,7)),gps_longitude(numeric(10,7)),contact_name(varchar(100)),description(varchar(1000)),category_id(numeric(10)),ownership_id(numeric(10)),service_type(varchar(30)),source(varchar(20)),approval_status(varchar(30)),accreditation_body(varchar(100)),accreditation_number(varchar(50)),accreditation_expiry(date),last_review_date(date),next_review_due(date),review_notes(varchar(1000)) added to organization
Oct 08, 2026 8:55:11 AM liquibase.changelog
INFO: Foreign key constraint added to organization (category_id)
Oct 08, 2026 8:55:11 AM liquibase.changelog
INFO: Foreign key constraint added to organization (ownership_id)
Oct 08, 2026 8:55:11 AM liquibase.changelog
INFO: ChangeSet liquibase/3.5.x.x/112-locations-organizations.xml::OGC-1363-organization-profile-columns::mozzy11 ran successfully in 6ms
Running Changeset: liquibase/3.5.x.x/112-locations-organizations.xml::OGC-1363-organization-identifier::mozzy11
Oct 08, 2026 8:55:11 AM liquibase.changelog
INFO: Sequence organization_identifier_seq created
Oct 08, 2026 8:55:11 AM liquibase.changelog
INFO: Table organization_identifier created
Oct 08, 2026 8:55:11 AM liquibase.changelog
INFO: Foreign key constraint added to organization_identifier (organization_id)
Oct 08, 2026 8:55:11 AM liquibase.changelog
INFO: Unique constraint added to organization_identifier(organization_id, label)
Oct 08, 2026 8:55:11 AM liquibase.changelog
INFO: Custom SQL executed
Oct 08, 2026 8:55:11 AM liquibase.changelog
INFO: ChangeSet liquibase/3.5.x.x/112-locations-organizations.xml::OGC-1363-organization-identifier::mozzy11 ran successfully in 19ms
Running Changeset: liquibase/3.5.x.x/112-locations-organizations.xml::OGC-1363-organization-identifier-migrate-codes::mozzy11
Oct 08, 2026 8:55:11 AM liquibase.changelog
INFO: Custom SQL executed
Oct 08, 2026 8:55:11 AM liquibase.changelog
INFO: Custom SQL executed
Oct 08, 2026 8:55:11 AM liquibase.changelog
INFO: ChangeSet liquibase/3.5.x.x/112-locations-organizations.xml::OGC-1363-organization-identifier-migrate-codes::mozzy11 ran successfully in 2ms
Running Changeset: liquibase/3.5.x.x/112-locations-organizations.xml::OGC-1363-organization-change-log::mozzy11
Oct 08, 2026 8:55:11 AM liquibase.changelog
INFO: Sequence organization_change_seq created
Oct 08, 2026 8:55:11 AM liquibase.changelog
INFO: Table organization_change created
Oct 08, 2026 8:55:11 AM liquibase.changelog
INFO: Foreign key constraint added to organization_change (organization_id)
Oct 08, 2026 8:55:11 AM liquibase.changelog
INFO: Index organization_change_org_idx created
Oct 08, 2026 8:55:11 AM liquibase.changelog
INFO: ChangeSet liquibase/3.5.x.x/112-locations-organizations.xml::OGC-1363-organization-change-log::mozzy11 ran successfully in 20ms
Running Changeset: liquibase/3.5.x.x/112-locations-organizations.xml::OGC-1363-facility-category-list::mozzy11
Oct 08, 2026 8:55:11 AM liquibase.changelog
INFO: New row inserted into dictionary_category
Oct 08, 2026 8:55:11 AM liquibase.changelog
INFO: Custom SQL executed
Oct 08, 2026 8:55:11 AM liquibase.changelog
INFO: ChangeSet liquibase/3.5.x.x/112-locations-organizations.xml::OGC-1363-facility-category-list::mozzy11 ran successfully in 2ms
Running Changeset: liquibase/3.5.x.x/112-locations-organizations.xml::OGC-1363-facility-ownership-list::mozzy11
Oct 08, 2026 8:55:11 AM liquibase.changelog
INFO: New row inserted into dictionary_category
Oct 08, 2026 8:55:11 AM liquibase.changelog
INFO: Custom SQL executed
Oct 08, 2026 8:55:11 AM liquibase.changelog
INFO: ChangeSet liquibase/3.5.x.x/112-locations-organizations.xml::OGC-1363-facility-ownership-list::mozzy11 ran successfully in 2ms
Running Changeset: liquibase/3.5.x.x/112-locations-organizations.xml::OGC-1363-sampling-site-organization-link::mozzy11
Oct 08, 2026 8:55:11 AM liquibase.changelog
INFO: Columns organization_id(numeric(10)) added to vector_sampling_site
Oct 08, 2026 8:55:11 AM liquibase.changelog
INFO: Foreign key constraint added to vector_sampling_site (organization_id)
Oct 08, 2026 8:55:11 AM liquibase.changelog
INFO: Unique constraint added to vector_sampling_site(organization_id)
Oct 08, 2026 8:55:11 AM liquibase.changelog
INFO: ChangeSet liquibase/3.5.x.x/112-locations-organizations.xml::OGC-1363-sampling-site-organization-link::mozzy11 ran successfully in 3ms
Running Changeset: liquibase/3.5.x.x/112-locations-organizations.xml::OGC-1363-sampling-site-organization-backfill::mozzy11
Oct 08, 2026 8:55:11 AM liquibase.changelog
INFO: Custom SQL executed
Oct 08, 2026 8:55:11 AM liquibase.changelog
INFO: ChangeSet liquibase/3.5.x.x/112-locations-organizations.xml::OGC-1363-sampling-site-organization-backfill::mozzy11 ran successfully in 2ms
Running Changeset: liquibase/3.5.x.x/113-result-entry-acknowledgement.xml::OGC-1417-result-entry-acknowledgement::mozzy11
Oct 08, 2026 8:55:11 AM liquibase.changelog
INFO: Table result_entry_acknowledgement created
Oct 08, 2026 8:55:11 AM liquibase.changelog
INFO: Custom SQL executed
Oct 08, 2026 8:55:11 AM liquibase.changelog
INFO: Foreign key constraint added to result_entry_acknowledgement (analysis_id)
Oct 08, 2026 8:55:11 AM liquibase.changelog
INFO: Foreign key constraint added to result_entry_acknowledgement (result_id)
Oct 08, 2026 8:55:11 AM liquibase.changelog
INFO: Index idx_result_entry_ack_analysis created
Oct 08, 2026 8:55:11 AM liquibase.changelog
INFO: ChangeSet liquibase/3.5.x.x/113-result-entry-acknowledgement.xml::OGC-1417-result-entry-acknowledgement::mozzy11 ran successfully in 21ms
Running Changeset: liquibase/3.5.x.x/114-validation-menu-collapse.xml::OGC-1418-collapse-validation-menu::mozzy11
Oct 08, 2026 8:55:11 AM liquibase.changelog
INFO: Data updated in menu
Oct 08, 2026 8:55:11 AM liquibase.changelog
INFO: Data updated in menu
Oct 08, 2026 8:55:11 AM liquibase.changelog
INFO: ChangeSet liquibase/3.5.x.x/114-validation-menu-collapse.xml::OGC-1418-collapse-validation-menu::mozzy11 ran successfully in 1ms
Running Changeset: liquibase/3.5.x.x/115-organization-state-length.xml::OGC-1420-organization-state-length::mozzy11
Oct 08, 2026 8:55:11 AM liquibase.changelog
INFO: organization.state datatype was changed to varchar(100)
Oct 08, 2026 8:55:11 AM liquibase.changelog
INFO: ChangeSet liquibase/3.5.x.x/115-organization-state-length.xml::OGC-1420-organization-state-length::mozzy11 ran successfully in 1ms
Running Changeset: liquibase/3.5.x.x/116-remove-pre-bridge-analyzer-storage.xml::116-remove-pre-bridge-analyzer-storage::pmanko
Oct 08, 2026 8:55:11 AM liquibase.changelog
INFO: Custom SQL executed
Oct 08, 2026 8:55:11 AM liquibase.changelog
INFO: ChangeSet liquibase/3.5.x.x/116-remove-pre-bridge-analyzer-storage.xml::116-remove-pre-bridge-analyzer-storage::pmanko ran successfully in 12ms
Running Changeset: liquibase/3.5.x.x/117-retire-legacy-results-entry.xml::retire-results-entry-unified-route-switch::mozzy11
Oct 08, 2026 8:55:11 AM liquibase.changelog
INFO: Data deleted from site_information
Oct 08, 2026 8:55:11 AM liquibase.changelog
INFO: ChangeSet liquibase/3.5.x.x/117-retire-legacy-results-entry.xml::retire-results-entry-unified-route-switch::mozzy11 ran successfully in 1ms
Running Changeset: liquibase/3.5.x.x/117-retire-legacy-results-entry.xml::retire-legacy-results-entry-menu-rows::mozzy11
Oct 08, 2026 8:55:11 AM liquibase.changelog
INFO: Data updated in menu
Oct 08, 2026 8:55:11 AM liquibase.changelog
INFO: Data updated in menu
Oct 08, 2026 8:55:11 AM liquibase.changelog
INFO: ChangeSet liquibase/3.5.x.x/117-retire-legacy-results-entry.xml::retire-legacy-results-entry-menu-rows::mozzy11 ran successfully in 2ms
Running Changeset: liquibase/3.5.x.x/118-repair-see-report-results.xml::repair-see-report-results::mozzy11
Oct 08, 2026 8:55:11 AM liquibase.changelog
INFO: Data updated in result
Oct 08, 2026 8:55:11 AM liquibase.changelog
INFO: Data updated in result
Oct 08, 2026 8:55:11 AM liquibase.changelog
INFO: ChangeSet liquibase/3.5.x.x/118-repair-see-report-results.xml::repair-see-report-results::mozzy11 ran successfully in 1ms
Running Changeset: liquibase/3.5.x.x/111-menu-privilege-urls.xml::ogc-1151-001-master-lists-page-url::samuelmale
Oct 08, 2026 8:55:11 AM liquibase.changelog
INFO: New row inserted into system_module_url
Oct 08, 2026 8:55:11 AM liquibase.changelog
INFO: ChangeSet liquibase/3.5.x.x/111-menu-privilege-urls.xml::ogc-1151-001-master-lists-page-url::samuelmale ran successfully in 2ms
Running Changeset: liquibase/3.5.x.x/111-menu-privilege-urls.xml::ogc-1151-002-strip-rest-prefix-from-module-urls::samuelmale
Oct 08, 2026 8:55:11 AM liquibase.changelog
INFO: Custom SQL executed
Oct 08, 2026 8:55:11 AM liquibase.changelog
INFO: Custom SQL executed
Oct 08, 2026 8:55:11 AM liquibase.changelog
INFO: ChangeSet liquibase/3.5.x.x/111-menu-privilege-urls.xml::ogc-1151-002-strip-rest-prefix-from-module-urls::samuelmale ran successfully in 2ms
Running Changeset: liquibase/3.5.x.x/119-stat-turnaround-config.xml::OGC-1372-stat-turnaround-minutes::oe
Oct 08, 2026 8:55:11 AM liquibase.changelog
INFO: New row inserted into site_information
Oct 08, 2026 8:55:11 AM liquibase.changelog
INFO: ChangeSet liquibase/3.5.x.x/119-stat-turnaround-config.xml::OGC-1372-stat-turnaround-minutes::oe ran successfully in 2ms
Running Changeset: liquibase/3.6.x.x/001-questionnaire.xml::questionnaire-001-create-questionnaire::elijah
Oct 08, 2026 8:55:11 AM liquibase.changelog
INFO: Sequence questionnaire_seq created
Oct 08, 2026 8:55:11 AM liquibase.changelog
INFO: Table questionnaire created
Oct 08, 2026 8:55:11 AM liquibase.changelog
INFO: Index idx_questionnaire_fhir_uuid created
Oct 08, 2026 8:55:11 AM liquibase.changelog
INFO: Index idx_questionnaire_parent created
Oct 08, 2026 8:55:11 AM liquibase.changelog
INFO: Foreign key constraint added to questionnaire (parent_questionnaire_id)
Oct 08, 2026 8:55:11 AM liquibase.changelog
INFO: ChangeSet liquibase/3.6.x.x/001-questionnaire.xml::questionnaire-001-create-questionnaire::elijah ran successfully in 19ms
Running Changeset: liquibase/3.6.x.x/001-questionnaire.xml::questionnaire-002-create-questionnaire-item::elijah
Oct 08, 2026 8:55:11 AM liquibase.changelog
INFO: Sequence questionnaire_item_seq created
Oct 08, 2026 8:55:11 AM liquibase.changelog
INFO: Table questionnaire_item created
Oct 08, 2026 8:55:11 AM liquibase.changelog
INFO: Index idx_q_item_q created
Oct 08, 2026 8:55:11 AM liquibase.changelog
INFO: Index idx_q_item_link created
Oct 08, 2026 8:55:11 AM liquibase.changelog
INFO: Index idx_q_item_parent created
Oct 08, 2026 8:55:11 AM liquibase.changelog
INFO: Foreign key constraint added to questionnaire_item (questionnaire_id)
Oct 08, 2026 8:55:11 AM liquibase.changelog
INFO: Foreign key constraint added to questionnaire_item (parent_item_id)
Oct 08, 2026 8:55:11 AM liquibase.changelog
INFO: ChangeSet liquibase/3.6.x.x/001-questionnaire.xml::questionnaire-002-create-questionnaire-item::elijah ran successfully in 20ms
Running Changeset: liquibase/3.6.x.x/001-questionnaire.xml::questionnaire-003-create-answer-option::elijah
Oct 08, 2026 8:55:11 AM liquibase.changelog
INFO: Sequence questionnaire_answer_option_seq created
Oct 08, 2026 8:55:11 AM liquibase.changelog
INFO: Table questionnaire_answer_option created
Oct 08, 2026 8:55:11 AM liquibase.changelog
INFO: Index idx_ao_item created
Oct 08, 2026 8:55:11 AM liquibase.changelog
INFO: Foreign key constraint added to questionnaire_answer_option (questionnaire_item_id)
Oct 08, 2026 8:55:11 AM liquibase.changelog
INFO: ChangeSet liquibase/3.6.x.x/001-questionnaire.xml::questionnaire-003-create-answer-option::elijah ran successfully in 19ms
Running Changeset: liquibase/3.6.x.x/001-questionnaire.xml::questionnaire-004-create-item-initial::elijah
Oct 08, 2026 8:55:11 AM liquibase.changelog
INFO: Sequence questionnaire_item_initial_seq created
Oct 08, 2026 8:55:11 AM liquibase.changelog
INFO: Table questionnaire_item_initial created
Oct 08, 2026 8:55:11 AM liquibase.changelog
INFO: Index idx_q_init_item created
Oct 08, 2026 8:55:11 AM liquibase.changelog
INFO: Foreign key constraint added to questionnaire_item_initial (questionnaire_item_id)
Oct 08, 2026 8:55:11 AM liquibase.changelog
INFO: ChangeSet liquibase/3.6.x.x/001-questionnaire.xml::questionnaire-004-create-item-initial::elijah ran successfully in 18ms
Running Changeset: liquibase/3.6.x.x/001-questionnaire.xml::questionnaire-005-create-questionnaire-response::elijah
Oct 08, 2026 8:55:11 AM liquibase.changelog
INFO: Sequence questionnaire_response_seq created
Oct 08, 2026 8:55:11 AM liquibase.changelog
INFO: Table questionnaire_response created
Oct 08, 2026 8:55:11 AM liquibase.changelog
INFO: Index idx_qr_uuid created
Oct 08, 2026 8:55:11 AM liquibase.changelog
INFO: Index idx_qr_questionnaire created
Oct 08, 2026 8:55:11 AM liquibase.changelog
INFO: Index idx_qr_subject created
Oct 08, 2026 8:55:11 AM liquibase.changelog
INFO: Foreign key constraint added to questionnaire_response (questionnaire_id)
Oct 08, 2026 8:55:11 AM liquibase.changelog
INFO: ChangeSet liquibase/3.6.x.x/001-questionnaire.xml::questionnaire-005-create-questionnaire-response::elijah ran successfully in 22ms
Running Changeset: liquibase/3.6.x.x/001-questionnaire.xml::questionnaire-006-create-questionnaire-response-item::elijah
Oct 08, 2026 8:55:11 AM liquibase.changelog
INFO: Sequence questionnaire_response_item_seq created
Oct 08, 2026 8:55:11 AM liquibase.changelog
INFO: Table questionnaire_response_item created
Oct 08, 2026 8:55:11 AM liquibase.changelog
INFO: Index idx_qri_response created
Oct 08, 2026 8:55:11 AM liquibase.changelog
INFO: Index idx_qri_parent created
Oct 08, 2026 8:55:11 AM liquibase.changelog
INFO: Foreign key constraint added to questionnaire_response_item (questionnaire_response_id)
Oct 08, 2026 8:55:11 AM liquibase.changelog
INFO: Foreign key constraint added to questionnaire_response_item (parent_item_id)
Oct 08, 2026 8:55:11 AM liquibase.changelog
INFO: ChangeSet liquibase/3.6.x.x/001-questionnaire.xml::questionnaire-006-create-questionnaire-response-item::elijah ran successfully in 19ms
Running Changeset: liquibase/3.6.x.x/001-questionnaire.xml::questionnaire-007-create-questionnaire-response-answer::elijah
Oct 08, 2026 8:55:11 AM liquibase.changelog
INFO: Sequence questionnaire_response_answer_seq created
Oct 08, 2026 8:55:11 AM liquibase.changelog
INFO: Table questionnaire_response_answer created
Oct 08, 2026 8:55:11 AM liquibase.changelog
INFO: Index idx_qra_item created
Oct 08, 2026 8:55:11 AM liquibase.changelog
INFO: Foreign key constraint added to questionnaire_response_answer (questionnaire_response_item_id)
Oct 08, 2026 8:55:11 AM liquibase.changelog
INFO: ChangeSet liquibase/3.6.x.x/001-questionnaire.xml::questionnaire-007-create-questionnaire-response-answer::elijah ran successfully in 19ms
Running Changeset: liquibase/3.6.x.x/002-questionnaire-local-storage.xml::questionnaire-008-questionnaire-local-storage::OGC
Oct 08, 2026 8:55:11 AM liquibase.changelog
INFO: Columns resource_json(TEXT),identifier_system(VARCHAR(255)),identifier_value(VARCHAR(255)) added to questionnaire
Oct 08, 2026 8:55:11 AM liquibase.changelog
INFO: Null constraint dropped from questionnaire.code
Oct 08, 2026 8:55:11 AM liquibase.changelog
INFO: Null constraint dropped from questionnaire.purpose
Oct 08, 2026 8:55:11 AM liquibase.changelog
INFO: questionnaire.questionnaire_name datatype was changed to VARCHAR(255)
Oct 08, 2026 8:55:11 AM liquibase.changelog
INFO: Null constraint dropped from questionnaire.questionnaire_name
Oct 08, 2026 8:55:11 AM liquibase.changelog
INFO: Index idx_questionnaire_identifier_system created
Oct 08, 2026 8:55:11 AM liquibase.changelog
INFO: ChangeSet liquibase/3.6.x.x/002-questionnaire-local-storage.xml::questionnaire-008-questionnaire-local-storage::OGC ran successfully in 5ms
Running Changeset: liquibase/3.6.x.x/002-questionnaire-local-storage.xml::questionnaire-009-questionnaire-response-local-storage::OGC
Oct 08, 2026 8:55:11 AM liquibase.changelog
INFO: Column questionnaire_response.subject_id renamed to subject_reference
Oct 08, 2026 8:55:11 AM liquibase.changelog
INFO: questionnaire_response.subject_reference datatype was changed to VARCHAR(100)
Oct 08, 2026 8:55:11 AM liquibase.changelog
INFO: Null constraint dropped from questionnaire_response.subject_reference
Oct 08, 2026 8:55:11 AM liquibase.changelog
INFO: Null constraint dropped from questionnaire_response.questionnaire_id
Oct 08, 2026 8:55:11 AM liquibase.changelog
INFO: Null constraint dropped from questionnaire_response.status
Oct 08, 2026 8:55:11 AM liquibase.changelog
INFO: Columns questionnaire_fhir_uuid(UUID),resource_json(TEXT) added to questionnaire_response
Oct 08, 2026 8:55:11 AM liquibase.changelog
INFO: Index idx_questionnaire_response_questionnaire_fhir_uuid created
Oct 08, 2026 8:55:11 AM liquibase.changelog
INFO: ChangeSet liquibase/3.6.x.x/002-questionnaire-local-storage.xml::questionnaire-009-questionnaire-response-local-storage::OGC ran successfully in 5ms
Running Changeset: liquibase/3.6.x.x/003-provider-title.xml::3.6.0.0-provider-title-code::OGC-1223
Oct 08, 2026 8:55:11 AM liquibase.changelog
INFO: Columns title_code(VARCHAR(20)) added to person
Oct 08, 2026 8:55:11 AM liquibase.changelog
INFO: ChangeSet liquibase/3.6.x.x/003-provider-title.xml::3.6.0.0-provider-title-code::OGC-1223 ran successfully in 2ms
Running Changeset: liquibase/3.6.x.x/003-provider-title.xml::3.6.0.0-provider-title-dictionary-category::OGC-1223
Oct 08, 2026 8:55:11 AM liquibase.changelog
INFO: New row inserted into dictionary_category
Oct 08, 2026 8:55:11 AM liquibase.changelog
INFO: ChangeSet liquibase/3.6.x.x/003-provider-title.xml::3.6.0.0-provider-title-dictionary-category::OGC-1223 ran successfully in 1ms
Running Changeset: liquibase/3.6.x.x/003-provider-title.xml::3.6.0.0-provider-title-seed::OGC-1223
Oct 08, 2026 8:55:11 AM liquibase.changelog
INFO: New row inserted into dictionary
Oct 08, 2026 8:55:11 AM liquibase.changelog
INFO: New row inserted into dictionary
Oct 08, 2026 8:55:11 AM liquibase.changelog
INFO: New row inserted into dictionary
Oct 08, 2026 8:55:11 AM liquibase.changelog
INFO: New row inserted into dictionary
Oct 08, 2026 8:55:11 AM liquibase.changelog
INFO: New row inserted into dictionary
Oct 08, 2026 8:55:11 AM liquibase.changelog
INFO: New row inserted into dictionary
Oct 08, 2026 8:55:11 AM liquibase.changelog
INFO: ChangeSet liquibase/3.6.x.x/003-provider-title.xml::3.6.0.0-provider-title-seed::OGC-1223 ran successfully in 4ms
Running Changeset: liquibase/3.6.x.x/004-backfill-referred-out.xml::3.6.0.0-backfill-analysis-referred-out::samuelmale
Oct 08, 2026 8:55:12 AM liquibase.changelog
INFO: Custom SQL executed
Oct 08, 2026 8:55:12 AM liquibase.changelog
INFO: ChangeSet liquibase/3.6.x.x/004-backfill-referred-out.xml::3.6.0.0-backfill-analysis-referred-out::samuelmale ran successfully in 2ms
Running Changeset: liquibase/3.6.x.x/003-configurable-reporting.xml::479-001-reporting-export-jobs::pmanko
Oct 08, 2026 8:55:12 AM liquibase.changelog
INFO: Table reporting_export_job created
Oct 08, 2026 8:55:12 AM liquibase.changelog
INFO: Unique constraint added to reporting_export_job(owner_id,client_request_id)
Oct 08, 2026 8:55:12 AM liquibase.changelog
INFO: Index reporting_job_owner_submitted created
Oct 08, 2026 8:55:12 AM liquibase.changelog
INFO: Index reporting_job_state_submitted created
Oct 08, 2026 8:55:12 AM liquibase.changelog
INFO: Index reporting_job_expiry created
Oct 08, 2026 8:55:12 AM liquibase.changelog
INFO: ChangeSet liquibase/3.6.x.x/003-configurable-reporting.xml::479-001-reporting-export-jobs::pmanko ran successfully in 3ms
Running Changeset: liquibase/3.6.x.x/003-configurable-reporting.xml::479-002-reporting-menu::pmanko
Oct 08, 2026 8:55:12 AM liquibase.changelog
INFO: New row inserted into menu
Oct 08, 2026 8:55:12 AM liquibase.changelog
INFO: ChangeSet liquibase/3.6.x.x/003-configurable-reporting.xml::479-002-reporting-menu::pmanko ran successfully in 1ms
Running Changeset: liquibase/3.6.x.x/003-configurable-reporting.xml::479-003-report-definition-updated-by::pmanko
Oct 08, 2026 8:55:12 AM liquibase.changelog
INFO: Columns updated_by(varchar(50)) added to report_definition
Oct 08, 2026 8:55:12 AM liquibase.changelog
INFO: ChangeSet liquibase/3.6.x.x/003-configurable-reporting.xml::479-003-report-definition-updated-by::pmanko ran successfully in 2ms
Running Changeset: liquibase/3.6.x.x/004-reporting-recovery.xml::479-004-reporting-output-cleanup::pmanko
Oct 08, 2026 8:55:12 AM liquibase.changelog
INFO: Columns output_cleaned_at(timestamp with time zone) added to reporting_export_job
Oct 08, 2026 8:55:12 AM liquibase.changelog
INFO: Index reporting_job_cleanup created
Oct 08, 2026 8:55:12 AM liquibase.changelog
INFO: ChangeSet liquibase/3.6.x.x/004-reporting-recovery.xml::479-004-reporting-output-cleanup::pmanko ran successfully in 1ms
Running Changeset: liquibase/3.6.x.x/005-menu-presentation.xml::479-005-menu-presentation::pmanko
Oct 08, 2026 8:55:12 AM liquibase.changelog
INFO: Columns presentation_style(varchar(20)),icon(varchar(60)),last_updated(timestamp) added to menu
Oct 08, 2026 8:55:12 AM liquibase.changelog
INFO: ChangeSet liquibase/3.6.x.x/005-menu-presentation.xml::479-005-menu-presentation::pmanko ran successfully in 2ms
Running Changeset: liquibase/3.6.x.x/006-analysis-sample-type-name.xml::OGC-1171-widen-analysis-type-of-sample-name::mozzy11
Oct 08, 2026 8:55:12 AM liquibase.changelog
INFO: analysis.type_of_sample_name datatype was changed to text
Oct 08, 2026 8:55:12 AM liquibase.changelog
INFO: ChangeSet liquibase/3.6.x.x/006-analysis-sample-type-name.xml::OGC-1171-widen-analysis-type-of-sample-name::mozzy11 ran successfully in 1ms
Running Changeset: liquibase/3.6.x.x/007-backfill-fhir-uuids-again.xml::OGC-1266-backfill-provider-fhir-uuid::mozzy11
Oct 08, 2026 8:55:12 AM liquibase.changelog
INFO: Custom SQL executed
Oct 08, 2026 8:55:12 AM liquibase.changelog
INFO: ChangeSet liquibase/3.6.x.x/007-backfill-fhir-uuids-again.xml::OGC-1266-backfill-provider-fhir-uuid::mozzy11 ran successfully in 1ms
Running Changeset: liquibase/3.6.x.x/007-backfill-fhir-uuids-again.xml::OGC-1266-backfill-organization-fhir-uuid::mozzy11
Oct 08, 2026 8:55:12 AM liquibase.changelog
INFO: Custom SQL executed
Oct 08, 2026 8:55:12 AM liquibase.changelog
INFO: ChangeSet liquibase/3.6.x.x/007-backfill-fhir-uuids-again.xml::OGC-1266-backfill-organization-fhir-uuid::mozzy11 ran successfully in 1ms
Running Changeset: liquibase/3.6.x.x/008-reseed-system-presets-from-legacy-keys.xml::label-preset-seed-003-reseed-from-legacy-keys::ogc-1219
Oct 08, 2026 8:55:12 AM liquibase.changelog
INFO: Custom SQL executed
Oct 08, 2026 8:55:12 AM liquibase.changelog
INFO: ChangeSet liquibase/3.6.x.x/008-reseed-system-presets-from-legacy-keys.xml::label-preset-seed-003-reseed-from-legacy-keys::ogc-1219 ran successfully in 3ms
Running Changeset: liquibase/3.6.x.x/009-seed-system-preset-fields-from-legacy-keys.xml::label-preset-fields-009-system-defaults-from-legacy-keys::ogc-1218
Oct 08, 2026 8:55:12 AM liquibase.changelog
INFO: Custom SQL executed
Oct 08, 2026 8:55:12 AM liquibase.changelog
INFO: ChangeSet liquibase/3.6.x.x/009-seed-system-preset-fields-from-legacy-keys.xml::label-preset-fields-009-system-defaults-from-legacy-keys::ogc-1218 ran successfully in 3ms
Running Changeset: liquibase/3.6.x.x/010-order-entry-cleanup.xml::3.6.0.0-sample-item-receipt-and-arrival::OGC-1424
Oct 08, 2026 8:55:12 AM liquibase.changelog
INFO: Columns received_by_id(NUMERIC(10)),arrival_condition(VARCHAR(32)),arrival_temperature(NUMERIC(5,1)),arrival_recorded_by_id(NUMERIC(10)),arrival_recorded_at(TIMESTAMP WITH TIME ZONE) added to sample_item
Oct 08, 2026 8:55:12 AM liquibase.changelog
INFO: ChangeSet liquibase/3.6.x.x/010-order-entry-cleanup.xml::3.6.0.0-sample-item-receipt-and-arrival::OGC-1424 ran successfully in 4ms
Running Changeset: liquibase/3.6.x.x/010-order-entry-cleanup.xml::3.6.0.0-order-test-tested-elsewhere::OGC-1424
Oct 08, 2026 8:55:12 AM liquibase.changelog
INFO: Sequence order_test_tested_elsewhere_seq created
Oct 08, 2026 8:55:12 AM liquibase.changelog
INFO: Table order_test_tested_elsewhere created
Oct 08, 2026 8:55:12 AM liquibase.changelog
INFO: Unique constraint added to order_test_tested_elsewhere(sample_id, test_id)
Oct 08, 2026 8:55:12 AM liquibase.changelog
INFO: ChangeSet liquibase/3.6.x.x/010-order-entry-cleanup.xml::3.6.0.0-order-test-tested-elsewhere::OGC-1424 ran successfully in 19ms
Running Changeset: liquibase/3.6.x.x/010-order-entry-cleanup.xml::3.6.0.0-possible-match-override::OGC-1424
Oct 08, 2026 8:55:12 AM liquibase.changelog
INFO: Sequence possible_match_override_seq created
Oct 08, 2026 8:55:12 AM liquibase.changelog
INFO: Table possible_match_override created
Oct 08, 2026 8:55:12 AM liquibase.changelog
INFO: ChangeSet liquibase/3.6.x.x/010-order-entry-cleanup.xml::3.6.0.0-possible-match-override::OGC-1424 ran successfully in 17ms
Running Changeset: liquibase/3.6.x.x/010-order-entry-cleanup.xml::3.6.0.0-payment-status-labels::OGC-1424
Oct 08, 2026 8:55:12 AM liquibase.changelog
INFO: Custom SQL executed
Oct 08, 2026 8:55:12 AM liquibase.changelog
INFO: ChangeSet liquibase/3.6.x.x/010-order-entry-cleanup.xml::3.6.0.0-payment-status-labels::OGC-1424 ran successfully in 2ms
Running Changeset: liquibase/3.6.x.x/010-order-entry-cleanup.xml::3.6.0.0-show-fax-fields-setting::OGC-1424
Oct 08, 2026 8:55:12 AM liquibase.changelog
INFO: New row inserted into site_information
Oct 08, 2026 8:55:12 AM liquibase.changelog
INFO: ChangeSet liquibase/3.6.x.x/010-order-entry-cleanup.xml::3.6.0.0-show-fax-fields-setting::OGC-1424 ran successfully in 1ms
Running Changeset: liquibase/3.6.x.x/011-microbiology-v1-retired-columns-nullable.xml::3.6.0.0-micro-case-workflow-type-nullable::OGC-1383
Oct 08, 2026 8:55:12 AM liquibase.changelog
INFO: Null constraint dropped from micro_case.workflow_type
Oct 08, 2026 8:55:12 AM liquibase.changelog
INFO: ChangeSet liquibase/3.6.x.x/011-microbiology-v1-retired-columns-nullable.xml::3.6.0.0-micro-case-workflow-type-nullable::OGC-1383 ran successfully in 2ms
Running Changeset: liquibase/3.6.x.x/011-microbiology-v1-retired-columns-nullable.xml::3.6.0.0-micro-ast-panel-workflow-type-nullable::OGC-1383
Oct 08, 2026 8:55:12 AM liquibase.changelog
INFO: Null constraint dropped from micro_ast_panel.workflow_type
Oct 08, 2026 8:55:12 AM liquibase.changelog
INFO: ChangeSet liquibase/3.6.x.x/011-microbiology-v1-retired-columns-nullable.xml::3.6.0.0-micro-ast-panel-workflow-type-nullable::OGC-1383 ran successfully in 2ms
Running Changeset: liquibase/3.6.x.x/012-microbiology-v2-case-structure.xml::012-ogc-1383-case-structure::OpenELIS
Oct 08, 2026 8:55:12 AM liquibase.changelog
INFO: Columns status(varchar(20)),sample_id(numeric(10)),sample_type_id(numeric(10)),lab_unit_id(numeric(10)),program_id(numeric(10)) added to micro_case
Oct 08, 2026 8:55:12 AM liquibase.changelog
INFO: Foreign key constraint added to micro_case (sample_id)
Oct 08, 2026 8:55:12 AM liquibase.changelog
INFO: Foreign key constraint added to micro_case (sample_type_id)
Oct 08, 2026 8:55:12 AM liquibase.changelog
INFO: Foreign key constraint added to micro_case (lab_unit_id)
Oct 08, 2026 8:55:12 AM liquibase.changelog
INFO: Foreign key constraint added to micro_case (program_id)
Oct 08, 2026 8:55:12 AM liquibase.changelog
INFO: Null constraint dropped from micro_case.sample_item_id
Oct 08, 2026 8:55:12 AM liquibase.changelog
INFO: Unique constraint uq_micro_case_sample_workflow dropped from micro_case
Oct 08, 2026 8:55:12 AM liquibase.changelog
INFO: Index idx_micro_case_v2_group created
Oct 08, 2026 8:55:12 AM liquibase.changelog
INFO: Custom SQL executed
Oct 08, 2026 8:55:12 AM liquibase.changelog
INFO: ChangeSet liquibase/3.6.x.x/012-microbiology-v2-case-structure.xml::012-ogc-1383-case-structure::OpenELIS ran successfully in 7ms
Running Changeset: liquibase/3.6.x.x/012-microbiology-v2-case-structure.xml::012-ogc-1383-analysis-ownership::OpenELIS
Oct 08, 2026 8:55:12 AM liquibase.changelog
INFO: Columns case_role(varchar(20)),collected_in_sets(boolean),placement(varchar(30)),cancelled_at(timestamp),cancelled_by(varchar(20)),cancellation_reason(text) added to micro_case_analysis
Oct 08, 2026 8:55:12 AM liquibase.changelog
INFO: Unique constraint uq_micro_case_analysis_case_analysis dropped from micro_case_analysis
Oct 08, 2026 8:55:12 AM liquibase.changelog
INFO: Custom SQL executed
Oct 08, 2026 8:55:12 AM liquibase.changelog
INFO: ChangeSet liquibase/3.6.x.x/012-microbiology-v2-case-structure.xml::012-ogc-1383-analysis-ownership::OpenELIS ran successfully in 4ms
Running Changeset: liquibase/3.6.x.x/012-microbiology-v2-case-structure.xml::012-ogc-1383-members-requests-splits::OpenELIS
Oct 08, 2026 8:55:12 AM liquibase.changelog
INFO: Table micro_case_sample created
Oct 08, 2026 8:55:12 AM liquibase.changelog
INFO: Foreign key constraint added to micro_case_sample (case_id)
Oct 08, 2026 8:55:12 AM liquibase.changelog
INFO: Foreign key constraint added to micro_case_sample (sample_item_id)
Oct 08, 2026 8:55:12 AM liquibase.changelog
INFO: Index idx_micro_case_sample_case created
Oct 08, 2026 8:55:12 AM liquibase.changelog
INFO: Table micro_case_request created
Oct 08, 2026 8:55:12 AM liquibase.changelog
INFO: Foreign key constraint added to micro_case_request (case_id)
Oct 08, 2026 8:55:12 AM liquibase.changelog
INFO: Foreign key constraint added to micro_case_request (sample_type_request_id)
Oct 08, 2026 8:55:12 AM liquibase.changelog
INFO: Foreign key constraint added to micro_case_request (test_id)
Oct 08, 2026 8:55:12 AM liquibase.changelog
INFO: Foreign key constraint added to micro_case_request (sample_type_id)
Oct 08, 2026 8:55:12 AM liquibase.changelog
INFO: Foreign key constraint added to micro_case_request (sample_item_id)
Oct 08, 2026 8:55:12 AM liquibase.changelog
INFO: Foreign key constraint added to micro_case_request (analysis_id)
Oct 08, 2026 8:55:12 AM liquibase.changelog
INFO: Index idx_micro_case_request_case created
Oct 08, 2026 8:55:12 AM liquibase.changelog
INFO: Table micro_case_split created
Oct 08, 2026 8:55:12 AM liquibase.changelog
INFO: Foreign key constraint added to micro_case_split (source_case_id)
Oct 08, 2026 8:55:12 AM liquibase.changelog
INFO: Foreign key constraint added to micro_case_split (result_case_id)
Oct 08, 2026 8:55:12 AM liquibase.changelog
INFO: Foreign key constraint added to micro_case_split (sample_item_id)
Oct 08, 2026 8:55:12 AM liquibase.changelog
INFO: Index idx_micro_case_split_source_case created
Oct 08, 2026 8:55:12 AM liquibase.changelog
INFO: Index idx_micro_case_split_result_case created
Oct 08, 2026 8:55:12 AM liquibase.changelog
INFO: Custom SQL executed
Oct 08, 2026 8:55:12 AM liquibase.changelog
INFO: ChangeSet liquibase/3.6.x.x/012-microbiology-v2-case-structure.xml::012-ogc-1383-members-requests-splits::OpenELIS ran successfully in 17ms
Running Changeset: liquibase/3.6.x.x/013-microbiology-v2-routing.xml::013-microbiology-v2-routing-catalog::openelisglobal
Oct 08, 2026 8:55:12 AM liquibase.changelog
INFO: Columns opens_microbiology_case(boolean),microbiology_case_role(varchar(20)),collected_in_sets(boolean) added to test
Oct 08, 2026 8:55:12 AM liquibase.changelog
INFO: Custom SQL executed
Oct 08, 2026 8:55:12 AM liquibase.changelog
INFO: ChangeSet liquibase/3.6.x.x/013-microbiology-v2-routing.xml::013-microbiology-v2-routing-catalog::openelisglobal ran successfully in 3ms
Running Changeset: liquibase/3.6.x.x/013-microbiology-v2-routing.xml::013-orders-before-receipt::openelisglobal
Oct 08, 2026 8:55:12 AM liquibase.changelog
INFO: Null constraint dropped from sample.received_date
Oct 08, 2026 8:55:12 AM liquibase.changelog
INFO: ChangeSet liquibase/3.6.x.x/013-microbiology-v2-routing.xml::013-orders-before-receipt::openelisglobal ran successfully in 1ms
Running Changeset: liquibase/3.6.x.x/014-sample-collection-set-details.xml::014-shared-sample-set-details::openelisglobal
Oct 08, 2026 8:55:12 AM liquibase.changelog
INFO: Columns culture_set_number(integer),container(varchar(255)),body_site(varchar(40)),collection_date(date),collection_time(varchar(8)) added to sample_type_request
Oct 08, 2026 8:55:12 AM liquibase.changelog
INFO: Columns culture_set_number(integer),body_site(varchar(40)) added to sample_item
Oct 08, 2026 8:55:12 AM liquibase.changelog
INFO: Custom SQL executed
Oct 08, 2026 8:55:12 AM liquibase.changelog
INFO: ChangeSet liquibase/3.6.x.x/014-sample-collection-set-details.xml::014-shared-sample-set-details::openelisglobal ran successfully in 4ms
Running Changeset: liquibase/3.6.x.x/014-sample-collection-set-details.xml::014-container-population::openelisglobal
Oct 08, 2026 8:55:12 AM liquibase.changelog
INFO: Columns container_population(varchar(20)) added to dictionary
Oct 08, 2026 8:55:12 AM liquibase.changelog
INFO: Custom SQL executed
Oct 08, 2026 8:55:12 AM liquibase.changelog
INFO: ChangeSet liquibase/3.6.x.x/014-sample-collection-set-details.xml::014-container-population::openelisglobal ran successfully in 2ms
Running Changeset: liquibase/qc/001-create-qc-tables.xml::qc-001-create-control-lot::openelisglobal
Oct 08, 2026 8:55:12 AM liquibase.changelog
INFO: Table qc_control_lot created
Oct 08, 2026 8:55:12 AM liquibase.changelog
INFO: Foreign key constraint added to qc_control_lot (test_id)
Oct 08, 2026 8:55:12 AM liquibase.changelog
INFO: Foreign key constraint added to qc_control_lot (sys_user_id)
Oct 08, 2026 8:55:12 AM liquibase.changelog
INFO: Index idx_qc_control_lot_test_instrument created
Oct 08, 2026 8:55:12 AM liquibase.changelog
INFO: Index idx_qc_control_lot_status created
Oct 08, 2026 8:55:12 AM liquibase.changelog
INFO: ChangeSet liquibase/qc/001-create-qc-tables.xml::qc-001-create-control-lot::openelisglobal ran successfully in 24ms
Running Changeset: liquibase/qc/001-create-qc-tables.xml::qc-002-create-qc-result::openelisglobal
Oct 08, 2026 8:55:12 AM liquibase.changelog
INFO: Table qc_result created
Oct 08, 2026 8:55:12 AM liquibase.changelog
INFO: Foreign key constraint added to qc_result (control_lot_id)
Oct 08, 2026 8:55:12 AM liquibase.changelog
INFO: Foreign key constraint added to qc_result (test_id)
Oct 08, 2026 8:55:12 AM liquibase.changelog
INFO: Foreign key constraint added to qc_result (sys_user_id)
Oct 08, 2026 8:55:12 AM liquibase.changelog
INFO: Index idx_qc_result_control_lot_date created
Oct 08, 2026 8:55:12 AM liquibase.changelog
INFO: Index idx_qc_result_instrument_date created
Oct 08, 2026 8:55:12 AM liquibase.changelog
INFO: ChangeSet liquibase/qc/001-create-qc-tables.xml::qc-002-create-qc-result::openelisglobal ran successfully in 21ms
Running Changeset: liquibase/qc/001-create-qc-tables.xml::qc-003-create-qc-statistics::openelisglobal
Oct 08, 2026 8:55:12 AM liquibase.changelog
INFO: Table qc_statistics created
Oct 08, 2026 8:55:12 AM liquibase.changelog
INFO: Foreign key constraint added to qc_statistics (control_lot_id)
Oct 08, 2026 8:55:12 AM liquibase.changelog
INFO: Foreign key constraint added to qc_statistics (sys_user_id)
Oct 08, 2026 8:55:12 AM liquibase.changelog
INFO: Index idx_qc_statistics_lot_date created
Oct 08, 2026 8:55:12 AM liquibase.changelog
INFO: ChangeSet liquibase/qc/001-create-qc-tables.xml::qc-003-create-qc-statistics::openelisglobal ran successfully in 21ms
Running Changeset: liquibase/qc/002-create-westgard-rule-config.xml::qc-004-create-westgard-rule-config::openelisglobal
Oct 08, 2026 8:55:12 AM liquibase.changelog
INFO: Table westgard_rule_config created
Oct 08, 2026 8:55:12 AM liquibase.changelog
INFO: Foreign key constraint added to westgard_rule_config (test_id)
Oct 08, 2026 8:55:12 AM liquibase.changelog
INFO: Foreign key constraint added to westgard_rule_config (sys_user_id)
Oct 08, 2026 8:55:12 AM liquibase.changelog
INFO: Unique constraint added to westgard_rule_config(test_id,instrument_id,rule_code)
Oct 08, 2026 8:55:12 AM liquibase.changelog
INFO: Index idx_westgard_rule_instrument created
Oct 08, 2026 8:55:12 AM liquibase.changelog
INFO: Index idx_westgard_rule_enabled created
Oct 08, 2026 8:55:12 AM liquibase.changelog
INFO: ChangeSet liquibase/qc/002-create-westgard-rule-config.xml::qc-004-create-westgard-rule-config::openelisglobal ran successfully in 21ms
Running Changeset: liquibase/qc/002-create-westgard-rule-config.xml::qc-005-insert-default-westgard-rules::openelisglobal
Oct 08, 2026 8:55:12 AM liquibase.changelog
INFO: ChangeSet liquibase/qc/002-create-westgard-rule-config.xml::qc-005-insert-default-westgard-rules::openelisglobal ran successfully in 0ms
Running Changeset: liquibase/qc/003-create-qc-violation-tables.xml::qc-006-create-qc-rule-violation::openelisglobal
Oct 08, 2026 8:55:12 AM liquibase.changelog
INFO: Table qc_rule_violation created
Oct 08, 2026 8:55:12 AM liquibase.changelog
INFO: Foreign key constraint added to qc_rule_violation (triggering_result_id)
Oct 08, 2026 8:55:12 AM liquibase.changelog
INFO: Foreign key constraint added to qc_rule_violation (test_id)
Oct 08, 2026 8:55:12 AM liquibase.changelog
INFO: Foreign key constraint added to qc_rule_violation (sys_user_id)
Oct 08, 2026 8:55:12 AM liquibase.changelog
INFO: Index idx_qc_violation_instrument created
Oct 08, 2026 8:55:12 AM liquibase.changelog
INFO: Index idx_qc_violation_status created
Oct 08, 2026 8:55:12 AM liquibase.changelog
INFO: Index idx_qc_violation_severity created
Oct 08, 2026 8:55:12 AM liquibase.changelog
INFO: Index idx_qc_violation_date created
Oct 08, 2026 8:55:12 AM liquibase.changelog
INFO: ChangeSet liquibase/qc/003-create-qc-violation-tables.xml::qc-006-create-qc-rule-violation::openelisglobal ran successfully in 23ms
Running Changeset: liquibase/qc/003-create-qc-violation-tables.xml::qc-007-create-qc-violation-results::openelisglobal
Oct 08, 2026 8:55:12 AM liquibase.changelog
INFO: Table qc_violation_results created
Oct 08, 2026 8:55:12 AM liquibase.changelog
INFO: Foreign key constraint added to qc_violation_results (violation_id)
Oct 08, 2026 8:55:12 AM liquibase.changelog
INFO: Foreign key constraint added to qc_violation_results (result_id)
Oct 08, 2026 8:55:12 AM liquibase.changelog
INFO: Index idx_violation_results_violation created
Oct 08, 2026 8:55:12 AM liquibase.changelog
INFO: ChangeSet liquibase/qc/003-create-qc-violation-tables.xml::qc-007-create-qc-violation-results::openelisglobal ran successfully in 19ms
Running Changeset: liquibase/qc/005-create-qc-alert.xml::qc-009-create-qc-alert::openelisglobal
Oct 08, 2026 8:55:12 AM liquibase.changelog
INFO: Table qc_alert created
Oct 08, 2026 8:55:12 AM liquibase.changelog
INFO: Foreign key constraint added to qc_alert (violation_id)
Oct 08, 2026 8:55:12 AM liquibase.changelog
INFO: Foreign key constraint added to qc_alert (recipient_user_id)
Oct 08, 2026 8:55:12 AM liquibase.changelog
INFO: Foreign key constraint added to qc_alert (sys_user_id)
Oct 08, 2026 8:55:12 AM liquibase.changelog
INFO: Index idx_qc_alert_violation created
Oct 08, 2026 8:55:12 AM liquibase.changelog
INFO: Index idx_qc_alert_recipient created
Oct 08, 2026 8:55:12 AM liquibase.changelog
INFO: Index idx_qc_alert_read_status created
Oct 08, 2026 8:55:12 AM liquibase.changelog
INFO: Index idx_qc_alert_sent_date created
Oct 08, 2026 8:55:12 AM liquibase.changelog
INFO: ChangeSet liquibase/qc/005-create-qc-alert.xml::qc-009-create-qc-alert::openelisglobal ran successfully in 25ms
Running Changeset: liquibase/qc/006-fix-lastupdated-column.xml::qc-010-fix-lastupdated-qc-control-lot::openelisglobal
Oct 08, 2026 8:55:12 AM liquibase.changelog
INFO: Column qc_control_lot.lastupdated renamed to last_updated
Oct 08, 2026 8:55:12 AM liquibase.changelog
INFO: ChangeSet liquibase/qc/006-fix-lastupdated-column.xml::qc-010-fix-lastupdated-qc-control-lot::openelisglobal ran successfully in 2ms
Running Changeset: liquibase/qc/006-fix-lastupdated-column.xml::qc-011-fix-lastupdated-qc-result::openelisglobal
Oct 08, 2026 8:55:12 AM liquibase.changelog
INFO: Column qc_result.lastupdated renamed to last_updated
Oct 08, 2026 8:55:12 AM liquibase.changelog
INFO: ChangeSet liquibase/qc/006-fix-lastupdated-column.xml::qc-011-fix-lastupdated-qc-result::openelisglobal ran successfully in 2ms
Running Changeset: liquibase/qc/006-fix-lastupdated-column.xml::qc-012-fix-lastupdated-qc-statistics::openelisglobal
Oct 08, 2026 8:55:12 AM liquibase.changelog
INFO: Column qc_statistics.lastupdated renamed to last_updated
Oct 08, 2026 8:55:12 AM liquibase.changelog
INFO: ChangeSet liquibase/qc/006-fix-lastupdated-column.xml::qc-012-fix-lastupdated-qc-statistics::openelisglobal ran successfully in 1ms
Running Changeset: liquibase/qc/006-fix-lastupdated-column.xml::qc-013-fix-lastupdated-westgard-rule-config::openelisglobal
Oct 08, 2026 8:55:12 AM liquibase.changelog
INFO: Column westgard_rule_config.lastupdated renamed to last_updated
Oct 08, 2026 8:55:12 AM liquibase.changelog
INFO: ChangeSet liquibase/qc/006-fix-lastupdated-column.xml::qc-013-fix-lastupdated-westgard-rule-config::openelisglobal ran successfully in 2ms
Running Changeset: liquibase/qc/006-fix-lastupdated-column.xml::qc-014-fix-lastupdated-qc-rule-violation::openelisglobal
Oct 08, 2026 8:55:12 AM liquibase.changelog
INFO: Column qc_rule_violation.lastupdated renamed to last_updated
Oct 08, 2026 8:55:12 AM liquibase.changelog
INFO: ChangeSet liquibase/qc/006-fix-lastupdated-column.xml::qc-014-fix-lastupdated-qc-rule-violation::openelisglobal ran successfully in 1ms
Running Changeset: liquibase/qc/006-fix-lastupdated-column.xml::qc-016-fix-lastupdated-qc-alert::openelisglobal
Oct 08, 2026 8:55:12 AM liquibase.changelog
INFO: Column qc_alert.lastupdated renamed to last_updated
Oct 08, 2026 8:55:12 AM liquibase.changelog
INFO: ChangeSet liquibase/qc/006-fix-lastupdated-column.xml::qc-016-fix-lastupdated-qc-alert::openelisglobal ran successfully in 2ms
Running Changeset: liquibase/qc/007-add-qc-menu-items.xml::qc-017-add-menu-qc-parent::openelisglobal
Oct 08, 2026 8:55:12 AM liquibase.changelog
INFO: New row inserted into menu
Oct 08, 2026 8:55:12 AM liquibase.changelog
INFO: ChangeSet liquibase/qc/007-add-qc-menu-items.xml::qc-017-add-menu-qc-parent::openelisglobal ran successfully in 2ms
Running Changeset: liquibase/qc/007-add-qc-menu-items.xml::qc-018-add-menu-qc-dashboard::openelisglobal
Oct 08, 2026 8:55:12 AM liquibase.changelog
INFO: New row inserted into menu
Oct 08, 2026 8:55:12 AM liquibase.changelog
INFO: ChangeSet liquibase/qc/007-add-qc-menu-items.xml::qc-018-add-menu-qc-dashboard::openelisglobal ran successfully in 1ms
Running Changeset: liquibase/qc/007-add-qc-menu-items.xml::qc-019-add-menu-qc-rule-config::openelisglobal
Oct 08, 2026 8:55:12 AM liquibase.changelog
INFO: New row inserted into menu
Oct 08, 2026 8:55:12 AM liquibase.changelog
INFO: ChangeSet liquibase/qc/007-add-qc-menu-items.xml::qc-019-add-menu-qc-rule-config::openelisglobal ran successfully in 2ms
Running Changeset: liquibase/qc/007-add-qc-menu-items.xml::qc-020-add-menu-qc-control-lots::openelisglobal
Oct 08, 2026 8:55:12 AM liquibase.changelog
INFO: New row inserted into menu
Oct 08, 2026 8:55:12 AM liquibase.changelog
INFO: ChangeSet liquibase/qc/007-add-qc-menu-items.xml::qc-020-add-menu-qc-control-lots::openelisglobal ran successfully in 1ms
Running Changeset: liquibase/qc/008-add-instrument-fk-constraints.xml::008-01-fix-instrument-id-types::code-review
Oct 08, 2026 8:55:12 AM liquibase.changelog
INFO: qc_control_lot.instrument_id datatype was changed to NUMERIC(10,0)
Oct 08, 2026 8:55:12 AM liquibase.changelog
INFO: qc_result.instrument_id datatype was changed to NUMERIC(10,0)
Oct 08, 2026 8:55:12 AM liquibase.changelog
INFO: westgard_rule_config.instrument_id datatype was changed to NUMERIC(10,0)
Oct 08, 2026 8:55:12 AM liquibase.changelog
INFO: qc_rule_violation.instrument_id datatype was changed to NUMERIC(10,0)
Oct 08, 2026 8:55:12 AM liquibase.changelog
INFO: ChangeSet liquibase/qc/008-add-instrument-fk-constraints.xml::008-01-fix-instrument-id-types::code-review ran successfully in 9ms
Running Changeset: liquibase/qc/008-add-instrument-fk-constraints.xml::008-02-add-instrument-fk-constraints::code-review
Oct 08, 2026 8:55:12 AM liquibase.changelog
INFO: Foreign key constraint added to qc_control_lot (instrument_id)
Oct 08, 2026 8:55:12 AM liquibase.changelog
INFO: Foreign key constraint added to qc_result (instrument_id)
Oct 08, 2026 8:55:12 AM liquibase.changelog
INFO: Foreign key constraint added to westgard_rule_config (instrument_id)
Oct 08, 2026 8:55:12 AM liquibase.changelog
INFO: Foreign key constraint added to qc_rule_violation (instrument_id)
Oct 08, 2026 8:55:12 AM liquibase.changelog
INFO: ChangeSet liquibase/qc/008-add-instrument-fk-constraints.xml::008-02-add-instrument-fk-constraints::code-review ran successfully in 3ms
Running Changeset: liquibase/qc/009-nullable-unit-of-measure.xml::qc-009-nullable-unit-of-measure::mvp-flow-fix
Oct 08, 2026 8:55:12 AM liquibase.changelog
INFO: Null constraint dropped from qc_result.unit_of_measure
Oct 08, 2026 8:55:12 AM liquibase.changelog
INFO: ChangeSet liquibase/qc/009-nullable-unit-of-measure.xml::qc-009-nullable-unit-of-measure::mvp-flow-fix ran successfully in 0ms
Running Changeset: liquibase/qc/010-create-sample-item-qc-profile.xml::qc-010-create-sample-item-qc-profile::openelisglobal
Oct 08, 2026 8:55:12 AM liquibase.changelog
INFO: Table sample_item_qc_profile created
Oct 08, 2026 8:55:12 AM liquibase.changelog
INFO: Foreign key constraint added to sample_item_qc_profile (sample_item_id)
Oct 08, 2026 8:55:12 AM liquibase.changelog
INFO: Foreign key constraint added to sample_item_qc_profile (parent_sample_item_id)
Oct 08, 2026 8:55:12 AM liquibase.changelog
INFO: Foreign key constraint added to sample_item_qc_profile (control_lot_id)
Oct 08, 2026 8:55:12 AM liquibase.changelog
INFO: Foreign key constraint added to sample_item_qc_profile (sys_user_id)
Oct 08, 2026 8:55:12 AM liquibase.changelog
INFO: Index idx_qc_profile_qc_type created
Oct 08, 2026 8:55:12 AM liquibase.changelog
INFO: ChangeSet liquibase/qc/010-create-sample-item-qc-profile.xml::qc-010-create-sample-item-qc-profile::openelisglobal ran successfully in 21ms
Running Changeset: liquibase/qc/011-add-test-qc-thresholds.xml::qc-011-create-test-qc-threshold::openelisglobal
Oct 08, 2026 8:55:12 AM liquibase.changelog
INFO: Table test_qc_threshold created
Oct 08, 2026 8:55:12 AM liquibase.changelog
INFO: Foreign key constraint added to test_qc_threshold (test_id)
Oct 08, 2026 8:55:12 AM liquibase.changelog
INFO: Foreign key constraint added to test_qc_threshold (sys_user_id)
Oct 08, 2026 8:55:12 AM liquibase.changelog
INFO: ChangeSet liquibase/qc/011-add-test-qc-thresholds.xml::qc-011-create-test-qc-threshold::openelisglobal ran successfully in 19ms
Running Changeset: liquibase/qc/012-add-result-qc-evaluation.xml::qc-012-add-result-qc-evaluation::openelisglobal
Oct 08, 2026 8:55:12 AM liquibase.changelog
INFO: Columns qc_evaluation(VARCHAR(10)),qc_evaluation_detail(VARCHAR(500)) added to result
Oct 08, 2026 8:55:12 AM liquibase.changelog
INFO: ChangeSet liquibase/qc/012-add-result-qc-evaluation.xml::qc-012-add-result-qc-evaluation::openelisglobal ran successfully in 3ms
Running Changeset: liquibase/qc/013-create-validation-qc-acknowledgment.xml::qc-013-create-validation-qc-acknowledgment::openelisglobal
Oct 08, 2026 8:55:12 AM liquibase.changelog
INFO: Table validation_qc_acknowledgment created
Oct 08, 2026 8:55:12 AM liquibase.changelog
INFO: Foreign key constraint added to validation_qc_acknowledgment (analysis_id)
Oct 08, 2026 8:55:12 AM liquibase.changelog
INFO: Foreign key constraint added to validation_qc_acknowledgment (acknowledged_by)
Oct 08, 2026 8:55:12 AM liquibase.changelog
INFO: Index idx_val_qc_ack_analysis created
Oct 08, 2026 8:55:12 AM liquibase.changelog
INFO: ChangeSet liquibase/qc/013-create-validation-qc-acknowledgment.xml::qc-013-create-validation-qc-acknowledgment::openelisglobal ran successfully in 19ms
Running Changeset: liquibase/qc/014-register-validation-qc-ack-reference-table.xml::qc-014-register-validation-qc-ack-reference-table::openelisglobal
Oct 08, 2026 8:55:12 AM liquibase.changelog
INFO: Custom SQL executed
Oct 08, 2026 8:55:12 AM liquibase.changelog
INFO: Custom SQL executed
Oct 08, 2026 8:55:12 AM liquibase.changelog
INFO: ChangeSet liquibase/qc/014-register-validation-qc-ack-reference-table.xml::qc-014-register-validation-qc-ack-reference-table::openelisglobal ran successfully in 3ms
Running Changeset: liquibase/qc/010-manual-rdt-qc.xml::qc-021-qc-result-source-and-qualitative::samuelmale
Oct 08, 2026 8:55:12 AM liquibase.changelog
INFO: Columns source(VARCHAR(10)),qualitative_outcome(VARCHAR(10)),expected_value(NUMERIC(15,5)),uncertainty(NUMERIC(15,5)),test_section_id(numeric(10)),control_label(VARCHAR(120)) added to qc_result
Oct 08, 2026 8:55:12 AM liquibase.changelog
INFO: Foreign key constraint added to qc_result (test_section_id)
Oct 08, 2026 8:55:12 AM liquibase.changelog
INFO: Index idx_qc_result_source_date created
Oct 08, 2026 8:55:12 AM liquibase.changelog
INFO: Index idx_qc_result_test_section_date created
Oct 08, 2026 8:55:12 AM liquibase.changelog
INFO: ChangeSet liquibase/qc/010-manual-rdt-qc.xml::qc-021-qc-result-source-and-qualitative::samuelmale ran successfully in 6ms
Running Changeset: liquibase/qc/010-manual-rdt-qc.xml::qc-022-qc-result-shape-check::samuelmale
Oct 08, 2026 8:55:12 AM liquibase.changelog
INFO: Custom SQL executed
Oct 08, 2026 8:55:12 AM liquibase.changelog
INFO: Custom SQL executed
Oct 08, 2026 8:55:12 AM liquibase.changelog
INFO: ChangeSet liquibase/qc/010-manual-rdt-qc.xml::qc-022-qc-result-shape-check::samuelmale ran successfully in 2ms
Running Changeset: liquibase/qc/010-manual-rdt-qc.xml::qc-023-relax-analyzer-and-value-not-nulls::samuelmale
Oct 08, 2026 8:55:12 AM liquibase.changelog
INFO: Null constraint dropped from qc_result.instrument_id
Oct 08, 2026 8:55:12 AM liquibase.changelog
INFO: Null constraint dropped from qc_result.result_value
Oct 08, 2026 8:55:12 AM liquibase.changelog
INFO: Null constraint dropped from qc_result.control_lot_id
Oct 08, 2026 8:55:12 AM liquibase.changelog
INFO: ChangeSet liquibase/qc/010-manual-rdt-qc.xml::qc-023-relax-analyzer-and-value-not-nulls::samuelmale ran successfully in 2ms
Running Changeset: liquibase/qc/010-manual-rdt-qc.xml::qc-024-relax-control-lot-analyzer::samuelmale
Oct 08, 2026 8:55:12 AM liquibase.changelog
INFO: Null constraint dropped from qc_control_lot.instrument_id
Oct 08, 2026 8:55:12 AM liquibase.changelog
INFO: ChangeSet liquibase/qc/010-manual-rdt-qc.xml::qc-024-relax-control-lot-analyzer::samuelmale ran successfully in 1ms
Running Changeset: liquibase/qc/010-manual-rdt-qc.xml::qc-025-relax-violation-analyzer::samuelmale
Oct 08, 2026 8:55:12 AM liquibase.changelog
INFO: Null constraint dropped from qc_rule_violation.instrument_id
Oct 08, 2026 8:55:12 AM liquibase.changelog
INFO: ChangeSet liquibase/qc/010-manual-rdt-qc.xml::qc-025-relax-violation-analyzer::samuelmale ran successfully in 2ms
Running Changeset: liquibase/qc/010-manual-rdt-qc.xml::qc-026-qc-fail-hold-flag::samuelmale
Oct 08, 2026 8:55:12 AM liquibase.changelog
INFO: New row inserted into site_information
Oct 08, 2026 8:55:12 AM liquibase.changelog
INFO: ChangeSet liquibase/qc/010-manual-rdt-qc.xml::qc-026-qc-fail-hold-flag::samuelmale ran successfully in 1ms
Running Changeset: liquibase/qc/010-manual-rdt-qc.xml::qc-028-unique-active-control-lot::samuelmale
Oct 08, 2026 8:55:12 AM liquibase.changelog
INFO: Custom SQL executed
Oct 08, 2026 8:55:12 AM liquibase.changelog
INFO: ChangeSet liquibase/qc/010-manual-rdt-qc.xml::qc-028-unique-active-control-lot::samuelmale ran successfully in 2ms
Running Changeset: liquibase/qa/001-add-qa-menu-items.xml::qa-035-seed-qa-menu-tree::openelisglobal
Oct 08, 2026 8:55:12 AM liquibase.changelog
INFO: Custom SQL executed
Oct 08, 2026 8:55:12 AM liquibase.changelog
INFO: ChangeSet liquibase/qa/001-add-qa-menu-items.xml::qa-035-seed-qa-menu-tree::openelisglobal ran successfully in 3ms
Running Changeset: liquibase/qa/001-add-qa-menu-items.xml::qa-013-rehome-menu-nonconformity::openelisglobal
Oct 08, 2026 8:55:12 AM liquibase.changelog
INFO: Custom SQL executed
Oct 08, 2026 8:55:12 AM liquibase.changelog
INFO: ChangeSet liquibase/qa/001-add-qa-menu-items.xml::qa-013-rehome-menu-nonconformity::openelisglobal ran successfully in 1ms
Running Changeset: liquibase/qa/001-add-qa-menu-items.xml::qa-014-rehome-menu-audit-trail::openelisglobal
Oct 08, 2026 8:55:12 AM liquibase.changelog
INFO: Custom SQL executed
Oct 08, 2026 8:55:12 AM liquibase.changelog
INFO: ChangeSet liquibase/qa/001-add-qa-menu-items.xml::qa-014-rehome-menu-audit-trail::openelisglobal ran successfully in 2ms
Running Changeset: liquibase/qa/001-add-qa-menu-items.xml::qa-017-rehome-menu-eqa-groups::openelisglobal
Oct 08, 2026 8:55:12 AM liquibase.changelog
INFO: Custom SQL executed
Oct 08, 2026 8:55:12 AM liquibase.changelog
INFO: ChangeSet liquibase/qa/001-add-qa-menu-items.xml::qa-017-rehome-menu-eqa-groups::openelisglobal ran successfully in 2ms
Running Changeset: liquibase/qa/001-add-qa-menu-items.xml::qa-016-update-eqa-menu-urls::openelisglobal
Oct 08, 2026 8:55:12 AM liquibase.changelog
INFO: Custom SQL executed
Oct 08, 2026 8:55:12 AM liquibase.changelog
INFO: ChangeSet liquibase/qa/001-add-qa-menu-items.xml::qa-016-update-eqa-menu-urls::openelisglobal ran successfully in 5ms
Running Changeset: liquibase/qa/001-add-qa-menu-items.xml::qa-015-hide-legacy-analyzers-qc-menu::openelisglobal
Oct 08, 2026 8:55:12 AM liquibase.changelog
INFO: Custom SQL executed
Oct 08, 2026 8:55:12 AM liquibase.changelog
INFO: ChangeSet liquibase/qa/001-add-qa-menu-items.xml::qa-015-hide-legacy-analyzers-qc-menu::openelisglobal ran successfully in 2ms
Running Changeset: liquibase/qa/004-add-qa-permission-model.xml::qa-036-register-qa-permission-modules::openelisglobal
Oct 08, 2026 8:55:12 AM liquibase.changelog
INFO: Custom SQL executed
Oct 08, 2026 8:55:12 AM liquibase.changelog
INFO: ChangeSet liquibase/qa/004-add-qa-permission-model.xml::qa-036-register-qa-permission-modules::openelisglobal ran successfully in 2ms
Running Changeset: liquibase/qa/004-add-qa-permission-model.xml::qa-022-add-qa-officer-role::openelisglobal
Oct 08, 2026 8:55:12 AM liquibase.changelog
INFO: New row inserted into system_role
Oct 08, 2026 8:55:12 AM liquibase.changelog
INFO: ChangeSet liquibase/qa/004-add-qa-permission-model.xml::qa-022-add-qa-officer-role::openelisglobal ran successfully in 3ms
Running Changeset: liquibase/qa/004-add-qa-permission-model.xml::qa-037-grant-qa-permissions::openelisglobal
Oct 08, 2026 8:55:12 AM liquibase.changelog
INFO: Custom SQL executed
Oct 08, 2026 8:55:12 AM liquibase.changelog
INFO: ChangeSet liquibase/qa/004-add-qa-permission-model.xml::qa-037-grant-qa-permissions::openelisglobal ran successfully in 2ms
Running Changeset: liquibase/qa/007-create-qi-config-table.xml::qi-config-001-create-qi-config-table::openelisglobal
Oct 08, 2026 8:55:12 AM liquibase.changelog
INFO: Sequence qi_config_id_seq created
Oct 08, 2026 8:55:12 AM liquibase.changelog
INFO: Table qi_config created
Oct 08, 2026 8:55:12 AM liquibase.changelog
INFO: Custom SQL executed
Oct 08, 2026 8:55:12 AM liquibase.changelog
INFO: Foreign key constraint added to qi_config (test_category_id)
Oct 08, 2026 8:55:12 AM liquibase.changelog
INFO: Unique constraint added to qi_config(indicator_key, test_category_id)
Oct 08, 2026 8:55:12 AM liquibase.changelog
INFO: Custom SQL executed
Oct 08, 2026 8:55:12 AM liquibase.changelog
INFO: ChangeSet liquibase/qa/007-create-qi-config-table.xml::qi-config-001-create-qi-config-table::openelisglobal ran successfully in 26ms
Running Changeset: liquibase/qa/007-create-qi-config-table.xml::qi-config-002-register-audit-ref-table::openelisglobal
Oct 08, 2026 8:55:12 AM liquibase.changelog
INFO: New row inserted into reference_tables
Oct 08, 2026 8:55:12 AM liquibase.changelog
INFO: ChangeSet liquibase/qa/007-create-qi-config-table.xml::qi-config-002-register-audit-ref-table::openelisglobal ran successfully in 2ms
Running Changeset: liquibase/qa/007-create-qi-config-table.xml::qi-config-004-seed-default-indicators::openelisglobal
Oct 08, 2026 8:55:12 AM liquibase.changelog
INFO: Custom SQL executed
Oct 08, 2026 8:55:12 AM liquibase.changelog
INFO: ChangeSet liquibase/qa/007-create-qi-config-table.xml::qi-config-004-seed-default-indicators::openelisglobal ran successfully in 2ms
Running Changeset: liquibase/qa/008-create-critical-callback-table.xml::critical-callback-001-create-table::openelisglobal
Oct 08, 2026 8:55:12 AM liquibase.changelog
INFO: Table critical_callback created
Oct 08, 2026 8:55:12 AM liquibase.changelog
INFO: Custom SQL executed
Oct 08, 2026 8:55:12 AM liquibase.changelog
INFO: Foreign key constraint added to critical_callback (result_id)
Oct 08, 2026 8:55:12 AM liquibase.changelog
INFO: Foreign key constraint added to critical_callback (analysis_id)
Oct 08, 2026 8:55:12 AM liquibase.changelog
INFO: Index idx_critical_callback_analysis created
Oct 08, 2026 8:55:12 AM liquibase.changelog
INFO: ChangeSet liquibase/qa/008-create-critical-callback-table.xml::critical-callback-001-create-table::openelisglobal ran successfully in 20ms
Running Changeset: liquibase/qa/011-analysis-date-indexes.xml::qi-rejection-001-analysis-started-date-index::openelisglobal
Oct 08, 2026 8:55:12 AM liquibase.changelog
INFO: Index idx_analysis_started_date created
Oct 08, 2026 8:55:12 AM liquibase.changelog
INFO: ChangeSet liquibase/qa/011-analysis-date-indexes.xml::qi-rejection-001-analysis-started-date-index::openelisglobal ran successfully in 3ms
Running Changeset: liquibase/qa/011-analysis-date-indexes.xml::qi-callback-001-analysis-released-date-index::openelisglobal
Oct 08, 2026 8:55:12 AM liquibase.changelog
INFO: Index idx_analysis_released_date created
Oct 08, 2026 8:55:12 AM liquibase.changelog
INFO: ChangeSet liquibase/qa/011-analysis-date-indexes.xml::qi-callback-001-analysis-released-date-index::openelisglobal ran successfully in 2ms
Running Changeset: liquibase/qa/013-create-accreditation-tables.xml::accreditation-001-create-accrediting-body::openelisglobal
Oct 08, 2026 8:55:12 AM liquibase.changelog
INFO: Sequence accrediting_body_id_seq created
Oct 08, 2026 8:55:12 AM liquibase.changelog
INFO: Table accrediting_body created
Oct 08, 2026 8:55:12 AM liquibase.changelog
INFO: Custom SQL executed
Oct 08, 2026 8:55:12 AM liquibase.changelog
INFO: Custom SQL executed
Oct 08, 2026 8:55:12 AM liquibase.changelog
INFO: Foreign key constraint added to accrediting_body (logo_image_id)
Oct 08, 2026 8:55:12 AM liquibase.changelog
INFO: ChangeSet liquibase/qa/013-create-accreditation-tables.xml::accreditation-001-create-accrediting-body::openelisglobal ran successfully in 21ms
Running Changeset: liquibase/qa/013-create-accreditation-tables.xml::accreditation-002-create-test-accreditation::openelisglobal
Oct 08, 2026 8:55:12 AM liquibase.changelog
INFO: Sequence test_accreditation_id_seq created
Oct 08, 2026 8:55:12 AM liquibase.changelog
INFO: Table test_accreditation created
Oct 08, 2026 8:55:12 AM liquibase.changelog
INFO: Foreign key constraint added to test_accreditation (test_id)
Oct 08, 2026 8:55:12 AM liquibase.changelog
INFO: Foreign key constraint added to test_accreditation (accrediting_body_id)
Oct 08, 2026 8:55:12 AM liquibase.changelog
INFO: Unique constraint added to test_accreditation(test_id, accrediting_body_id)
Oct 08, 2026 8:55:12 AM liquibase.changelog
INFO: Index idx_test_accreditation_body created
Oct 08, 2026 8:55:12 AM liquibase.changelog
INFO: Index idx_test_accreditation_test created
Oct 08, 2026 8:55:12 AM liquibase.changelog
INFO: ChangeSet liquibase/qa/013-create-accreditation-tables.xml::accreditation-002-create-test-accreditation::openelisglobal ran successfully in 22ms
Running Changeset: liquibase/qa/013-create-accreditation-tables.xml::accreditation-003-register-audit-ref-tables::openelisglobal
Oct 08, 2026 8:55:12 AM liquibase.changelog
INFO: New row inserted into reference_tables
Oct 08, 2026 8:55:12 AM liquibase.changelog
INFO: New row inserted into reference_tables
Oct 08, 2026 8:55:12 AM liquibase.changelog
INFO: ChangeSet liquibase/qa/013-create-accreditation-tables.xml::accreditation-003-register-audit-ref-tables::openelisglobal ran successfully in 2ms
Running Changeset: liquibase/qa/040-eqa-v2-start-tag.xml::qa-079-tag-eqa-v2-start::openelisglobal
Oct 08, 2026 8:55:12 AM liquibase.changelog
INFO: Tag 'eqa-v2-start' applied to database
Oct 08, 2026 8:55:12 AM liquibase.changelog
INFO: ChangeSet liquibase/qa/040-eqa-v2-start-tag.xml::qa-079-tag-eqa-v2-start::openelisglobal ran successfully in 19ms
Running Changeset: liquibase/qa/041-clear-stale-eqa-v2-start-tag.xml::qa-080-clear-stale-eqa-v2-start-tag::openelisglobal
Oct 08, 2026 8:55:12 AM liquibase.changelog
INFO: Custom SQL executed
Oct 08, 2026 8:55:12 AM liquibase.changelog
INFO: ChangeSet liquibase/qa/041-clear-stale-eqa-v2-start-tag.xml::qa-080-clear-stale-eqa-v2-start-tag::openelisglobal ran successfully in 1ms
Running Changeset: liquibase/qa/015-create-eqa-cycle-tables.xml::eqa-cycle-001-create-eqa-cycle::openelisglobal
Oct 08, 2026 8:55:12 AM liquibase.changelog
INFO: Sequence eqa_cycle_seq created
Oct 08, 2026 8:55:12 AM liquibase.changelog
INFO: Table eqa_cycle created
Oct 08, 2026 8:55:12 AM liquibase.changelog
INFO: Unique constraint added to eqa_cycle(scheme_id, cycle_number)
Oct 08, 2026 8:55:12 AM liquibase.changelog
INFO: Foreign key constraint added to eqa_cycle (scheme_id)
Oct 08, 2026 8:55:12 AM liquibase.changelog
INFO: Foreign key constraint added to eqa_cycle (created_by)
Oct 08, 2026 8:55:12 AM liquibase.changelog
INFO: Custom SQL executed
Oct 08, 2026 8:55:12 AM liquibase.changelog
INFO: ChangeSet liquibase/qa/015-create-eqa-cycle-tables.xml::eqa-cycle-001-create-eqa-cycle::openelisglobal ran successfully in 23ms
Running Changeset: liquibase/qa/015-create-eqa-cycle-tables.xml::eqa-cycle-002-create-eqa-round::openelisglobal
Oct 08, 2026 8:55:12 AM liquibase.changelog
INFO: Sequence eqa_round_seq created
Oct 08, 2026 8:55:12 AM liquibase.changelog
INFO: Table eqa_round created
Oct 08, 2026 8:55:12 AM liquibase.changelog
INFO: Unique constraint added to eqa_round(cycle_id, round_number)
Oct 08, 2026 8:55:12 AM liquibase.changelog
INFO: Foreign key constraint added to eqa_round (cycle_id)
Oct 08, 2026 8:55:12 AM liquibase.changelog
INFO: ChangeSet liquibase/qa/015-create-eqa-cycle-tables.xml::eqa-cycle-002-create-eqa-round::openelisglobal ran successfully in 22ms
Running Changeset: liquibase/qa/015-create-eqa-cycle-tables.xml::eqa-cycle-003-create-eqa-cycle-state-transition::openelisglobal
Oct 08, 2026 8:55:12 AM liquibase.changelog
INFO: Sequence eqa_cycle_state_transition_seq created
Oct 08, 2026 8:55:12 AM liquibase.changelog
INFO: Table eqa_cycle_state_transition created
Oct 08, 2026 8:55:12 AM liquibase.changelog
INFO: Foreign key constraint added to eqa_cycle_state_transition (cycle_id)
Oct 08, 2026 8:55:12 AM liquibase.changelog
INFO: Foreign key constraint added to eqa_cycle_state_transition (triggered_by)
Oct 08, 2026 8:55:12 AM liquibase.changelog
INFO: Custom SQL executed
Oct 08, 2026 8:55:12 AM liquibase.changelog
INFO: Custom SQL executed
Oct 08, 2026 8:55:12 AM liquibase.changelog
INFO: Custom SQL executed
Oct 08, 2026 8:55:12 AM liquibase.changelog
INFO: Index idx_eqa_cycle_state_transition_cycle_occurred created
Oct 08, 2026 8:55:12 AM liquibase.changelog
INFO: ChangeSet liquibase/qa/015-create-eqa-cycle-tables.xml::eqa-cycle-003-create-eqa-cycle-state-transition::openelisglobal ran successfully in 23ms
Running Changeset: liquibase/qa/016-create-eqa-participant-result.xml::eqa-cycle-004-create-eqa-participant-result::openelisglobal
Oct 08, 2026 8:55:12 AM liquibase.changelog
INFO: Sequence eqa_participant_result_seq created
Oct 08, 2026 8:55:12 AM liquibase.changelog
INFO: Table eqa_participant_result created
Oct 08, 2026 8:55:12 AM liquibase.changelog
INFO: Unique constraint added to eqa_participant_result(round_id, lab_enrollment_id, analyte_id)
Oct 08, 2026 8:55:12 AM liquibase.changelog
INFO: Foreign key constraint added to eqa_participant_result (cycle_id)
Oct 08, 2026 8:55:12 AM liquibase.changelog
INFO: Foreign key constraint added to eqa_participant_result (round_id)
Oct 08, 2026 8:55:12 AM liquibase.changelog
INFO: Foreign key constraint added to eqa_participant_result (lab_enrollment_id)
Oct 08, 2026 8:55:12 AM liquibase.changelog
INFO: Foreign key constraint added to eqa_participant_result (analyte_id)
Oct 08, 2026 8:55:12 AM liquibase.changelog
INFO: Foreign key constraint added to eqa_participant_result (analysis_id)
Oct 08, 2026 8:55:12 AM liquibase.changelog
INFO: Foreign key constraint added to eqa_participant_result (assigned_analyst_id)
Oct 08, 2026 8:55:12 AM liquibase.changelog
INFO: Foreign key constraint added to eqa_participant_result (entered_by)
Oct 08, 2026 8:55:12 AM liquibase.changelog
INFO: Foreign key constraint added to eqa_participant_result (eqa_result_id)
Oct 08, 2026 8:55:12 AM liquibase.changelog
INFO: Custom SQL executed
Oct 08, 2026 8:55:12 AM liquibase.changelog
INFO: Custom SQL executed
Oct 08, 2026 8:55:12 AM liquibase.changelog
INFO: Index idx_eqa_participant_result_cycle_lab_status created
Oct 08, 2026 8:55:12 AM liquibase.changelog
INFO: ChangeSet liquibase/qa/016-create-eqa-participant-result.xml::eqa-cycle-004-create-eqa-participant-result::openelisglobal ran successfully in 29ms
Running Changeset: liquibase/qa/016-create-eqa-participant-result.xml::eqa-cycle-005-alter-eqa-distribution::openelisglobal
Oct 08, 2026 8:55:12 AM liquibase.changelog
INFO: Columns cycle_id(numeric(10,0)),round_id(numeric(10,0)) added to eqa_distribution
Oct 08, 2026 8:55:12 AM liquibase.changelog
INFO: Foreign key constraint added to eqa_distribution (cycle_id)
Oct 08, 2026 8:55:12 AM liquibase.changelog
INFO: Foreign key constraint added to eqa_distribution (round_id)
Oct 08, 2026 8:55:12 AM liquibase.changelog
INFO: ChangeSet liquibase/qa/016-create-eqa-participant-result.xml::eqa-cycle-005-alter-eqa-distribution::openelisglobal ran successfully in 3ms
Running Changeset: liquibase/qa/016-create-eqa-participant-result.xml::eqa-cycle-006-alter-sample-eqa::openelisglobal
Oct 08, 2026 8:55:12 AM liquibase.changelog
INFO: Columns cycle_id(numeric(10,0)),round_id(numeric(10,0)) added to sample_eqa
Oct 08, 2026 8:55:12 AM liquibase.changelog
INFO: Foreign key constraint added to sample_eqa (cycle_id)
Oct 08, 2026 8:55:12 AM liquibase.changelog
INFO: Foreign key constraint added to sample_eqa (round_id)
Oct 08, 2026 8:55:12 AM liquibase.changelog
INFO: ChangeSet liquibase/qa/016-create-eqa-participant-result.xml::eqa-cycle-006-alter-sample-eqa::openelisglobal ran successfully in 5ms
Running Changeset: liquibase/qa/016-create-eqa-participant-result.xml::eqa-cycle-007-eqa-program-scheme-type::openelisglobal
Oct 08, 2026 8:55:12 AM liquibase.changelog
INFO: Columns scheme_type(VARCHAR(30)) added to eqa_program
Oct 08, 2026 8:55:12 AM liquibase.changelog
INFO: Custom SQL executed
Oct 08, 2026 8:55:12 AM liquibase.changelog
INFO: ChangeSet liquibase/qa/016-create-eqa-participant-result.xml::eqa-cycle-007-eqa-program-scheme-type::openelisglobal ran successfully in 4ms
Running Changeset: liquibase/qa/017-create-eqa-panel-tables.xml::eqa-panel-001-create-eqa-panel::openelisglobal
Oct 08, 2026 8:55:12 AM liquibase.changelog
INFO: Sequence eqa_panel_seq created
Oct 08, 2026 8:55:12 AM liquibase.changelog
INFO: Table eqa_panel created
Oct 08, 2026 8:55:12 AM liquibase.changelog
INFO: Foreign key constraint added to eqa_panel (scheme_id)
Oct 08, 2026 8:55:12 AM liquibase.changelog
INFO: Foreign key constraint added to eqa_panel (cycle_id)
Oct 08, 2026 8:55:12 AM liquibase.changelog
INFO: Foreign key constraint added to eqa_panel (prepared_by)
Oct 08, 2026 8:55:12 AM liquibase.changelog
INFO: Custom SQL executed
Oct 08, 2026 8:55:12 AM liquibase.changelog
INFO: Custom SQL executed
Oct 08, 2026 8:55:12 AM liquibase.changelog
INFO: Custom SQL executed
Oct 08, 2026 8:55:12 AM liquibase.changelog
INFO: Custom SQL executed
Oct 08, 2026 8:55:12 AM liquibase.changelog
INFO: Index idx_eqa_panel_cycle created
Oct 08, 2026 8:55:12 AM liquibase.changelog
INFO: ChangeSet liquibase/qa/017-create-eqa-panel-tables.xml::eqa-panel-001-create-eqa-panel::openelisglobal ran successfully in 30ms
Running Changeset: liquibase/qa/017-create-eqa-panel-tables.xml::eqa-panel-002-create-eqa-panel-sample::openelisglobal
Oct 08, 2026 8:55:12 AM liquibase.changelog
INFO: Sequence eqa_panel_sample_seq created
Oct 08, 2026 8:55:12 AM liquibase.changelog
INFO: Table eqa_panel_sample created
Oct 08, 2026 8:55:12 AM liquibase.changelog
INFO: Unique constraint added to eqa_panel_sample(panel_id, sample_code)
Oct 08, 2026 8:55:12 AM liquibase.changelog
INFO: Foreign key constraint added to eqa_panel_sample (panel_id)
Oct 08, 2026 8:55:12 AM liquibase.changelog
INFO: Foreign key constraint added to eqa_panel_sample (analyte_id)
Oct 08, 2026 8:55:12 AM liquibase.changelog
INFO: Custom SQL executed
Oct 08, 2026 8:55:12 AM liquibase.changelog
INFO: ChangeSet liquibase/qa/017-create-eqa-panel-tables.xml::eqa-panel-002-create-eqa-panel-sample::openelisglobal ran successfully in 26ms
Running Changeset: liquibase/qa/017-create-eqa-panel-tables.xml::eqa-panel-003-create-eqa-scheme-analyst::openelisglobal
Oct 08, 2026 8:55:12 AM liquibase.changelog
INFO: Sequence eqa_scheme_analyst_seq created
Oct 08, 2026 8:55:12 AM liquibase.changelog
INFO: Table eqa_scheme_analyst created
Oct 08, 2026 8:55:12 AM liquibase.changelog
INFO: Unique constraint added to eqa_scheme_analyst(scheme_id, system_user_id)
Oct 08, 2026 8:55:12 AM liquibase.changelog
INFO: Foreign key constraint added to eqa_scheme_analyst (scheme_id)
Oct 08, 2026 8:55:12 AM liquibase.changelog
INFO: Foreign key constraint added to eqa_scheme_analyst (system_user_id)
Oct 08, 2026 8:55:12 AM liquibase.changelog
INFO: ChangeSet liquibase/qa/017-create-eqa-panel-tables.xml::eqa-panel-003-create-eqa-scheme-analyst::openelisglobal ran successfully in 28ms
Running Changeset: liquibase/qa/018-create-eqa-followup-receipt-competency.xml::eqa-followup-001-create-eqa-participant-followup::openelisglobal
Oct 08, 2026 8:55:12 AM liquibase.changelog
INFO: Sequence eqa_participant_followup_seq created
Oct 08, 2026 8:55:12 AM liquibase.changelog
INFO: Table eqa_participant_followup created
Oct 08, 2026 8:55:12 AM liquibase.changelog
INFO: Unique constraint added to eqa_participant_followup(cycle_id, participant_org_id)
Oct 08, 2026 8:55:12 AM liquibase.changelog
INFO: Foreign key constraint added to eqa_participant_followup (scheme_id)
Oct 08, 2026 8:55:12 AM liquibase.changelog
INFO: Foreign key constraint added to eqa_participant_followup (cycle_id)
Oct 08, 2026 8:55:12 AM liquibase.changelog
INFO: Foreign key constraint added to eqa_participant_followup (participant_org_id)
Oct 08, 2026 8:55:12 AM liquibase.changelog
INFO: Foreign key constraint added to eqa_participant_followup (assigned_to)
Oct 08, 2026 8:55:12 AM liquibase.changelog
INFO: Custom SQL executed
Oct 08, 2026 8:55:12 AM liquibase.changelog
INFO: ChangeSet liquibase/qa/018-create-eqa-followup-receipt-competency.xml::eqa-followup-001-create-eqa-participant-followup::openelisglobal ran successfully in 32ms
Running Changeset: liquibase/qa/018-create-eqa-followup-receipt-competency.xml::eqa-followup-002-create-eqa-panel-receipt::openelisglobal
Oct 08, 2026 8:55:12 AM liquibase.changelog
INFO: Sequence eqa_panel_receipt_seq created
Oct 08, 2026 8:55:12 AM liquibase.changelog
INFO: Table eqa_panel_receipt created
Oct 08, 2026 8:55:12 AM liquibase.changelog
INFO: Unique constraint added to eqa_panel_receipt(cycle_id, lab_enrollment_id)
Oct 08, 2026 8:55:12 AM liquibase.changelog
INFO: Foreign key constraint added to eqa_panel_receipt (cycle_id)
Oct 08, 2026 8:55:12 AM liquibase.changelog
INFO: Foreign key constraint added to eqa_panel_receipt (lab_enrollment_id)
Oct 08, 2026 8:55:12 AM liquibase.changelog
INFO: Foreign key constraint added to eqa_panel_receipt (shipment_id)
Oct 08, 2026 8:55:12 AM liquibase.changelog
INFO: Foreign key constraint added to eqa_panel_receipt (received_by)
Oct 08, 2026 8:55:12 AM liquibase.changelog
INFO: ChangeSet liquibase/qa/018-create-eqa-followup-receipt-competency.xml::eqa-followup-002-create-eqa-panel-receipt::openelisglobal ran successfully in 24ms
Running Changeset: liquibase/qa/018-create-eqa-followup-receipt-competency.xml::eqa-followup-003-create-eqa-analyst-competency-event::openelisglobal
Oct 08, 2026 8:55:12 AM liquibase.changelog
INFO: Sequence eqa_analyst_competency_event_seq created
Oct 08, 2026 8:55:12 AM liquibase.changelog
INFO: Table eqa_analyst_competency_event created
Oct 08, 2026 8:55:13 AM liquibase.changelog
INFO: Foreign key constraint added to eqa_analyst_competency_event (analyst_id)
Oct 08, 2026 8:55:13 AM liquibase.changelog
INFO: Foreign key constraint added to eqa_analyst_competency_event (scheme_id)
Oct 08, 2026 8:55:13 AM liquibase.changelog
INFO: Foreign key constraint added to eqa_analyst_competency_event (cycle_id)
Oct 08, 2026 8:55:13 AM liquibase.changelog
INFO: Foreign key constraint added to eqa_analyst_competency_event (participant_result_id)
Oct 08, 2026 8:55:13 AM liquibase.changelog
INFO: Foreign key constraint added to eqa_analyst_competency_event (analyte_id)
Oct 08, 2026 8:55:13 AM liquibase.changelog
INFO: Foreign key constraint added to eqa_analyst_competency_event (nce_id)
Oct 08, 2026 8:55:13 AM liquibase.changelog
INFO: Custom SQL executed
Oct 08, 2026 8:55:13 AM liquibase.changelog
INFO: Custom SQL executed
Oct 08, 2026 8:55:13 AM liquibase.changelog
INFO: ChangeSet liquibase/qa/018-create-eqa-followup-receipt-competency.xml::eqa-followup-003-create-eqa-analyst-competency-event::openelisglobal ran successfully in 27ms
Running Changeset: liquibase/qa/019-add-eqa-v2-menus-permissions.xml::qa-039-add-menu-eqa-my-cycles::openelisglobal
Oct 08, 2026 8:55:13 AM liquibase.changelog
INFO: New row inserted into menu
Oct 08, 2026 8:55:13 AM liquibase.changelog
INFO: ChangeSet liquibase/qa/019-add-eqa-v2-menus-permissions.xml::qa-039-add-menu-eqa-my-cycles::openelisglobal ran successfully in 2ms
Running Changeset: liquibase/qa/019-add-eqa-v2-menus-permissions.xml::qa-040-add-menu-eqa-lab-performance::openelisglobal
Oct 08, 2026 8:55:13 AM liquibase.changelog
INFO: New row inserted into menu
Oct 08, 2026 8:55:13 AM liquibase.changelog
INFO: ChangeSet liquibase/qa/019-add-eqa-v2-menus-permissions.xml::qa-040-add-menu-eqa-lab-performance::openelisglobal ran successfully in 2ms
Running Changeset: liquibase/qa/019-add-eqa-v2-menus-permissions.xml::qa-041-add-menu-eqa-follow-up-queue::openelisglobal
Oct 08, 2026 8:55:13 AM liquibase.changelog
INFO: New row inserted into menu
Oct 08, 2026 8:55:13 AM liquibase.changelog
INFO: ChangeSet liquibase/qa/019-add-eqa-v2-menus-permissions.xml::qa-041-add-menu-eqa-follow-up-queue::openelisglobal ran successfully in 1ms
Running Changeset: liquibase/qa/019-add-eqa-v2-menus-permissions.xml::qa-042-add-menu-eqa-analyst-competency::openelisglobal
Oct 08, 2026 8:55:13 AM liquibase.changelog
INFO: New row inserted into menu
Oct 08, 2026 8:55:13 AM liquibase.changelog
INFO: ChangeSet liquibase/qa/019-add-eqa-v2-menus-permissions.xml::qa-042-add-menu-eqa-analyst-competency::openelisglobal ran successfully in 1ms
Running Changeset: liquibase/qa/019-add-eqa-v2-menus-permissions.xml::qa-043-add-menu-eqa-provider::openelisglobal
Oct 08, 2026 8:55:13 AM liquibase.changelog
INFO: New row inserted into menu
Oct 08, 2026 8:55:13 AM liquibase.changelog
INFO: ChangeSet liquibase/qa/019-add-eqa-v2-menus-permissions.xml::qa-043-add-menu-eqa-provider::openelisglobal ran successfully in 1ms
Running Changeset: liquibase/qa/019-add-eqa-v2-menus-permissions.xml::qa-044-add-eqa-v2-permission-tiers::openelisglobal
Oct 08, 2026 8:55:13 AM liquibase.changelog
INFO: New row inserted into system_module
Oct 08, 2026 8:55:13 AM liquibase.changelog
INFO: New row inserted into system_module
Oct 08, 2026 8:55:13 AM liquibase.changelog
INFO: New row inserted into system_module
Oct 08, 2026 8:55:13 AM liquibase.changelog
INFO: New row inserted into system_module
Oct 08, 2026 8:55:13 AM liquibase.changelog
INFO: ChangeSet liquibase/qa/019-add-eqa-v2-menus-permissions.xml::qa-044-add-eqa-v2-permission-tiers::openelisglobal ran successfully in 4ms
Running Changeset: liquibase/qa/019-add-eqa-v2-menus-permissions.xml::qa-045-grant-eqa-v2-permission-tiers::openelisglobal
Oct 08, 2026 8:55:13 AM liquibase.changelog
INFO: Custom SQL executed
Oct 08, 2026 8:55:13 AM liquibase.changelog
INFO: ChangeSet liquibase/qa/019-add-eqa-v2-menus-permissions.xml::qa-045-grant-eqa-v2-permission-tiers::openelisglobal ran successfully in 3ms
Running Changeset: liquibase/qa/020-add-shipment-repeat-of.xml::qa-038-add-shipment-repeat-of::openelisglobal
Oct 08, 2026 8:55:13 AM liquibase.changelog
INFO: Columns repeat_of_shipment_id(INTEGER) added to shipment
Oct 08, 2026 8:55:13 AM liquibase.changelog
INFO: Foreign key constraint added to shipment (repeat_of_shipment_id)
Oct 08, 2026 8:55:13 AM liquibase.changelog
INFO: ChangeSet liquibase/qa/020-add-shipment-repeat-of.xml::qa-038-add-shipment-repeat-of::openelisglobal ran successfully in 3ms
Running Changeset: liquibase/qa/023-add-eqa-manage-permission.xml::qa-035-add-qa-manage-eqa-module::openelisglobal
Oct 08, 2026 8:55:13 AM liquibase.changelog
INFO: New row inserted into system_module
Oct 08, 2026 8:55:13 AM liquibase.changelog
INFO: ChangeSet liquibase/qa/023-add-eqa-manage-permission.xml::qa-035-add-qa-manage-eqa-module::openelisglobal ran successfully in 2ms
Running Changeset: liquibase/qa/023-add-eqa-manage-permission.xml::qa-036-grant-qa-manage-eqa::openelisglobal
Oct 08, 2026 8:55:13 AM liquibase.changelog
INFO: Custom SQL executed
Oct 08, 2026 8:55:13 AM liquibase.changelog
INFO: ChangeSet liquibase/qa/023-add-eqa-manage-permission.xml::qa-036-grant-qa-manage-eqa::openelisglobal ran successfully in 2ms
Running Changeset: liquibase/qa/024-extend-eqa-trigger-event-check.xml::qa-037-add-panel-receipt-trigger-event::openelisglobal
Oct 08, 2026 8:55:13 AM liquibase.changelog
INFO: Custom SQL executed
Oct 08, 2026 8:55:13 AM liquibase.changelog
INFO: ChangeSet liquibase/qa/024-extend-eqa-trigger-event-check.xml::qa-037-add-panel-receipt-trigger-event::openelisglobal ran successfully in 2ms
Running Changeset: liquibase/qa/025-add-eqa-scheme-review-gate.xml::qa-046-add-eqa-program-requires-cycle-review::openelisglobal
Oct 08, 2026 8:55:13 AM liquibase.changelog
INFO: Columns requires_cycle_review(BOOLEAN) added to eqa_program
Oct 08, 2026 8:55:13 AM liquibase.changelog
INFO: ChangeSet liquibase/qa/025-add-eqa-scheme-review-gate.xml::qa-046-add-eqa-program-requires-cycle-review::openelisglobal ran successfully in 2ms
Running Changeset: liquibase/qa/026-grant-eqa-participant-to-bench-roles.xml::qa-051-grant-eqa-participant-to-bench-roles::openelisglobal
Oct 08, 2026 8:55:13 AM liquibase.changelog
INFO: Custom SQL executed
Oct 08, 2026 8:55:13 AM liquibase.changelog
INFO: ChangeSet liquibase/qa/026-grant-eqa-participant-to-bench-roles.xml::qa-051-grant-eqa-participant-to-bench-roles::openelisglobal ran successfully in 2ms
Running Changeset: liquibase/qa/027-add-eqa-scoring-and-unblind-provenance.xml::qa-047-add-participant-result-scoring-columns::openelisglobal
Oct 08, 2026 8:55:13 AM liquibase.changelog
INFO: Columns performance_status(VARCHAR(20)),z_score(numeric(10,5)) added to eqa_participant_result
Oct 08, 2026 8:55:13 AM liquibase.changelog
INFO: Custom SQL executed
Oct 08, 2026 8:55:13 AM liquibase.changelog
INFO: ChangeSet liquibase/qa/027-add-eqa-scoring-and-unblind-provenance.xml::qa-047-add-participant-result-scoring-columns::openelisglobal ran successfully in 3ms
Running Changeset: liquibase/qa/027-add-eqa-scoring-and-unblind-provenance.xml::qa-048-add-participant-result-panel-sample::openelisglobal
Oct 08, 2026 8:55:13 AM liquibase.changelog
INFO: Columns panel_sample_id(numeric(10,0)) added to eqa_participant_result
Oct 08, 2026 8:55:13 AM liquibase.changelog
INFO: Foreign key constraint added to eqa_participant_result (panel_sample_id)
Oct 08, 2026 8:55:13 AM liquibase.changelog
INFO: ChangeSet liquibase/qa/027-add-eqa-scoring-and-unblind-provenance.xml::qa-048-add-participant-result-panel-sample::openelisglobal ran successfully in 3ms
Running Changeset: liquibase/qa/027-add-eqa-scoring-and-unblind-provenance.xml::qa-049-split-participant-result-uniqueness::openelisglobal
Oct 08, 2026 8:55:13 AM liquibase.changelog
INFO: Custom SQL executed
Oct 08, 2026 8:55:13 AM liquibase.changelog
INFO: ChangeSet liquibase/qa/027-add-eqa-scoring-and-unblind-provenance.xml::qa-049-split-participant-result-uniqueness::openelisglobal ran successfully in 2ms
Running Changeset: liquibase/qa/027-add-eqa-scoring-and-unblind-provenance.xml::qa-050-add-panel-unblind-provenance::openelisglobal
Oct 08, 2026 8:55:13 AM liquibase.changelog
INFO: Columns unblind_method(VARCHAR(20)),unblinded_by(numeric(10,0)),unblinded_at(TIMESTAMP WITHOUT TIME ZONE) added to eqa_panel
Oct 08, 2026 8:55:13 AM liquibase.changelog
INFO: Custom SQL executed
Oct 08, 2026 8:55:13 AM liquibase.changelog
INFO: ChangeSet liquibase/qa/027-add-eqa-scoring-and-unblind-provenance.xml::qa-050-add-panel-unblind-provenance::openelisglobal ran successfully in 3ms
Running Changeset: liquibase/qa/028-eqa-shipment-workbench.xml::qa-052-add-shipping-box-eqa-cycle::openelisglobal
Oct 08, 2026 8:55:13 AM liquibase.changelog
INFO: Columns eqa_cycle_id(BIGINT) added to shipping_box
Oct 08, 2026 8:55:13 AM liquibase.changelog
INFO: Foreign key constraint added to shipping_box (eqa_cycle_id)
Oct 08, 2026 8:55:13 AM liquibase.changelog
INFO: Index idx_shipping_box_eqa_cycle created
Oct 08, 2026 8:55:13 AM liquibase.changelog
INFO: ChangeSet liquibase/qa/028-eqa-shipment-workbench.xml::qa-052-add-shipping-box-eqa-cycle::openelisglobal ran successfully in 4ms
Running Changeset: liquibase/qa/028-eqa-shipment-workbench.xml::qa-053-add-first-shipment-sent-trigger-event::openelisglobal
Oct 08, 2026 8:55:13 AM liquibase.changelog
INFO: Custom SQL executed
Oct 08, 2026 8:55:13 AM liquibase.changelog
INFO: ChangeSet liquibase/qa/028-eqa-shipment-workbench.xml::qa-053-add-first-shipment-sent-trigger-event::openelisglobal ran successfully in 3ms
Running Changeset: liquibase/qa/029-fix-eqa-my-cycles-menu-url.xml::qa-054-fix-menu-eqa-my-cycles-url::openelisglobal
Oct 08, 2026 8:55:13 AM liquibase.changelog
INFO: Data updated in menu
Oct 08, 2026 8:55:13 AM liquibase.changelog
INFO: ChangeSet liquibase/qa/029-fix-eqa-my-cycles-menu-url.xml::qa-054-fix-menu-eqa-my-cycles-url::openelisglobal ran successfully in 1ms
Running Changeset: liquibase/qa/029-fix-eqa-my-cycles-menu-url.xml::qa-055-hide-eqa-v2-menu-rows-without-pages::openelisglobal
Oct 08, 2026 8:55:13 AM liquibase.changelog
INFO: Data updated in menu
Oct 08, 2026 8:55:13 AM liquibase.changelog
INFO: ChangeSet liquibase/qa/029-fix-eqa-my-cycles-menu-url.xml::qa-055-hide-eqa-v2-menu-rows-without-pages::openelisglobal ran successfully in 2ms
Running Changeset: liquibase/qa/030-add-eqa-cycle-submission-retry.xml::qa-056-add-eqa-cycle-submission-retry::openelisglobal
Oct 08, 2026 8:55:13 AM liquibase.changelog
INFO: Columns submission_attempts(numeric(2,0)),last_submission_attempt_at(TIMESTAMP WITHOUT TIME ZONE) added to eqa_cycle
Oct 08, 2026 8:55:13 AM liquibase.changelog
INFO: Custom SQL executed
Oct 08, 2026 8:55:13 AM liquibase.changelog
INFO: ChangeSet liquibase/qa/030-add-eqa-cycle-submission-retry.xml::qa-056-add-eqa-cycle-submission-retry::openelisglobal ran successfully in 3ms
Running Changeset: liquibase/qa/030-add-eqa-cycle-submission-retry.xml::qa-057-extend-alert-type-check-for-eqa-submission::openelisglobal
Oct 08, 2026 8:55:13 AM liquibase.changelog
INFO: Custom SQL executed
Oct 08, 2026 8:55:13 AM liquibase.changelog
INFO: ChangeSet liquibase/qa/030-add-eqa-cycle-submission-retry.xml::qa-057-extend-alert-type-check-for-eqa-submission::openelisglobal ran successfully in 3ms
Running Changeset: liquibase/qa/030-add-eqa-cycle-submission-retry.xml::qa-058-add-enrollment-test-map-analyte::openelisglobal
Oct 08, 2026 8:55:13 AM liquibase.changelog
INFO: Columns analyte_id(numeric(10,0)) added to eqa_lab_enrollment_test_map
Oct 08, 2026 8:55:13 AM liquibase.changelog
INFO: Foreign key constraint added to eqa_lab_enrollment_test_map (analyte_id)
Oct 08, 2026 8:55:13 AM liquibase.changelog
INFO: ChangeSet liquibase/qa/030-add-eqa-cycle-submission-retry.xml::qa-058-add-enrollment-test-map-analyte::openelisglobal ran successfully in 2ms
Running Changeset: liquibase/qa/031-add-eqa-in-house-menu.xml::qa-059-add-menu-eqa-in-house::openelisglobal
Oct 08, 2026 8:55:13 AM liquibase.changelog
INFO: New row inserted into menu
Oct 08, 2026 8:55:13 AM liquibase.changelog
INFO: ChangeSet liquibase/qa/031-add-eqa-in-house-menu.xml::qa-059-add-menu-eqa-in-house::openelisglobal ran successfully in 2ms
Running Changeset: liquibase/qa/032-eqa-report-comments.xml::qa-060-seed-eqa-report-comment-library::openelisglobal
Oct 08, 2026 8:55:13 AM liquibase.changelog
INFO: New row inserted into dictionary_category
Oct 08, 2026 8:55:13 AM liquibase.changelog
INFO: New row inserted into dictionary
Oct 08, 2026 8:55:13 AM liquibase.changelog
INFO: New row inserted into dictionary
Oct 08, 2026 8:55:13 AM liquibase.changelog
INFO: New row inserted into dictionary
Oct 08, 2026 8:55:13 AM liquibase.changelog
INFO: New row inserted into dictionary
Oct 08, 2026 8:55:13 AM liquibase.changelog
INFO: New row inserted into dictionary
Oct 08, 2026 8:55:13 AM liquibase.changelog
INFO: New row inserted into dictionary
Oct 08, 2026 8:55:13 AM liquibase.changelog
INFO: ChangeSet liquibase/qa/032-eqa-report-comments.xml::qa-060-seed-eqa-report-comment-library::openelisglobal ran successfully in 4ms
Running Changeset: liquibase/qa/032-eqa-report-comments.xml::qa-061-register-eqa-cycle-ref-table::openelisglobal
Oct 08, 2026 8:55:13 AM liquibase.changelog
INFO: New row inserted into reference_tables
Oct 08, 2026 8:55:13 AM liquibase.changelog
INFO: ChangeSet liquibase/qa/032-eqa-report-comments.xml::qa-061-register-eqa-cycle-ref-table::openelisglobal ran successfully in 2ms
Running Changeset: liquibase/qa/033-eqa-oversight-menu-rows.xml::qa-062-activate-menu-eqa-follow-up-queue::openelisglobal
Oct 08, 2026 8:55:13 AM liquibase.changelog
INFO: Data updated in menu
Oct 08, 2026 8:55:13 AM liquibase.changelog
INFO: ChangeSet liquibase/qa/033-eqa-oversight-menu-rows.xml::qa-062-activate-menu-eqa-follow-up-queue::openelisglobal ran successfully in 1ms
Running Changeset: liquibase/qa/033-eqa-oversight-menu-rows.xml::qa-063-activate-menu-eqa-lab-performance::openelisglobal
Oct 08, 2026 8:55:13 AM liquibase.changelog
INFO: Data updated in menu
Oct 08, 2026 8:55:13 AM liquibase.changelog
INFO: ChangeSet liquibase/qa/033-eqa-oversight-menu-rows.xml::qa-063-activate-menu-eqa-lab-performance::openelisglobal ran successfully in 1ms
Running Changeset: liquibase/qa/034-eqa-cycle-distribution-method.xml::qa-064-add-eqa-cycle-distribution-method::openelisglobal
Oct 08, 2026 8:55:13 AM liquibase.changelog
INFO: Columns distribution_method(VARCHAR(10)) added to eqa_cycle
Oct 08, 2026 8:55:13 AM liquibase.changelog
INFO: ChangeSet liquibase/qa/034-eqa-cycle-distribution-method.xml::qa-064-add-eqa-cycle-distribution-method::openelisglobal ran successfully in 2ms
Running Changeset: liquibase/qa/034-eqa-cycle-distribution-method.xml::qa-065-check-eqa-cycle-distribution-method::openelisglobal
Oct 08, 2026 8:55:13 AM liquibase.changelog
INFO: Custom SQL executed
Oct 08, 2026 8:55:13 AM liquibase.changelog
INFO: ChangeSet liquibase/qa/034-eqa-cycle-distribution-method.xml::qa-065-check-eqa-cycle-distribution-method::openelisglobal ran successfully in 1ms
Running Changeset: liquibase/qa/035-eqa-cycle-participant.xml::qa-066-create-eqa-cycle-participant::openelisglobal
Oct 08, 2026 8:55:13 AM liquibase.changelog
INFO: Sequence eqa_cycle_participant_seq created
Oct 08, 2026 8:55:13 AM liquibase.changelog
INFO: Table eqa_cycle_participant created
Oct 08, 2026 8:55:13 AM liquibase.changelog
INFO: Unique constraint added to eqa_cycle_participant(cycle_id, organization_id)
Oct 08, 2026 8:55:13 AM liquibase.changelog
INFO: Foreign key constraint added to eqa_cycle_participant (cycle_id)
Oct 08, 2026 8:55:13 AM liquibase.changelog
INFO: Foreign key constraint added to eqa_cycle_participant (organization_id)
Oct 08, 2026 8:55:13 AM liquibase.changelog
INFO: Custom SQL executed
Oct 08, 2026 8:55:13 AM liquibase.changelog
INFO: Index idx_eqa_cycle_participant_cycle created
Oct 08, 2026 8:55:13 AM liquibase.changelog
INFO: ChangeSet liquibase/qa/035-eqa-cycle-participant.xml::qa-066-create-eqa-cycle-participant::openelisglobal ran successfully in 21ms
Running Changeset: liquibase/qa/035-eqa-cycle-participant.xml::qa-067-activate-eqa-provider-menu::openelisglobal
Oct 08, 2026 8:55:13 AM liquibase.changelog
INFO: Data updated in menu
Oct 08, 2026 8:55:13 AM liquibase.changelog
INFO: ChangeSet liquibase/qa/035-eqa-cycle-participant.xml::qa-067-activate-eqa-provider-menu::openelisglobal ran successfully in 1ms
Running Changeset: liquibase/qa/036-eqa-box-contents.xml::qa-068-box-sample-item-eqa-panel-sample::openelisglobal
Oct 08, 2026 8:55:13 AM liquibase.changelog
INFO: Columns eqa_panel_sample_id(numeric(10,0)) added to box_sample_item
Oct 08, 2026 8:55:13 AM liquibase.changelog
INFO: Null constraint dropped from box_sample_item.sample_item_id
Oct 08, 2026 8:55:13 AM liquibase.changelog
INFO: Foreign key constraint added to box_sample_item (eqa_panel_sample_id)
Oct 08, 2026 8:55:13 AM liquibase.changelog
INFO: Index idx_box_sample_item_eqa_panel_sample created
Oct 08, 2026 8:55:13 AM liquibase.changelog
INFO: Custom SQL executed
Oct 08, 2026 8:55:13 AM liquibase.changelog
INFO: ChangeSet liquibase/qa/036-eqa-box-contents.xml::qa-068-box-sample-item-eqa-panel-sample::openelisglobal ran successfully in 4ms
Running Changeset: liquibase/qa/036-eqa-box-contents.xml::qa-069-shipping-box-imported-contents::openelisglobal
Oct 08, 2026 8:55:13 AM liquibase.changelog
INFO: Columns imported_contents(TEXT) added to shipping_box
Oct 08, 2026 8:55:13 AM liquibase.changelog
INFO: ChangeSet liquibase/qa/036-eqa-box-contents.xml::qa-069-shipping-box-imported-contents::openelisglobal ran successfully in 2ms
Running Changeset: liquibase/qa/037-eqa-scheme-per-analyst.xml::qa-070-add-eqa-program-per-analyst::openelisglobal
Oct 08, 2026 8:55:13 AM liquibase.changelog
INFO: Columns per_analyst(BOOLEAN) added to eqa_program
Oct 08, 2026 8:55:13 AM liquibase.changelog
INFO: ChangeSet liquibase/qa/037-eqa-scheme-per-analyst.xml::qa-070-add-eqa-program-per-analyst::openelisglobal ran successfully in 2ms
Running Changeset: liquibase/qa/037-eqa-scheme-per-analyst.xml::qa-071-activate-menu-eqa-analyst-competency::openelisglobal
Oct 08, 2026 8:55:13 AM liquibase.changelog
INFO: Data updated in menu
Oct 08, 2026 8:55:13 AM liquibase.changelog
INFO: ChangeSet liquibase/qa/037-eqa-scheme-per-analyst.xml::qa-071-activate-menu-eqa-analyst-competency::openelisglobal ran successfully in 1ms
Running Changeset: liquibase/qa/022-backfill-v1-distribution-cycles.xml::qa-072-add-v1-backfill-trigger-event::openelisglobal
Oct 08, 2026 8:55:13 AM liquibase.changelog
INFO: Custom SQL executed
Oct 08, 2026 8:55:13 AM liquibase.changelog
INFO: ChangeSet liquibase/qa/022-backfill-v1-distribution-cycles.xml::qa-072-add-v1-backfill-trigger-event::openelisglobal ran successfully in 3ms
Running Changeset: liquibase/qa/022-backfill-v1-distribution-cycles.xml::qa-075-warn-active-v1-distributions::openelisglobal
Oct 08, 2026 8:55:13 AM liquibase.changelog
INFO: ChangeSet liquibase/qa/022-backfill-v1-distribution-cycles.xml::qa-075-warn-active-v1-distributions::openelisglobal ran successfully in 0ms
Running Changeset: liquibase/qa/022-backfill-v1-distribution-cycles.xml::qa-073-backfill-v1-distribution-cycles::openelisglobal
Oct 08, 2026 8:55:13 AM liquibase.changelog
INFO: SQL in file 022-v1-distribution-cycle-backfill.sql executed
Oct 08, 2026 8:55:13 AM liquibase.changelog
INFO: ChangeSet liquibase/qa/022-backfill-v1-distribution-cycles.xml::qa-073-backfill-v1-distribution-cycles::openelisglobal ran successfully in 3ms
Running Changeset: liquibase/qa/022-backfill-v1-distribution-cycles.xml::qa-074-deactivate-superseded-eqa-menus::openelisglobal
Oct 08, 2026 8:55:13 AM liquibase.changelog
INFO: Data updated in menu
Oct 08, 2026 8:55:13 AM liquibase.changelog
INFO: ChangeSet liquibase/qa/022-backfill-v1-distribution-cycles.xml::qa-074-deactivate-superseded-eqa-menus::openelisglobal ran successfully in 1ms
Running Changeset: liquibase/qa/022-backfill-v1-distribution-cycles.xml::qa-076-flatten-eqa-tests-menu-group::openelisglobal
Oct 08, 2026 8:55:13 AM liquibase.changelog
INFO: Data updated in menu
Oct 08, 2026 8:55:13 AM liquibase.changelog
INFO: Data updated in menu
Oct 08, 2026 8:55:13 AM liquibase.changelog
INFO: ChangeSet liquibase/qa/022-backfill-v1-distribution-cycles.xml::qa-076-flatten-eqa-tests-menu-group::openelisglobal ran successfully in 2ms
Running Changeset: liquibase/qa/038-eqa-panel-receipt-shipping-box.xml::qa-077-eqa-panel-receipt-shipping-box::openelisglobal
Oct 08, 2026 8:55:13 AM liquibase.changelog
INFO: Columns shipping_box_id(INTEGER) added to eqa_panel_receipt
Oct 08, 2026 8:55:13 AM liquibase.changelog
INFO: Foreign key constraint added to eqa_panel_receipt (shipping_box_id)
Oct 08, 2026 8:55:13 AM liquibase.changelog
INFO: Index idx_eqa_panel_receipt_shipping_box created
Oct 08, 2026 8:55:13 AM liquibase.changelog
INFO: ChangeSet liquibase/qa/038-eqa-panel-receipt-shipping-box.xml::qa-077-eqa-panel-receipt-shipping-box::openelisglobal ran successfully in 4ms
Running Changeset: liquibase/qa/039-eqa-result-text.xml::qa-078-eqa-result-text::openelisglobal
Oct 08, 2026 8:55:13 AM liquibase.changelog
INFO: Columns result_text(VARCHAR(255)) added to eqa_result
Oct 08, 2026 8:55:13 AM liquibase.changelog
INFO: ChangeSet liquibase/qa/039-eqa-result-text.xml::qa-078-eqa-result-text::openelisglobal ran successfully in 1ms
Running Changeset: liquibase/qa/042-eqa-lab-enrollment-status.xml::qa-081-eqa-lab-enrollment-status::openelisglobal
Oct 08, 2026 8:55:13 AM liquibase.changelog
INFO: Columns status(VARCHAR(20)),status_reason(TEXT),status_effective_date(DATE),status_changed_date(TIMESTAMP),status_changed_by(numeric(10,0)) added to eqa_lab_program_enrollment
Oct 08, 2026 8:55:13 AM liquibase.changelog
INFO: Data updated in eqa_lab_program_enrollment
Oct 08, 2026 8:55:13 AM liquibase.changelog
INFO: ChangeSet liquibase/qa/042-eqa-lab-enrollment-status.xml::qa-081-eqa-lab-enrollment-status::openelisglobal ran successfully in 4ms
Running Changeset: liquibase/qa/042-eqa-lab-enrollment-status.xml::qa-081-register-lab-enrollment-audit-ref-table::openelisglobal
Oct 08, 2026 8:55:13 AM liquibase.changelog
INFO: New row inserted into reference_tables
Oct 08, 2026 8:55:13 AM liquibase.changelog
INFO: ChangeSet liquibase/qa/042-eqa-lab-enrollment-status.xml::qa-081-register-lab-enrollment-audit-ref-table::openelisglobal ran successfully in 2ms
Running Changeset: liquibase/qa/043-eqa-provider-followup-menu.xml::qa-082-add-menu-eqa-provider-followups::openelisglobal
Oct 08, 2026 8:55:13 AM liquibase.changelog
INFO: New row inserted into menu
Oct 08, 2026 8:55:13 AM liquibase.changelog
INFO: ChangeSet liquibase/qa/043-eqa-provider-followup-menu.xml::qa-082-add-menu-eqa-provider-followups::openelisglobal ran successfully in 1ms
Running Changeset: liquibase/qa/044-retire-v1-eqa-results-menu.xml::qa-083-deactivate-eqa-mgmt-results-menu::openelisglobal
Oct 08, 2026 8:55:13 AM liquibase.changelog
INFO: Data updated in menu
Oct 08, 2026 8:55:13 AM liquibase.changelog
INFO: ChangeSet liquibase/qa/044-retire-v1-eqa-results-menu.xml::qa-083-deactivate-eqa-mgmt-results-menu::openelisglobal ran successfully in 1ms
Running Changeset: liquibase/qa/047-eqa-result-panel-sample.xml::qa-086-add-eqa-result-panel-sample::openelisglobal
Oct 08, 2026 8:55:13 AM liquibase.changelog
INFO: Columns eqa_panel_sample_id(numeric(10,0)) added to eqa_result
Oct 08, 2026 8:55:13 AM liquibase.changelog
INFO: Foreign key constraint added to eqa_result (eqa_panel_sample_id)
Oct 08, 2026 8:55:13 AM liquibase.changelog
INFO: ChangeSet liquibase/qa/047-eqa-result-panel-sample.xml::qa-086-add-eqa-result-panel-sample::openelisglobal ran successfully in 4ms
Running Changeset: liquibase/qa/047-eqa-result-panel-sample.xml::qa-087-split-eqa-result-uniqueness::openelisglobal
Oct 08, 2026 8:55:13 AM liquibase.changelog
INFO: Custom SQL executed
Oct 08, 2026 8:55:13 AM liquibase.changelog
INFO: ChangeSet liquibase/qa/047-eqa-result-panel-sample.xml::qa-087-split-eqa-result-uniqueness::openelisglobal ran successfully in 3ms
Running Changeset: liquibase/qa/047-eqa-result-panel-sample.xml::qa-088-add-participant-result-provider-sample::openelisglobal
Oct 08, 2026 8:55:13 AM liquibase.changelog
INFO: Columns provider_sample_code(varchar(100)),provider_target(varchar(255)) added to eqa_participant_result
Oct 08, 2026 8:55:13 AM liquibase.changelog
INFO: ChangeSet liquibase/qa/047-eqa-result-panel-sample.xml::qa-088-add-participant-result-provider-sample::openelisglobal ran successfully in 3ms
Running Changeset: liquibase/qa/047-eqa-result-panel-sample.xml::qa-089-participant-result-unique-per-provider-sample::openelisglobal
Oct 08, 2026 8:55:13 AM liquibase.changelog
INFO: Custom SQL executed
Oct 08, 2026 8:55:13 AM liquibase.changelog
INFO: ChangeSet liquibase/qa/047-eqa-result-panel-sample.xml::qa-089-participant-result-unique-per-provider-sample::openelisglobal ran successfully in 3ms
Running Changeset: liquibase/qa/045-alert-type-union.xml::qa-084-alert-type-union::openelisglobal
Oct 08, 2026 8:55:13 AM liquibase.changelog
INFO: Custom SQL executed
Oct 08, 2026 8:55:13 AM liquibase.changelog
INFO: ChangeSet liquibase/qa/045-alert-type-union.xml::qa-084-alert-type-union::openelisglobal ran successfully in 2ms
Running Changeset: liquibase/qa/048-eqa-followup-response-notes.xml::qa-090-eqa-followup-response-notes::openelisglobal
Oct 08, 2026 8:55:13 AM liquibase.changelog
INFO: Columns response_notes(TEXT) added to eqa_participant_followup
Oct 08, 2026 8:55:13 AM liquibase.changelog
INFO: ChangeSet liquibase/qa/048-eqa-followup-response-notes.xml::qa-090-eqa-followup-response-notes::openelisglobal ran successfully in 2ms
Oct 08, 2026 8:55:13 AM liquibase.lockservice
INFO: Successfully released change log lock
08 Oct 2026 08:55:21 -- ERROR -- Class: ReportingWorker, Method: checkOutput, Error: Custom Data Export cannot write files to its export directory; every export will fail until the directory is writable by the application user (reporting.export.directory)
08 Oct 2026 08:55:21 -- ERROR -- Class: ReportingWorker, Method: checkOutput, Error: Custom Data Export cannot write files to its export directory; every export will fail until the directory is writable by the application user (reporting.export.directory)
08 Oct 2026 08:55:23 -- ERROR -- Class: , Method: createReflexedAnalysis, Error: REFLEX BLOCKED: test &#39;MicroCatalogIT be149068ba&#39; (id 387) was not generated because its lab unit &#39;Biochemistry&#39; is inactive. Reactivate it, or reassign the test, to restore this reflex.
08 Oct 2026 08:55:23 -- ERROR -- Class: , Method: createReflexedAnalysis, Error: REFLEX BLOCKED: test &#39;MicroCatalogIT be149068ba&#39; (id 387) was not generated because its lab unit &#39;Biochemistry&#39; is inactive. Reactivate it, or reassign the test, to restore this reflex.
08 Oct 2026 08:55:23 -- ERROR -- Class: , Method: createReflexedAnalysis, Error: REFLEX BLOCKED: test &#39;MicroCatalogIT ad228b0aa5&#39; (id 391) was not generated because its lab unit &#39;Reflex unit f93a884c&#39; is inactive. Reactivate it, or reassign the test, to restore this reflex.
08 Oct 2026 08:55:23 -- ERROR -- Class: , Method: createReflexedAnalysis, Error: REFLEX BLOCKED: test &#39;MicroCatalogIT ad228b0aa5&#39; (id 391) was not generated because its lab unit &#39;Reflex unit f93a884c&#39; is inactive. Reactivate it, or reassign the test, to restore this reflex.
[INFO] Tests run: 10, Failures: 0, Errors: 0, Skipped: 0, Time elapsed: 28.11 s -- in org.openelisglobal.microbiology.MicroOrderRoutingIntegrationTest
[INFO] 
[INFO] Results:
[INFO] 
[INFO] Tests run: 30, Failures: 0, Errors: 0, Skipped: 0
[INFO] 
[INFO] ------------------------------------------------------------------------
[INFO] BUILD SUCCESS
[INFO] ------------------------------------------------------------------------
[INFO] Total time:  52.960 s
[INFO] Finished at: 2026-10-08T08:55:24-07:00
[INFO] ------------------------------------------------------------------------
